src/architecture/langgraph/LangGraphEngineCore.ts(17,14): error TS2415: Class 'LangGraphEngineCore' incorrectly extends base class 'ComponentCore'.
  Property 'config' is private in type 'LangGraphEngineCore' but not in type 'ComponentCore'.
src/architecture/langgraph/LangGraphEngineFacade.ts(15,5): error TS2322: Type 'LangGraphEngineCore' is not assignable to type 'ComponentCore'.
  Property 'config' is private in type 'LangGraphEngineCore' but not in type 'ComponentCore'.
src/architecture/langgraph/monitoring/fsm/DashboardBaseFSM.ts(25,9): error TS2353: Object literal may only specify known properties, and '[DashboardState.IDLE]' does not exist in type 'StateDefinition[]'.
src/architecture/langgraph/monitoring/fsm/DashboardBaseFSM.ts(51,9): error TS2353: Object literal may only specify known properties, and '[DashboardState.IDLE]' does not exist in type 'TransitionDefinition[]'.
src/architecture/langgraph/monitoring/StateMonitoringDashboardFacade.ts(21,41): error TS2355: A function whose declared type is neither 'undefined', 'void', nor 'any' must return a value.
src/architecture/langgraph/queen/core/QueenCoordinator.ts(8,34): error TS2307: Cannot find module '../state-machines/PrincessStateMachine' or its corresponding type declarations.
src/architecture/langgraph/queen/core/QueenCoordinator.ts(121,49): error TS2339: Property 'getUtilizationSummary' does not exist on type 'ResourceManager'.
src/architecture/langgraph/queen/core/QueenCoordinator.ts(164,38): error TS7006: Parameter 'oldState' implicitly has an 'any' type.
src/architecture/langgraph/queen/core/QueenCoordinator.ts(164,48): error TS7006: Parameter 'newState' implicitly has an 'any' type.
src/architecture/langgraph/queen/core/QueenCoordinator.ts(168,39): error TS7006: Parameter 'taskId' implicitly has an 'any' type.
src/architecture/langgraph/queen/core/QueenCoordinator.ts(168,47): error TS7006: Parameter 'result' implicitly has an 'any' type.
src/architecture/langgraph/queen/core/QueenCoordinator.ts(172,31): error TS7006: Parameter 'error' implicitly has an 'any' type.
src/architecture/langgraph/queen/managers/ExecutionManager.ts(103,9): error TS2322: Type 'ExecutionPlan | undefined' is not assignable to type 'ExecutionPlan'.
  Type 'undefined' is not assignable to type 'ExecutionPlan'.
src/architecture/langgraph/queen/managers/ResourceManager.ts(8,8): error TS1192: Module '"C:/Users/17175/Desktop/spek template/src/architecture/langgraph/state-machines/PrincessStateMachine"' has no default export.
src/architecture/langgraph/queen/managers/ResourceManager.ts(43,56): error TS7006: Parameter 'cap' implicitly has an 'any' type.
src/architecture/langgraph/queen/QueenOrchestrator.ts(11,8): error TS2613: Module '"C:/Users/17175/Desktop/spek template/src/architecture/langgraph/LangGraphEngine"' has no default export. Did you mean to use 'import { LangGraphEngine } from "C:/Users/17175/Desktop/spek template/src/architecture/langgraph/LangGraphEngine"' instead?
src/architecture/langgraph/queen/QueenOrchestrator.ts(15,8): error TS1192: Module '"C:/Users/17175/Desktop/spek template/src/architecture/langgraph/state-machines/PrincessStateMachine"' has no default export.
src/architecture/langgraph/queen/QueenOrchestrator.ts(117,10): error TS2339: Property 'initializeQueenOrchestration' does not exist on type 'QueenOrchestrator'.
src/architecture/langgraph/queen/QueenOrchestrator.ts(125,10): error TS2339: Property 'transitionToState' does not exist on type 'QueenOrchestrator'.
src/architecture/langgraph/queen/QueenOrchestrator.ts(132,12): error TS2339: Property 'transitionToState' does not exist on type 'QueenOrchestrator'.
src/architecture/langgraph/queen/QueenOrchestrator.ts(135,12): error TS2339: Property 'transitionToState' does not exist on type 'QueenOrchestrator'.
src/architecture/langgraph/queen/QueenOrchestrator.ts(145,10): error TS2339: Property 'transitionToState' does not exist on type 'QueenOrchestrator'.
src/architecture/langgraph/queen/QueenOrchestrator.ts(151,12): error TS2339: Property 'transitionToState' does not exist on type 'QueenOrchestrator'.
src/architecture/langgraph/queen/QueenOrchestrator.ts(152,12): error TS2339: Property 'updateMetrics' does not exist on type 'QueenOrchestrator'.
src/architecture/langgraph/queen/QueenOrchestrator.ts(157,12): error TS2339: Property 'transitionToState' does not exist on type 'QueenOrchestrator'.
src/architecture/langgraph/queen/QueenOrchestrator.ts(167,10): error TS2339: Property 'transitionToState' does not exist on type 'QueenOrchestrator'.
src/architecture/langgraph/queen/QueenOrchestrator.ts(186,12): error TS2339: Property 'transitionToState' does not exist on type 'QueenOrchestrator'.
src/architecture/langgraph/queen/QueenOrchestrator.ts(191,12): error TS2339: Property 'transitionToState' does not exist on type 'QueenOrchestrator'.
src/architecture/langgraph/queen/QueenOrchestrator.ts(201,10): error TS2339: Property 'transitionToState' does not exist on type 'QueenOrchestrator'.
src/architecture/langgraph/queen/QueenOrchestrator.ts(213,12): error TS2339: Property 'transitionToState' does not exist on type 'QueenOrchestrator'.
src/architecture/langgraph/queen/QueenOrchestrator.ts(218,12): error TS2339: Property 'transitionToState' does not exist on type 'QueenOrchestrator'.
src/architecture/langgraph/queen/QueenOrchestrator.ts(228,10): error TS2339: Property 'transitionToState' does not exist on type 'QueenOrchestrator'.
src/architecture/langgraph/queen/QueenOrchestrator.ts(239,12): error TS2339: Property 'transitionToState' does not exist on type 'QueenOrchestrator'.
src/architecture/langgraph/queen/QueenOrchestrator.ts(244,12): error TS2339: Property 'transitionToState' does not exist on type 'QueenOrchestrator'.
src/architecture/langgraph/queen/QueenOrchestrator.ts(258,10): error TS2339: Property 'transitionToState' does not exist on type 'QueenOrchestrator'.
src/architecture/langgraph/queen/QueenOrchestrator.ts(264,12): error TS2339: Property 'transitionToState' does not exist on type 'QueenOrchestrator'.
src/architecture/langgraph/queen/QueenOrchestrator.ts(269,12): error TS2339: Property 'transitionToState' does not exist on type 'QueenOrchestrator'.
src/architecture/langgraph/queen/QueenOrchestrator.ts(285,10): error TS2339: Property 'updateMetrics' does not exist on type 'QueenOrchestrator'.
src/architecture/langgraph/queen/QueenOrchestrator.ts(305,10): error TS2339: Property 'transitionToState' does not exist on type 'QueenOrchestrator'.
src/architecture/langgraph/queen/QueenOrchestrator.ts(328,12): error TS2339: Property 'transitionToState' does not exist on type 'QueenOrchestrator'.
src/architecture/langgraph/queen/QueenOrchestrator.ts(333,12): error TS2339: Property 'transitionToState' does not exist on type 'QueenOrchestrator'.
src/architecture/langgraph/state-machines/research/ResearchStateMachineFacade.ts(18,8): error TS1192: Module '"C:/Users/17175/Desktop/spek template/src/architecture/langgraph/state-machines/PrincessStateMachine"' has no default export.
src/architecture/langgraph/state-machines/research/ResearchStateMachineFacade.ts(69,7): error TS2322: Type '{ name: string; version: string; }[]' is not assignable to type 'string[]'.
  Type '{ name: string; version: string; }' is not assignable to type 'string'.
src/architecture/langgraph/state-machines/research/ResearchStateMachineFacade.ts(172,16): error TS2352: Conversion of type 'string[] | undefined' to type 'SearchResult[]' may be a mistake because neither type sufficiently overlaps with the other. If this was intentional, convert the expression to 'unknown' first.
  Type 'string[]' is not comparable to type 'SearchResult[]'.
    Type 'string' is not comparable to type 'SearchResult'.
src/architecture/langgraph/state-machines/research/ResearchStateMachineFacade.ts(271,32): error TS2345: Argument of type 'string | undefined' is not assignable to parameter of type 'string'.
  Type 'undefined' is not assignable to type 'string'.
src/architecture/langgraph/state-machines/research/ResearchStateMachineFacade.ts(317,16): error TS2551: Property 'transition' does not exist on type 'ResearchStateMachine'. Did you mean 'transitionHub'?
src/architecture/langgraph/StateGraphFacade.ts(97,17): error TS2551: Property '_initialNodeId' does not exist on type 'StateGraphConfig'. Did you mean 'initialNodeId'?
src/architecture/langgraph/StateGraphFacade.ts(103,29): error TS2663: Cannot find name '_config'. Did you mean the instance member 'this._config'?
src/architecture/langgraph/StateGraphFacade.ts(110,33): error TS2551: Property '_edges' does not exist on type 'StateGraphConfig'. Did you mean 'edges'?
src/architecture/langgraph/StateGraphFacade.ts(119,38): error TS2551: Property '_initialNodeId' does not exist on type 'StateGraphConfig'. Did you mean 'initialNodeId'?
src/architecture/langgraph/StateGraphFacade.ts(146,11): error TS2552: Cannot find name 'path'. Did you mean '_path'?
src/architecture/langgraph/StateGraphFacade.ts(149,38): error TS2552: Cannot find name 'path'. Did you mean '_path'?
src/architecture/langgraph/StateGraphFacade.ts(150,59): error TS2552: Cannot find name 'path'. Did you mean '_path'?
src/architecture/langgraph/StateGraphFacade.ts(154,9): error TS2552: Cannot find name 'path'. Did you mean '_path'?
src/architecture/langgraph/StateGraphFacade.ts(155,9): error TS2322: Type 'Set<unknown>' is not assignable to type 'Set<string>'.
  Type 'unknown' is not assignable to type 'string'.
src/architecture/langgraph/StateGraphFacade.ts(157,37): error TS2552: Cannot find name 'startTime'. Did you mean '_startTime'?
src/architecture/langgraph/StateGraphFacade.ts(167,37): error TS2552: Cannot find name 'startTime'. Did you mean '_startTime'?
src/architecture/langgraph/StateGraphFacade.ts(374,21): error TS2552: Cannot find name 'edge'. Did you mean '_edge'?
src/architecture/langgraph/StateGraphFacade.ts(468,12): error TS2552: Cannot find name '_visited'. Did you mean 'visited'?
src/architecture/langgraph/StateGraphFacade.ts(495,22): error TS2552: Cannot find name 'neighbors'. Did you mean '_neighbors'?
src/architecture/langgraph/StateGraphFacade.ts(496,9): error TS2552: Cannot find name 'index'. Did you mean '_index'?
src/architecture/langgraph/StateGraphFacade.ts(497,7): error TS2304: Cannot find name 'neighbors'.
src/architecture/langgraph/StateGraphFacade.ts(497,24): error TS2304: Cannot find name 'index'.
src/architecture/langgraph/StateGraphFacade.ts(499,12): error TS2304: Cannot find name 'hasCycle'.
src/architecture/langgraph/testing/compliance/NASARule10Checker.ts(382,28): error TS2339: Property 'nasaChecker' does not exist on type 'PropertyDescriptor'.
src/architecture/langgraph/testing/FSMValidationSuite.ts(11,3): error TS2724: '"./types/ValidationFSM.types"' has no exported member named 'ValidationResult'. Did you mean 'FSMValidationResult'?
src/architecture/langgraph/testing/FSMValidationSuite.ts(12,3): error TS2724: '"./types/ValidationFSM.types"' has no exported member named 'ValidationConfig'. Did you mean 'ValidationFSMConfig'?
src/architecture/langgraph/testing/FSMValidationSuite.ts(29,14): error TS2420: Class 'FSMValidationSuite' incorrectly implements interface 'IValidationStateMachine'.
  Types of property 'initialize' are incompatible.
    Type '(() => Promise<void>) | undefined' is not assignable to type '() => Promise<void>'.
      Type 'undefined' is not assignable to type '() => Promise<void>'.
src/architecture/langgraph/testing/FSMValidationSuite.ts(31,11): error TS2564: Property 'engine' has no initializer and is not definitely assigned in the constructor.
src/architecture/langgraph/testing/FSMValidationSuite.ts(32,11): error TS2564: Property 'stateStore' has no initializer and is not definitely assigned in the constructor.
src/architecture/langgraph/testing/FSMValidationSuite.ts(33,11): error TS2564: Property 'orchestrator' has no initializer and is not definitely assigned in the constructor.
src/architecture/langgraph/testing/FSMValidationSuite.ts(34,11): error TS2564: Property 'messageRouter' has no initializer and is not definitely assigned in the constructor.
src/architecture/langgraph/testing/FSMValidationSuite.ts(35,11): error TS2564: Property 'eventBus' has no initializer and is not definitely assigned in the constructor.
src/architecture/langgraph/testing/FSMValidationSuite.ts(67,56): error TS2554: Expected 0 arguments, but got 1.
src/architecture/langgraph/testing/FSMValidationSuite.ts(85,73): error TS2339: Property 'INITIALIZING' does not exist on type 'typeof ValidationState'.
src/architecture/langgraph/testing/FSMValidationSuite.ts(88,24): error TS2339: Property 'initializeComponent' does not exist on type 'BoundsManager'.
src/architecture/langgraph/testing/FSMValidationSuite.ts(98,31): error TS2339: Property 'initialize' does not exist on type 'LangGraphEngineFacade'.
src/architecture/langgraph/testing/FSMValidationSuite.ts(102,19): error TS2722: Cannot invoke an object which is possibly 'undefined'.
src/architecture/langgraph/testing/FSMValidationSuite.ts(105,33): error TS2554: Expected 1 arguments, but got 0.
src/architecture/langgraph/testing/FSMValidationSuite.ts(113,19): error TS2722: Cannot invoke an object which is possibly 'undefined'.
src/architecture/langgraph/testing/FSMValidationSuite.ts(151,38): error TS2551: Property 'validateAndTransition' does not exist on type 'TransitionValidator'. Did you mean 'isValidTransition'?
src/architecture/langgraph/testing/FSMValidationSuite.ts(162,53): error TS2345: Argument of type 'import("C:/Users/17175/Desktop/spek template/src/architecture/langgraph/testing/types/ValidationFSM.types").ValidationState' is not assignable to parameter of type 'import("C:/Users/17175/Desktop/spek template/src/architecture/langgraph/testing/ValidationSuite").ValidationState'.
  Each declaration of 'ValidationState.IDLE' differs in its value, where '"idle"' was expected but '"IDLE"' was given.
src/architecture/langgraph/testing/FSMValidationSuite.ts(175,43): error TS2339: Property 'ERROR' does not exist on type 'typeof ValidationState'.
src/architecture/langgraph/testing/FSMValidationSuite.ts(188,77): error TS2339: Property 'INITIALIZING' does not exist on type 'typeof ValidationState'.
src/architecture/langgraph/testing/FSMValidationSuite.ts(189,27): error TS2339: Property 'INITIALIZING' does not exist on type 'typeof ValidationState'.
src/architecture/langgraph/testing/FSMValidationSuite.ts(189,59): error TS2339: Property 'CORE_COMPLETE' does not exist on type 'typeof ValidationEvent'.
src/architecture/langgraph/testing/FSMValidationSuite.ts(189,93): error TS2339: Property 'RUNNING_CORE' does not exist on type 'typeof ValidationState'.
src/architecture/langgraph/testing/FSMValidationSuite.ts(190,27): error TS2339: Property 'RUNNING_CORE' does not exist on type 'typeof ValidationState'.
src/architecture/langgraph/testing/FSMValidationSuite.ts(190,59): error TS2339: Property 'STATE_MACHINES_COMPLETE' does not exist on type 'typeof ValidationEvent'.
src/architecture/langgraph/testing/FSMValidationSuite.ts(190,103): error TS2339: Property 'RUNNING_STATE_MACHINES' does not exist on type 'typeof ValidationState'.
src/architecture/langgraph/testing/FSMValidationSuite.ts(191,27): error TS2339: Property 'RUNNING_STATE_MACHINES' does not exist on type 'typeof ValidationState'.
src/architecture/langgraph/testing/FSMValidationSuite.ts(191,69): error TS2339: Property 'INTEGRATION_COMPLETE' does not exist on type 'typeof ValidationEvent'.
src/architecture/langgraph/testing/FSMValidationSuite.ts(191,110): error TS2339: Property 'RUNNING_INTEGRATION' does not exist on type 'typeof ValidationState'.
src/architecture/langgraph/testing/FSMValidationSuite.ts(192,27): error TS2339: Property 'RUNNING_INTEGRATION' does not exist on type 'typeof ValidationState'.
src/architecture/langgraph/testing/FSMValidationSuite.ts(192,66): error TS2339: Property 'EDGE_CASES_COMPLETE' does not exist on type 'typeof ValidationEvent'.
src/architecture/langgraph/testing/FSMValidationSuite.ts(192,106): error TS2339: Property 'RUNNING_EDGE_CASES' does not exist on type 'typeof ValidationState'.
src/architecture/langgraph/testing/FSMValidationSuite.ts(193,27): error TS2339: Property 'RUNNING_EDGE_CASES' does not exist on type 'typeof ValidationState'.
src/architecture/langgraph/testing/FSMValidationSuite.ts(193,65): error TS2339: Property 'RECOVERY_COMPLETE' does not exist on type 'typeof ValidationEvent'.
src/architecture/langgraph/testing/FSMValidationSuite.ts(193,103): error TS2339: Property 'RUNNING_RECOVERY' does not exist on type 'typeof ValidationState'.
src/architecture/langgraph/testing/FSMValidationSuite.ts(194,27): error TS2339: Property 'RUNNING_RECOVERY' does not exist on type 'typeof ValidationState'.
src/architecture/langgraph/testing/FSMValidationSuite.ts(194,63): error TS2339: Property 'CONCURRENCY_COMPLETE' does not exist on type 'typeof ValidationEvent'.
src/architecture/langgraph/testing/FSMValidationSuite.ts(194,104): error TS2339: Property 'RUNNING_CONCURRENCY' does not exist on type 'typeof ValidationState'.
src/architecture/langgraph/testing/FSMValidationSuite.ts(195,27): error TS2339: Property 'RUNNING_CONCURRENCY' does not exist on type 'typeof ValidationState'.
src/architecture/langgraph/testing/FSMValidationSuite.ts(195,66): error TS2339: Property 'CLEANUP_REQUESTED' does not exist on type 'typeof ValidationEvent'.
src/architecture/langgraph/testing/FSMValidationSuite.ts(195,104): error TS2339: Property 'COMPLETED' does not exist on type 'typeof ValidationState'.
src/architecture/langgraph/testing/FSMValidationSuite.ts(196,27): error TS2339: Property 'ERROR' does not exist on type 'typeof ValidationState'.
src/architecture/langgraph/testing/FSMValidationSuite.ts(196,52): error TS2339: Property 'CLEANUP_REQUESTED' does not exist on type 'typeof ValidationEvent'.
src/architecture/langgraph/testing/FSMValidationSuite.ts(196,90): error TS2339: Property 'CLEANUP' does not exist on type 'typeof ValidationState'.
src/architecture/langgraph/testing/FSMValidationSuite.ts(197,27): error TS2339: Property 'COMPLETED' does not exist on type 'typeof ValidationState'.
src/architecture/langgraph/testing/FSMValidationSuite.ts(197,56): error TS2339: Property 'CLEANUP_REQUESTED' does not exist on type 'typeof ValidationEvent'.
src/architecture/langgraph/testing/FSMValidationSuite.ts(197,94): error TS2339: Property 'CLEANUP' does not exist on type 'typeof ValidationState'.
src/architecture/langgraph/testing/FSMValidationSuite.ts(198,27): error TS2339: Property 'CLEANUP' does not exist on type 'typeof ValidationState'.
src/architecture/langgraph/testing/FSMValidationSuite.ts(202,55): error TS2339: Property 'ERROR' does not exist on type 'typeof ValidationState'.
src/architecture/langgraph/testing/FSMValidationSuite.ts(217,15): error TS2722: Cannot invoke an object which is possibly 'undefined'.
src/architecture/langgraph/testing/FSMValidationSuite.ts(222,49): error TS2339: Property 'CORE_COMPLETE' does not exist on type 'typeof ValidationEvent'.
src/architecture/langgraph/testing/FSMValidationSuite.ts(223,59): error TS2339: Property 'STATE_MACHINES_COMPLETE' does not exist on type 'typeof ValidationEvent'.
src/architecture/langgraph/testing/FSMValidationSuite.ts(224,56): error TS2339: Property 'INTEGRATION_COMPLETE' does not exist on type 'typeof ValidationEvent'.
src/architecture/langgraph/testing/FSMValidationSuite.ts(225,55): error TS2339: Property 'EDGE_CASES_COMPLETE' does not exist on type 'typeof ValidationEvent'.
src/architecture/langgraph/testing/FSMValidationSuite.ts(226,53): error TS2339: Property 'RECOVERY_COMPLETE' does not exist on type 'typeof ValidationEvent'.
src/architecture/langgraph/testing/FSMValidationSuite.ts(227,56): error TS2339: Property 'CONCURRENCY_COMPLETE' does not exist on type 'typeof ValidationEvent'.
src/architecture/langgraph/testing/FSMValidationSuite.ts(244,52): error TS2339: Property 'CLEANUP_REQUESTED' does not exist on type 'typeof ValidationEvent'.
src/architecture/langgraph/testing/FSMValidationSuite.ts(255,52): error TS2339: Property 'ERROR_OCCURRED' does not exist on type 'typeof ValidationEvent'.
src/architecture/langgraph/testing/FSMValidationSuite.ts(256,52): error TS2339: Property 'CLEANUP_REQUESTED' does not exist on type 'typeof ValidationEvent'.
src/architecture/langgraph/testing/FSMValidationSuite.ts(389,35): error TS2551: Property 'setState' does not exist on type 'StateStore'. Did you mean 'getState'?
src/architecture/langgraph/testing/FSMValidationSuite.ts(420,56): error TS2339: Property 'ERROR' does not exist on type 'typeof ValidationState'.
src/architecture/langgraph/testing/FSMValidationSuite.ts(542,47): error TS2339: Property 'CLEANUP' does not exist on type 'typeof ValidationState'.
src/architecture/langgraph/testing/FSMValidationSuite.ts(543,52): error TS2339: Property 'CLEANUP_REQUESTED' does not exist on type 'typeof ValidationEvent'.
src/architecture/langgraph/testing/FSMValidationSuite.ts(549,15): error TS2722: Cannot invoke an object which is possibly 'undefined'.
src/architecture/langgraph/testing/FSMValidationSuite.ts(551,15): error TS2722: Cannot invoke an object which is possibly 'undefined'.
src/architecture/langgraph/workflows/optimization/WorkflowOptimizer.ts(31,45): error TS2339: Property 'type' does not exist on type 'WorkflowOptimizationSuggestion'.
src/architecture/langgraph/workflows/optimization/WorkflowOptimizer.ts(55,30): error TS2339: Property 'type' does not exist on type 'WorkflowStateDefinition'.
src/architecture/langgraph/workflows/optimization/WorkflowOptimizer.ts(55,62): error TS2339: Property 'type' does not exist on type 'WorkflowStateDefinition'.
src/architecture/langgraph/workflows/optimization/WorkflowOptimizer.ts(73,28): error TS2339: Property 'stateExecutionTimes' does not exist on type 'WorkflowExecutionMetrics'.
src/architecture/langgraph/workflows/optimization/WorkflowOptimizer.ts(76,50): error TS2339: Property 'stateExecutionTimes' does not exist on type 'WorkflowExecutionMetrics'.
src/architecture/langgraph/workflows/optimization/WorkflowOptimizer.ts(85,11): error TS2353: Object literal may only specify known properties, and 'performance' does not exist in type '{ metric: string; before: number; after: number; unit: string; }'.
src/architecture/langgraph/workflows/optimization/WorkflowOptimizer.ts(93,45): error TS2339: Property 'type' does not exist on type 'WorkflowOptimizationSuggestion'.
src/architecture/langgraph/workflows/optimization/WorkflowOptimizer.ts(104,28): error TS2339: Property 'stateExecutionTimes' does not exist on type 'WorkflowExecutionMetrics'.
src/architecture/langgraph/workflows/optimization/WorkflowOptimizer.ts(107,51): error TS2339: Property 'stateExecutionTimes' does not exist on type 'WorkflowExecutionMetrics'.
src/architecture/langgraph/workflows/optimization/WorkflowOptimizer.ts(117,11): error TS2353: Object literal may only specify known properties, and 'performance' does not exist in type '{ metric: string; before: number; after: number; unit: string; }'.
src/architecture/langgraph/workflows/optimization/WorkflowOptimizer.ts(136,28): error TS2339: Property 'transitionTimes' does not exist on type 'WorkflowExecutionMetrics'.
src/architecture/langgraph/workflows/optimization/WorkflowOptimizer.ts(139,37): error TS2339: Property 'transitionTimes' does not exist on type 'WorkflowExecutionMetrics'.
src/architecture/langgraph/workflows/optimization/WorkflowOptimizer.ts(152,11): error TS2353: Object literal may only specify known properties, and 'performance' does not exist in type '{ metric: string; before: number; after: number; unit: string; }'.
src/architecture/langgraph/workflows/optimization/WorkflowOptimizer.ts(181,9): error TS2353: Object literal may only specify known properties, and 'performance' does not exist in type '{ metric: string; before: number; after: number; unit: string; }'.
src/architecture/langgraph/workflows/optimization/WorkflowOptimizer.ts(188,31): error TS2339: Property 'type' does not exist on type 'WorkflowOptimizationSuggestion'.
src/architecture/langgraph/workflows/optimization/WorkflowOptimizer.ts(189,52): error TS2339: Property 'performance' does not exist on type '{ metric: string; before: number; after: number; unit: string; }'.
src/architecture/langgraph/workflows/optimization/WorkflowOptimizer.ts(208,9): error TS2353: Object literal may only specify known properties, and 'performance' does not exist in type '{ metric: string; before: number; after: number; unit: string; }'.
src/architecture/langgraph/workflows/optimization/WorkflowOptimizer.ts(215,52): error TS2339: Property 'performance' does not exist on type '{ metric: string; before: number; after: number; unit: string; }'.
src/architecture/langgraph/workflows/optimization/WorkflowOptimizer.ts(216,31): error TS2339: Property 'effort' does not exist on type 'WorkflowOptimizationSuggestion'.
src/architecture/langgraph/workflows/orchestration/WorkflowCore.ts(21,14): error TS2420: Class 'import("C:/Users/17175/Desktop/spek template/src/architecture/langgraph/workflows/orchestration/WorkflowCore").WorkflowCore' incorrectly implements interface 'import("C:/Users/17175/Desktop/spek template/src/architecture/langgraph/workflows/orchestration/WorkflowTypes").WorkflowCore'.
  Types of property 'initialize' are incompatible.
    Type '(() => Promise<void>) | undefined' is not assignable to type '() => Promise<void>'.
      Type 'undefined' is not assignable to type '() => Promise<void>'.
src/architecture/langgraph/workflows/orchestration/WorkflowExecutorFacade.ts(12,12): error TS2693: 'ExecutionContext' only refers to a type, but is being used as a value here.
src/architecture/langgraph/workflows/orchestration/WorkflowExecutorFacade.ts(20,30): error TS2304: Cannot find name 'context'.
src/architecture/langgraph/workflows/orchestration/WorkflowExecutorFacade.ts(20,51): error TS2304: Cannot find name 'context'.
src/architecture/langgraph/workflows/orchestration/WorkflowExecutorFacade.ts(23,7): error TS2304: Cannot find name 'context'.
src/architecture/langgraph/workflows/orchestration/WorkflowExecutorFacade.ts(25,7): error TS2304: Cannot find name 'context'.
src/architecture/langgraph/workflows/orchestration/WorkflowExecutorFacade.ts(26,7): error TS2304: Cannot find name 'context'.
src/architecture/langgraph/workflows/orchestration/WorkflowExecutorFacade.ts(28,12): error TS2304: Cannot find name 'context'.
src/architecture/langgraph/workflows/orchestration/WorkflowExecutorFacade.ts(41,28): error TS2339: Property 'status' does not exist on type 'ExecutionContext'.
src/architecture/langgraph/workflows/orchestration/WorkflowExecutorFacade.ts(42,15): error TS2339: Property 'status' does not exist on type 'ExecutionContext'.
src/architecture/langgraph/workflows/orchestration/WorkflowExecutorFacade.ts(52,19): error TS2339: Property 'status' does not exist on type 'ExecutionContext'.
src/architecture/langgraph/workflows/orchestration/WorkflowExecutorFacade.ts(52,53): error TS2339: Property 'status' does not exist on type 'ExecutionContext'.
src/architecture/langgraph/workflows/orchestration/WorkflowFacade.ts(8,8): error TS2613: Module '"C:/Users/17175/Desktop/spek template/src/architecture/langgraph/LangGraphEngine"' has no default export. Did you mean to use 'import { LangGraphEngine } from "C:/Users/17175/Desktop/spek template/src/architecture/langgraph/LangGraphEngine"' instead?
src/architecture/langgraph/workflows/orchestration/WorkflowFacade.ts(10,8): error TS1192: Module '"C:/Users/17175/Desktop/spek template/src/architecture/langgraph/workflows/orchestration/WorkflowExecutor"' has no default export.
src/architecture/langgraph/workflows/orchestration/WorkflowFacade.ts(11,8): error TS1192: Module '"C:/Users/17175/Desktop/spek template/src/architecture/langgraph/workflows/orchestration/WorkflowValidator"' has no default export.
src/architecture/langgraph/workflows/orchestration/WorkflowFacade.ts(12,32): error TS2614: Module '"./WorkflowStateMachine"' has no exported member 'WorkflowState'. Did you mean to use 'import WorkflowState from "./WorkflowStateMachine"' instead?
src/architecture/langgraph/workflows/orchestration/WorkflowFacade.ts(12,47): error TS2614: Module '"./WorkflowStateMachine"' has no exported member 'WorkflowEvent'. Did you mean to use 'import WorkflowEvent from "./WorkflowStateMachine"' instead?
src/architecture/langgraph/workflows/orchestration/WorkflowFacade.ts(93,53): error TS2353: Object literal may only specify known properties, and 'workflowId' does not exist in type 'Partial<WorkflowContext>'.
src/architecture/langgraph/workflows/orchestration/WorkflowFacade.ts(123,53): error TS2353: Object literal may only specify known properties, and 'workflowId' does not exist in type 'Partial<WorkflowContext>'.
src/architecture/langgraph/workflows/orchestration/WorkflowFacade.ts(156,49): error TS2353: Object literal may only specify known properties, and 'workflowId' does not exist in type 'Partial<WorkflowContext>'.
src/architecture/langgraph/workflows/orchestration/WorkflowFacade.ts(197,53): error TS2353: Object literal may only specify known properties, and 'workflowId' does not exist in type 'Partial<WorkflowContext>'.
src/architecture/langgraph/workflows/orchestration/WorkflowFacade.ts(420,51): error TS7006: Parameter 'workflowId' implicitly has an 'any' type.
src/architecture/langgraph/workflows/orchestration/WorkflowFacade.ts(420,63): error TS7006: Parameter 'definition' implicitly has an 'any' type.
src/architecture/langgraph/workflows/orchestration/WorkflowFacade.ts(420,75): error TS7006: Parameter 'context' implicitly has an 'any' type.
src/architecture/langgraph/workflows/orchestration/WorkflowFacade.ts(424,53): error TS7006: Parameter 'workflowId' implicitly has an 'any' type.
src/architecture/langgraph/workflows/orchestration/WorkflowFacade.ts(428,50): error TS7006: Parameter 'workflowId' implicitly has an 'any' type.
src/architecture/langgraph/workflows/orchestration/WorkflowFacade.ts(428,62): error TS7006: Parameter 'error' implicitly has an 'any' type.
src/architecture/langgraph/workflows/orchestration/WorkflowStateMachine.ts(256,13): error TS2339: Property 'creationTimestamp' does not exist on type 'WorkflowContext'.
src/architecture/langgraph/workflows/orchestration/WorkflowStateMachine.ts(257,13): error TS2339: Property 'creationState' does not exist on type 'WorkflowContext'.
src/architecture/langgraph/workflows/orchestration/WorkflowStateMachine.ts(260,28): error TS2339: Property 'creationTimestamp' does not exist on type 'WorkflowContext'.
src/architecture/langgraph/workflows/orchestration/WorkflowStateMachine.ts(271,13): error TS2339: Property 'validationTimestamp' does not exist on type 'WorkflowContext'.
src/architecture/langgraph/workflows/orchestration/WorkflowStateMachine.ts(272,13): error TS2339: Property 'validationState' does not exist on type 'WorkflowContext'.
src/architecture/langgraph/workflows/orchestration/WorkflowStateMachine.ts(275,28): error TS2339: Property 'validationTimestamp' does not exist on type 'WorkflowContext'.
src/architecture/langgraph/workflows/orchestration/WorkflowStateMachine.ts(286,13): error TS2339: Property 'executionStartTimestamp' does not exist on type 'WorkflowContext'.
src/architecture/langgraph/workflows/orchestration/WorkflowStateMachine.ts(287,13): error TS2339: Property 'executionState' does not exist on type 'WorkflowContext'.
src/architecture/langgraph/workflows/orchestration/WorkflowStateMachine.ts(290,28): error TS2339: Property 'executionStartTimestamp' does not exist on type 'WorkflowContext'.
src/architecture/langgraph/workflows/orchestration/WorkflowStateMachine.ts(301,13): error TS2339: Property 'optimizationTimestamp' does not exist on type 'WorkflowContext'.
src/architecture/langgraph/workflows/orchestration/WorkflowStateMachine.ts(302,13): error TS2551: Property 'optimizationState' does not exist on type 'WorkflowContext'. Did you mean 'optimizations'?
src/architecture/langgraph/workflows/orchestration/WorkflowStateMachine.ts(305,28): error TS2339: Property 'optimizationTimestamp' does not exist on type 'WorkflowContext'.
src/architecture/langgraph/workflows/orchestration/WorkflowStateMachine.ts(316,13): error TS2339: Property 'completionTimestamp' does not exist on type 'WorkflowContext'.
src/architecture/langgraph/workflows/orchestration/WorkflowStateMachine.ts(317,13): error TS2339: Property 'executionState' does not exist on type 'WorkflowContext'.
src/architecture/langgraph/workflows/orchestration/WorkflowStateMachine.ts(320,28): error TS2339: Property 'completionTimestamp' does not exist on type 'WorkflowContext'.
src/architecture/langgraph/workflows/orchestration/WorkflowStateMachine.ts(331,13): error TS2339: Property 'failureTimestamp' does not exist on type 'WorkflowContext'.
src/architecture/langgraph/workflows/orchestration/WorkflowStateMachine.ts(332,13): error TS2339: Property 'executionState' does not exist on type 'WorkflowContext'.
src/architecture/langgraph/workflows/orchestration/WorkflowStateMachine.ts(335,28): error TS2339: Property 'failureTimestamp' does not exist on type 'WorkflowContext'.
src/architecture/langgraph/workflows/orchestration/WorkflowStateMachine.ts(346,13): error TS2339: Property 'cancellationTimestamp' does not exist on type 'WorkflowContext'.
src/architecture/langgraph/workflows/orchestration/WorkflowStateMachine.ts(347,13): error TS2339: Property 'executionState' does not exist on type 'WorkflowContext'.
src/architecture/langgraph/workflows/orchestration/WorkflowStateMachine.ts(350,28): error TS2339: Property 'cancellationTimestamp' does not exist on type 'WorkflowContext'.
src/architecture/langgraph/workflows/orchestration/WorkflowStateMachine.ts(366,16): error TS7053: Element implicitly has an 'any' type because expression of type 'string' can't be used to index type 'WorkflowContext'.
  No index signature with a parameter of type 'string' was found on type 'WorkflowContext'.
src/architecture/langgraph/workflows/orchestration/WorkflowStateMachine.ts(374,13): error TS2339: Property 'resetTimestamp' does not exist on type 'WorkflowContext'.
src/architecture/langgraph/workflows/orchestration/WorkflowStateMachine.ts(377,28): error TS2339: Property 'resetTimestamp' does not exist on type 'WorkflowContext'.
src/architecture/langgraph/workflows/orchestration/WorkflowStateMachine.ts(392,28): error TS2339: Property 'validationState' does not exist on type 'WorkflowContext'.
src/architecture/langgraph/workflows/orchestration/WorkflowValidatorFacade.ts(25,19): error TS2339: Property 'steps' does not exist on type 'WorkflowDefinition'.
src/architecture/langgraph/workflows/orchestration/WorkflowValidatorFacade.ts(25,37): error TS2339: Property 'steps' does not exist on type 'WorkflowDefinition'.
src/architecture/langgraph/workflows/orchestration/WorkflowValidatorFacade.ts(29,38): error TS2339: Property 'steps' does not exist on type 'WorkflowDefinition'.
src/architecture/langgraph/workflows/orchestration/WorkflowValidatorFacade.ts(29,48): error TS7006: Parameter 's' implicitly has an 'any' type.
src/architecture/langgraph/workflows/orchestration/WorkflowValidatorFacade.ts(30,33): error TS2339: Property 'steps' does not exist on type 'WorkflowDefinition'.
src/architecture/langgraph/workflows/orchestration/WorkflowValidatorFacade.ts(58,29): error TS2339: Property 'steps' does not exist on type 'WorkflowDefinition'.
src/architecture/langgraph/workflows/orchestration/WorkflowValidatorFacade.ts(58,40): error TS7006: Parameter 's' implicitly has an 'any' type.
src/architecture/langgraph/workflows/orchestration/WorkflowValidatorFacade.ts(69,33): error TS2339: Property 'steps' does not exist on type 'WorkflowDefinition'.
src/architecture/langgraph/workflows/templates/InfrastructureTemplateBuilder.ts(25,50): error TS2339: Property 'type' does not exist on type 'WorkflowStateDefinition'.
src/architecture/langgraph/workflows/templates/InfrastructureTemplateBuilder.ts(43,9): error TS2353: Object literal may only specify known properties, and 'weight' does not exist in type 'WorkflowTransitionDefinition'.
src/architecture/langgraph/workflows/templates/InfrastructureTemplateBuilder.ts(50,9): error TS2353: Object literal may only specify known properties, and 'condition' does not exist in type 'WorkflowTransitionDefinition'.
src/architecture/langgraph/workflows/templates/InfrastructureTemplateBuilder.ts(96,7): error TS2353: Object literal may only specify known properties, and 'type' does not exist in type 'WorkflowStateDefinition'.
src/architecture/langgraph/workflows/templates/InfrastructureTemplateBuilder.ts(103,26): error TS2339: Property 'task' does not exist on type 'WorkflowStateDefinition'.
src/architecture/langgraph/workflows/templates/InfrastructureTemplateBuilder.ts(120,7): error TS2353: Object literal may only specify known properties, and 'type' does not exist in type 'WorkflowStateDefinition'.
src/architecture/langgraph/workflows/templates/InfrastructureTemplateBuilder.ts(127,26): error TS2339: Property 'task' does not exist on type 'WorkflowStateDefinition'.
src/architecture/langgraph/workflows/templates/InfrastructureTemplateBuilder.ts(144,7): error TS2353: Object literal may only specify known properties, and 'type' does not exist in type 'WorkflowStateDefinition'.
src/architecture/langgraph/workflows/templates/InfrastructureTemplateBuilder.ts(151,26): error TS2339: Property 'task' does not exist on type 'WorkflowStateDefinition'.
src/architecture/langgraph/workflows/templates/WorkflowTemplateFactory.ts(42,7): error TS2353: Object literal may only specify known properties, and 'states' does not exist in type 'WorkflowTemplate'.
src/architecture/langgraph/workflows/templates/WorkflowTemplateFactory.ts(76,7): error TS2353: Object literal may only specify known properties, and 'states' does not exist in type 'WorkflowTemplate'.
src/architecture/langgraph/workflows/templates/WorkflowTemplateFactory.ts(110,7): error TS2353: Object literal may only specify known properties, and 'states' does not exist in type 'WorkflowTemplate'.
src/architecture/langgraph/workflows/templates/WorkflowTemplateFactory.ts(131,11): error TS2322: Type '{ name: string; type: string; princess: string; task: { id: string; type: string; priority: string; payload: {}; dependencies: string[]; }; }[]' is not assignable to type 'WorkflowStateDefinition[]'.
  Type '{ name: string; type: string; princess: string; task: { id: string; type: string; priority: string; payload: {}; dependencies: string[]; }; }' is missing the following properties from type 'WorkflowStateDefinition': id, state, isInitial, isFinal, transitions
src/architecture/langgraph/workflows/templates/WorkflowTemplateFactory.ts(164,9): error TS2353: Object literal may only specify known properties, and 'weight' does not exist in type 'WorkflowTransitionDefinition'.
src/architecture/langgraph/workflows/validation/WorkflowValidator.ts(67,37): error TS2339: Property 'variables' does not exist on type 'WorkflowTemplate'.
src/architecture/langgraph/workflows/validation/WorkflowValidator.ts(164,22): error TS2339: Property 'weight' does not exist on type 'WorkflowTransitionDefinition'.
src/architecture/langgraph/workflows/WorkflowOrchestrator.ts(10,1): error TS2308: Module './orchestration/WorkflowTypes' has already exported a member named 'WorkflowCore'. Consider explicitly re-exporting to resolve the ambiguity.
src/architecture/langgraph/workflows/WorkflowOrchestrator.ts(11,1): error TS2308: Module './orchestration/WorkflowTypes' has already exported a member named 'WorkflowExecutor'. Consider explicitly re-exporting to resolve the ambiguity.
src/architecture/langgraph/workflows/WorkflowOrchestrator.ts(12,1): error TS2308: Module './orchestration/WorkflowTypes' has already exported a member named 'ValidationResult'. Consider explicitly re-exporting to resolve the ambiguity.
src/architecture/langgraph/workflows/WorkflowOrchestrator.ts(12,1): error TS2308: Module './orchestration/WorkflowTypes' has already exported a member named 'WorkflowValidator'. Consider explicitly re-exporting to resolve the ambiguity.
src/architecture/langgraph/workflows/WorkflowOrchestrator.ts(16,8): error TS2613: Module '"C:/Users/17175/Desktop/spek template/src/architecture/langgraph/LangGraphEngine"' has no default export. Did you mean to use 'import { LangGraphEngine } from "C:/Users/17175/Desktop/spek template/src/architecture/langgraph/LangGraphEngine"' instead?
src/architecture/langgraph/workflows/WorkflowOrchestrator.ts(57,11): error TS2722: Cannot invoke an object which is possibly 'undefined'.
src/base/common.ts(7,21): error TS2459: Module '"../../types/base/primitives"' declares 'Milliseconds' locally, but it is not exported.
src/cicd/CICDDeploymentManager.ts(7,21): error TS2459: Module '"../../types/base/primitives"' declares 'Milliseconds' locally, but it is not exported.
src/cicd/CICDIntegrationFacade.ts(79,11): error TS2416: Property 'initialize' in type 'CICDIntegration' is not assignable to the same property in base type 'import("C:/Users/17175/Desktop/spek template/node_modules/@types/node/events.d.ts")<DefaultEventMap>'.
  Type '(config: CICDConfig) => void' is not assignable to type '() => Promise<void>'.
    Target signature provides too few arguments. Expected 1 or more, but got 0.
src/cicd/CICDQualityGateManager.ts(7,21): error TS2459: Module '"../../types/base/primitives"' declares 'Milliseconds' locally, but it is not exported.
src/cicd/CICDWorkflowEngine.ts(7,21): error TS2459: Module '"../../types/base/primitives"' declares 'Milliseconds' locally, but it is not exported.
src/cicd/TestRunner.ts(259,11): error TS18046: 'error' is of type 'unknown'.
src/cicd/TestRunner.ts(259,31): error TS18046: 'error' is of type 'unknown'.
src/cicd/TestRunner.ts(260,26): error TS18046: 'error' is of type 'unknown'.
src/cicd/TestRunner.ts(260,42): error TS18046: 'error' is of type 'unknown'.
src/CICDDeploymentManager.ts(7,21): error TS2459: Module '"../types/base/primitives"' declares 'Milliseconds' locally, but it is not exported.
src/CICDDeploymentManager.ts(7,41): error TS6059: File 'C:/Users/17175/Desktop/spek template/types/base/primitives.ts' is not under 'rootDir' 'C:/Users/17175/Desktop/spek template/src'. 'rootDir' is expected to contain all source files.
  The file is in the program because:
    Imported via '../types/base/primitives' from file 'C:/Users/17175/Desktop/spek template/src/CICDDeploymentManager.ts'
    Imported via '../types/base/primitives' from file 'C:/Users/17175/Desktop/spek template/src/CICDQualityGateManager.ts'
    Imported via '../types/base/primitives' from file 'C:/Users/17175/Desktop/spek template/src/CICDWorkflowEngine.ts'
    Imported via '../types/base/primitives' from file 'C:/Users/17175/Desktop/spek template/src/FSMOrchestrator.ts'
    Imported via '../types/base/primitives' from file 'C:/Users/17175/Desktop/spek template/src/KellyCriterionEngine.ts'
    Imported via '../types/base/primitives' from file 'C:/Users/17175/Desktop/spek template/src/PhaseTransitionMonitor.ts'
    Imported via '../types/base/primitives' from file 'C:/Users/17175/Desktop/spek template/src/PhaseTransitionReporter.ts'
    Imported via '../types/base/primitives' from file 'C:/Users/17175/Desktop/spek template/src/QualityGateTypes.ts'
    Imported via '../types/base/primitives' from file 'C:/Users/17175/Desktop/spek template/src/QueenDebugCore.ts'
    Imported via '../types/base/primitives' from file 'C:/Users/17175/Desktop/spek template/src/QueenDebugMonitorFSM.ts'
    Imported via '../types/base/primitives' from file 'C:/Users/17175/Desktop/spek template/src/QueenDebugProcessor.ts'
    Imported via '../types/base/primitives' from file 'C:/Users/17175/Desktop/spek template/src/QueenDebugTypes.ts'
    Imported via '../types/base/primitives' from file 'C:/Users/17175/Desktop/spek template/src/RiskAssessmentTypes.ts'
    Imported via '../types/base/primitives' from file 'C:/Users/17175/Desktop/spek template/src/RiskMonitoringDashboard.ts'
    Imported via '../types/base/primitives' from file 'C:/Users/17175/Desktop/spek template/src/TalebBarbellEngine.ts'
    Imported via '../types/base/primitives' from file 'C:/Users/17175/Desktop/spek template/src/TransitionHub.ts'
    Imported via '../types/base/primitives' from file 'C:/Users/17175/Desktop/spek template/src/ValidationStates.ts'
    Imported via '../types/base/primitives' from file 'C:/Users/17175/Desktop/spek template/src/WorkflowStateMachine.ts'
    Imported via '../types/base/primitives' from file 'C:/Users/17175/Desktop/spek template/src/real-time-ingestion-engine.ts'
    Imported via '../types/base/primitives' from file 'C:/Users/17175/Desktop/spek template/src/tool-management-system.ts'
    Imported via '../../types/base/primitives' from file 'C:/Users/17175/Desktop/spek template/src/base/common.ts'
    Imported via '../../types/base/primitives' from file 'C:/Users/17175/Desktop/spek template/src/cicd/CICDDeploymentManager.ts'
    Imported via '../../types/base/primitives' from file 'C:/Users/17175/Desktop/spek template/src/cicd/CICDQualityGateManager.ts'
    Imported via '../../types/base/primitives' from file 'C:/Users/17175/Desktop/spek template/src/cicd/CICDWorkflowEngine.ts'
    Imported via '../../types/base/primitives' from file 'C:/Users/17175/Desktop/spek template/src/config/EnterpriseConfiguration.ts'
    Imported via '../../types/base/primitives' from file 'C:/Users/17175/Desktop/spek template/src/core/QualityGateTypes.ts'
    Imported via '../../types/base/primitives' from file 'C:/Users/17175/Desktop/spek template/src/integration/SPEKTheaterIntegration.ts'
    Imported via '../../types/base/primitives' from file 'C:/Users/17175/Desktop/spek template/src/integrations/ArtifactSystemIntegration.ts'
    Imported via '../../types/base/primitives' from file 'C:/Users/17175/Desktop/spek template/src/metrics/SixSigmaMetrics.ts'
    Imported via '../../types/base/primitives' from file 'C:/Users/17175/Desktop/spek template/src/monitoring/PerformanceMonitor.ts'
    Imported via '../../types/base/primitives' from file 'C:/Users/17175/Desktop/spek template/src/monitoring/StateTransitionMonitor.ts'
    Imported via '../../types/base/primitives' from file 'C:/Users/17175/Desktop/spek template/src/types/FallbackChainTypes.ts'
src/CICDQualityGateManager.ts(7,21): error TS2459: Module '"../types/base/primitives"' declares 'Milliseconds' locally, but it is not exported.
src/CICDWorkflowEngine.ts(7,21): error TS2459: Module '"../types/base/primitives"' declares 'Milliseconds' locally, but it is not exported.
src/commands/init-swarm-hierarchy.ts(1,24): error TS1261: Already included file name 'C:/Users/17175/Desktop/spek template/src/utils/Logger.ts' differs from file name 'C:/Users/17175/Desktop/spek template/src/utils/logger.ts' only in casing.
  The file is in the program because:
    Imported via '../utils/Logger' from file 'C:/Users/17175/Desktop/spek template/src/commands/init-swarm-hierarchy.ts'
    Imported via '../../../utils/logger' from file 'C:/Users/17175/Desktop/spek template/src/swarm/memory/development/LangroidMemory.ts'
    Imported via '../../utils/logger' from file 'C:/Users/17175/Desktop/spek template/src/swarm/queen/KingLogicAdapter.ts'
    Imported via '../../utils/Logger' from file 'C:/Users/17175/Desktop/spek template/src/github/api/GitHubAPIOptimizer.ts'
    Imported via '../../utils/Logger' from file 'C:/Users/17175/Desktop/spek template/src/github/api/GitHubAuthenticationManager.ts'
    Imported via '../../utils/Logger' from file 'C:/Users/17175/Desktop/spek template/src/github/integration/GitHubProjectManager.ts'
    Imported via '../../utils/Logger' from file 'C:/Users/17175/Desktop/spek template/src/github/integration/RealGitHubProjectManager.ts'
    Imported via '../../utils/Logger' from file 'C:/Users/17175/Desktop/spek template/src/github/integration/QueenGitHubOrchestrator.ts'
    Imported via '../../utils/Logger' from file 'C:/Users/17175/Desktop/spek template/src/github/integration/RepositoryCoordinator.ts'
    Imported via '../../utils/Logger' from file 'C:/Users/17175/Desktop/spek template/src/github/pr/PRLifecycleManager.ts'
    Imported via '../../utils/Logger' from file 'C:/Users/17175/Desktop/spek template/src/github/projects/ProjectBoardIntelligence.ts'
    Imported via '../../utils/Logger' from file 'C:/Users/17175/Desktop/spek template/src/github/repos/CrossRepoSynchronization.ts'
    Imported via '../../utils/Logger' from file 'C:/Users/17175/Desktop/spek template/src/github/workflows/ActionWorkflowBuilder.ts'
    Imported via '../utils/Logger' from file 'C:/Users/17175/Desktop/spek template/src/memory/RealLangroidMemory.ts'
    Imported via '../../utils/logger' from file 'C:/Users/17175/Desktop/spek template/src/memory/langroid/RealMemoryCompressor.ts'
    Imported via '../../utils/Logger' from file 'C:/Users/17175/Desktop/spek template/src/migration/core/ActivationEngine.ts'
    Imported via '../../../utils/Logger' from file 'C:/Users/17175/Desktop/spek template/src/migration/core/states/FallbackStateMachine.ts'
    Imported via '../../../utils/Logger' from file 'C:/Users/17175/Desktop/spek template/src/migration/core/core/TransitionHub.ts'
    Imported via '../../utils/Logger' from file 'C:/Users/17175/Desktop/spek template/src/migration/core/FallbackChainFacade.ts'
    Imported via '../../../utils/Logger' from file 'C:/Users/17175/Desktop/spek template/src/migration/core/builders/ChainBuilder.ts'
    Imported via '../../../utils/Logger' from file 'C:/Users/17175/Desktop/spek template/src/migration/core/monitoring/HealthMonitor.ts'
    Imported via '../../utils/Logger' from file 'C:/Users/17175/Desktop/spek template/src/migration/core/ProtocolRegistry.ts'
    Imported via '../../utils/Logger' from file 'C:/Users/17175/Desktop/spek template/src/migration/core/MigrationOrchestrator.ts'
    Imported via '../../../utils/Logger' from file 'C:/Users/17175/Desktop/spek template/src/migration/core/validators/ActivationValidator.ts'
    Imported via '../../utils/Logger' from file 'C:/Users/17175/Desktop/spek template/src/migration/fallback/FallbackProtocolManager.ts'
    Imported via '../../../utils/Logger' from file 'C:/Users/17175/Desktop/spek template/src/migration/fsm/states/CompletedState.ts'
    Imported via '../../../utils/Logger' from file 'C:/Users/17175/Desktop/spek template/src/migration/fsm/states/ExecutingPhaseState.ts'
    Imported via '../../../utils/Logger' from file 'C:/Users/17175/Desktop/spek template/src/migration/fsm/states/ExecutingStepState.ts'
    Imported via '../../../utils/Logger' from file 'C:/Users/17175/Desktop/spek template/src/migration/fsm/states/IdleState.ts'
    Imported via '../../../utils/Logger' from file 'C:/Users/17175/Desktop/spek template/src/migration/fsm/states/RollingBackState.ts'
    Imported via '../../../utils/Logger' from file 'C:/Users/17175/Desktop/spek template/src/migration/fsm/states/ValidatingStepState.ts'
    Imported via '../../../utils/Logger' from file 'C:/Users/17175/Desktop/spek template/src/migration/fsm/transitions/TransitionHub.ts'
    Imported via '../../utils/Logger' from file 'C:/Users/17175/Desktop/spek template/src/migration/orchestration/MigrationExecutor.ts'
    Imported via '../../../utils/Logger' from file 'C:/Users/17175/Desktop/spek template/src/migration/planning/dependencies/DependencyMapper.ts'
    Imported via '../../../utils/Logger' from file 'C:/Users/17175/Desktop/spek template/src/migration/planning/fsm/AnalysisStateMachine.ts'
    Imported via '../../../utils/Logger' from file 'C:/Users/17175/Desktop/spek template/src/migration/planning/fsm/AnalysisStateMachineRefactored.ts'
    Imported via '../../../../utils/Logger' from file 'C:/Users/17175/Desktop/spek template/src/migration/planning/fsm/core/TransitionHub.ts'
    Imported via '../../../../utils/Logger' from file 'C:/Users/17175/Desktop/spek template/src/migration/planning/fsm/core/BaseStateHandler.ts'
    Imported via '../../utils/Logger' from file 'C:/Users/17175/Desktop/spek template/src/migration/strategies/CanaryProtocolMigration.ts'
    Imported via '../../../utils/Logger' from file 'C:/Users/17175/Desktop/spek template/src/migration/strategies/canary/CanaryMigrationFacade.ts'
    Imported via '../../../utils/Logger' from file 'C:/Users/17175/Desktop/spek template/src/migration/strategies/canary/CanaryMigrationStateMachine.ts'
    Imported via '../../../../utils/Logger' from file 'C:/Users/17175/Desktop/spek template/src/migration/strategies/canary/handlers/CanaryDeploymentHandler.ts'
    Imported via '../../../../utils/Logger' from file 'C:/Users/17175/Desktop/spek template/src/migration/strategies/canary/handlers/CanaryTrafficHandler.ts'
    Imported via '../../../../utils/Logger' from file 'C:/Users/17175/Desktop/spek template/src/migration/strategies/canary/handlers/CanaryValidationHandler.ts'
    Imported via '../../../../utils/Logger' from file 'C:/Users/17175/Desktop/spek template/src/migration/strategies/canary/handlers/CanaryRollbackHandler.ts'
    Imported via '../../utils/Logger' from file 'C:/Users/17175/Desktop/spek template/src/migration/translation/ProtocolFacade.ts'
    Imported via '../../utils/Logger' from file 'C:/Users/17175/Desktop/spek template/src/migration/translation/ProtocolParser.ts'
    Imported via '../../utils/Logger' from file 'C:/Users/17175/Desktop/spek template/src/migration/translation/ProtocolSerializer.ts'
    Imported via '../../utils/Logger' from file 'C:/Users/17175/Desktop/spek template/src/migration/translation/ProtocolStateMachine.ts'
    Imported via '../../utils/Logger' from file 'C:/Users/17175/Desktop/spek template/src/migration/translation/ProtocolValidator.ts'
    Imported via '../../../utils/Logger' from file 'C:/Users/17175/Desktop/spek template/src/migration/translation/fsm/FormatRegistry.ts'
    Imported via '../../../utils/Logger' from file 'C:/Users/17175/Desktop/spek template/src/migration/translation/fsm/RuleProcessor.ts'
    Imported via '../../../utils/Logger' from file 'C:/Users/17175/Desktop/spek template/src/migration/translation/fsm/ValidationOrchestrator.ts'
    Imported via '../../../utils/Logger' from file 'C:/Users/17175/Desktop/spek template/src/migration/translation/fsm/PerformanceMonitor.ts'
    Imported via '../../../utils/Logger' from file 'C:/Users/17175/Desktop/spek template/src/migration/translation/fsm/ConversionEngine.ts'
    Imported via '../../../utils/Logger' from file 'C:/Users/17175/Desktop/spek template/src/migration/translation/fsm/BatchProcessor.ts'
    Imported via '../utils/Logger' from file 'C:/Users/17175/Desktop/spek template/src/networking/RealWebSocketServer.ts'
    Imported via '../../utils/Logger' from file 'C:/Users/17175/Desktop/spek template/src/princesses/deployment/BlueGreenDeployment.ts'
    Imported via '../../utils/Logger' from file 'C:/Users/17175/Desktop/spek template/src/princesses/deployment/ContainerOrchestrator.ts'
    Imported via '../../utils/Logger' from file 'C:/Users/17175/Desktop/spek template/src/princesses/deployment/DeploymentPrincess.ts'
    Imported via '../../utils/logger' from file 'C:/Users/17175/Desktop/spek template/src/protocols/a2a/A2AProtocolEngine.ts'
    Imported via '../../utils/logger' from file 'C:/Users/17175/Desktop/spek template/src/protocols/a2a/MessageRouter.ts'
    Imported via '../../utils/logger' from file 'C:/Users/17175/Desktop/spek template/src/protocols/a2a/ProtocolRegistry.ts'
    Imported via '../../utils/logger' from file 'C:/Users/17175/Desktop/spek template/src/protocols/docs/A2ADocumentationGenerator.ts'
    Imported via '../../../utils/logger' from file 'C:/Users/17175/Desktop/spek template/src/protocols/docs/fsm/DocGeneratorTypes.ts'
    Imported via '../../../utils/logger' from file 'C:/Users/17175/Desktop/spek template/src/protocols/docs/metrics/DocGeneratorMetrics.ts'
    Imported via '../../utils/logger' from file 'C:/Users/17175/Desktop/spek template/src/protocols/mcp/MCPBridge.ts'
    Imported via '../../utils/logger' from file 'C:/Users/17175/Desktop/spek template/src/swarm/coordination/TaskDistributor.ts'
    Imported via '../../../utils/logger' from file 'C:/Users/17175/Desktop/spek template/src/swarm/memory/development/ContextDNA.ts'
    Imported via '../../../utils/logger' from file 'C:/Users/17175/Desktop/spek template/src/swarm/memory/development/VectorStore.ts'
    Imported via '../../utils/logger' from file 'C:/Users/17175/Desktop/spek template/src/swarm/orchestration/SwarmInitializer.ts'
    Imported via '../../utils/logger' from file 'C:/Users/17175/Desktop/spek template/src/swarm/orchestration/GodObjectOrchestrator.ts'
    Imported via '../../utils/logger' from file 'C:/Users/17175/Desktop/spek template/src/swarm/queen/ShardingCoordinator.ts'
    Imported via '../../../utils/Logger' from file 'C:/Users/17175/Desktop/spek template/src/swarm/validation/fsm/DomainBoundaryManager.ts'
    Imported via '../../../utils/Logger' from file 'C:/Users/17175/Desktop/spek template/src/swarm/validation/fsm/ExclusivityValidator.ts'
    Imported via '../../../utils/Logger' from file 'C:/Users/17175/Desktop/spek template/src/swarm/validation/fsm/HandoffCoordinator.ts'
    Imported via '../../../utils/Logger' from file 'C:/Users/17175/Desktop/spek template/src/swarm/validation/fsm/ValidationEngine.ts'
    Matched by include pattern 'src/**/*' in 'C:/Users/17175/Desktop/spek template/tsconfig.json'
src/commands/init-swarm-hierarchy.ts(45,13): error TS2722: Cannot invoke an object which is possibly 'undefined'.
src/commands/init-swarm-hierarchy.ts(59,52): error TS2554: Expected 1 arguments, but got 2.
src/commands/init-swarm-hierarchy.ts(60,15): error TS2722: Cannot invoke an object which is possibly 'undefined'.
src/commands/init-swarm-hierarchy.ts(97,57): error TS2353: Object literal may only specify known properties, and 'error' does not exist in type 'Partial<LogContext>'.
src/compliance/monitoring/audit/ComplianceAuditLogger.ts(38,25): error TS2339: Property 'overallScore' does not exist on type 'ComplianceBaseline'.
src/compliance/monitoring/audit/ComplianceAuditLogger.ts(39,29): error TS2339: Property 'ruleScores' does not exist on type 'ComplianceBaseline'.
src/compliance/monitoring/audit/ComplianceAuditLogger.ts(40,30): error TS2339: Property 'validUntil' does not exist on type 'ComplianceBaseline'.
src/compliance/monitoring/audit/ComplianceAuditLogger.ts(46,82): error TS2339: Property 'overallScore' does not exist on type 'ComplianceBaseline'.
src/compliance/monitoring/audit/ComplianceAuditLogger.ts(56,53): error TS2551: Property 'drift' does not exist on type 'DriftAlert'. Did you mean 'driftId'?
src/compliance/monitoring/audit/ComplianceAuditLogger.ts(59,27): error TS2339: Property 'alertLevel' does not exist on type 'DriftAlert'.
src/compliance/monitoring/audit/ComplianceAuditLogger.ts(60,32): error TS2551: Property 'drift' does not exist on type 'DriftAlert'. Did you mean 'driftId'?
src/compliance/monitoring/audit/ComplianceAuditLogger.ts(61,25): error TS2551: Property 'drift' does not exist on type 'DriftAlert'. Did you mean 'driftId'?
src/compliance/monitoring/audit/ComplianceAuditLogger.ts(62,35): error TS2339: Property 'escalationRequired' does not exist on type 'DriftAlert'.
src/compliance/monitoring/audit/ComplianceAuditLogger.ts(64,52): error TS2339: Property 'alertLevel' does not exist on type 'DriftAlert'.
src/compliance/monitoring/audit/ComplianceAuditLogger.ts(68,69): error TS2339: Property 'alertLevel' does not exist on type 'DriftAlert'.
src/compliance/monitoring/audit/ComplianceAuditLogger.ts(78,62): error TS2339: Property 'standard' does not exist on type 'ComplianceDrift'.
src/compliance/monitoring/audit/ComplianceAuditLogger.ts(81,25): error TS2339: Property 'standard' does not exist on type 'ComplianceDrift'.
src/compliance/monitoring/audit/ComplianceAuditLogger.ts(82,32): error TS2339: Property 'driftPercentage' does not exist on type 'ComplianceDrift'.
src/compliance/monitoring/audit/ComplianceAuditLogger.ts(84,32): error TS2339: Property 'timeToViolation' does not exist on type 'ComplianceDrift'.
src/compliance/monitoring/audit/ComplianceAuditLogger.ts(90,64): error TS2339: Property 'standard' does not exist on type 'ComplianceDrift'.
src/compliance/monitoring/audit/ComplianceAuditLogger.ts(90,84): error TS2339: Property 'driftPercentage' does not exist on type 'ComplianceDrift'.
src/compliance/monitoring/audit/ComplianceAuditLogger.ts(103,28): error TS2339: Property 'overallScore' does not exist on type 'ComplianceBaseline'.
src/compliance/monitoring/audit/ComplianceAuditLogger.ts(104,29): error TS2339: Property 'timestamp' does not exist on type 'ComplianceBaseline'.
src/compliance/monitoring/audit/ComplianceAuditLogger.ts(105,30): error TS2339: Property 'validUntil' does not exist on type 'ComplianceBaseline'.
src/compliance/monitoring/audit/ComplianceAuditLogger.ts(111,80): error TS2339: Property 'overallScore' does not exist on type 'ComplianceBaseline'.
src/compliance/monitoring/audit/ComplianceAuditLogger.ts(185,27): error TS2339: Property 'alertLevel' does not exist on type 'DriftAlert'.
src/compliance/monitoring/audit/ComplianceAuditLogger.ts(224,27): error TS2339: Property 'alertLevel' does not exist on type 'DriftAlert'.
src/compliance/monitoring/audit/ComplianceAuditLogger.ts(296,54): error TS2339: Property 'standard' does not exist on type 'ComplianceDrift'.
src/compliance/monitoring/audit/ComplianceAuditLogger.ts(299,25): error TS2339: Property 'standard' does not exist on type 'ComplianceDrift'.
src/compliance/monitoring/audit/ComplianceAuditLogger.ts(300,32): error TS2339: Property 'driftPercentage' does not exist on type 'ComplianceDrift'.
src/compliance/monitoring/audit/ComplianceAuditLogger.ts(319,31): error TS2339: Property 'description' does not exist on type 'RollbackSnapshot'.
src/compliance/monitoring/audit/ComplianceAuditLogger.ts(320,24): error TS2339: Property 'size' does not exist on type 'RollbackSnapshot'.
src/compliance/monitoring/audit/ComplianceAuditLogger.ts(321,28): error TS2339: Property 'checksum' does not exist on type 'RollbackSnapshot'.
src/compliance/monitoring/audit/ComplianceAuditLogger.ts(358,30): error TS2339: Property 'overallScore' does not exist on type 'ComplianceBaseline'.
src/compliance/monitoring/ComplianceDriftDetectorFSM.ts(52,14): error TS2415: Class 'ComplianceDriftDetectorFSM' incorrectly extends base class 'MonitoringHub<ComplianceScanData, ComplianceDriftResult>'.
  Property 'checkThresholds' is private in type 'MonitoringHub<ComplianceScanData, ComplianceDriftResult>' but not in type 'ComplianceDriftDetectorFSM'.
src/compliance/monitoring/fsm/DriftDetectionFSM.ts(8,3): error TS2614: Module '"../ComplianceDriftDetector-typed"' has no exported member 'DriftDetectionState'. Did you mean to use 'import DriftDetectionState from "../ComplianceDriftDetector-typed"' instead?
src/compliance/monitoring/fsm/DriftDetectionFSM.ts(9,3): error TS2614: Module '"../ComplianceDriftDetector-typed"' has no exported member 'DriftDetectionEvent'. Did you mean to use 'import DriftDetectionEvent from "../ComplianceDriftDetector-typed"' instead?
src/compliance/monitoring/fsm/DriftDetectionFSM.ts(10,3): error TS2614: Module '"../ComplianceDriftDetector-typed"' has no exported member 'DriftDetectionTransition'. Did you mean to use 'import DriftDetectionTransition from "../ComplianceDriftDetector-typed"' instead?
src/compliance/monitoring/fsm/DriftDetectionFSM.ts(11,3): error TS2614: Module '"../ComplianceDriftDetector-typed"' has no exported member 'DriftDetectionContext'. Did you mean to use 'import DriftDetectionContext from "../ComplianceDriftDetector-typed"' instead?
src/compliance/monitoring/managers/AlertManager.ts(39,7): error TS2353: Object literal may only specify known properties, and 'timestamp' does not exist in type 'DriftAlert'.
src/compliance/monitoring/managers/AlertManager.ts(59,7): error TS2353: Object literal may only specify known properties, and 'timestamp' does not exist in type 'DriftAlert'.
src/compliance/monitoring/managers/AlertManager.ts(64,54): error TS2339: Property 'standard' does not exist on type 'ComplianceDrift'.
src/compliance/monitoring/managers/AlertManager.ts(72,59): error TS2339: Property 'standard' does not exist on type 'ComplianceDrift'.
src/compliance/monitoring/managers/AlertManager.ts(80,18): error TS2339: Property 'driftPercentage' does not exist on type 'ComplianceDrift'.
src/compliance/monitoring/managers/AlertManager.ts(85,18): error TS2339: Property 'driftPercentage' does not exist on type 'ComplianceDrift'.
src/compliance/monitoring/managers/AlertManager.ts(87,18): error TS2339: Property 'timeToViolation' does not exist on type 'ComplianceDrift'.
src/compliance/monitoring/managers/AlertManager.ts(104,7): error TS2353: Object literal may only specify known properties, and 'source' does not exist in type 'AlertMetadata'.
src/compliance/monitoring/managers/AlertManager.ts(126,9): error TS2353: Object literal may only specify known properties, and 'address' does not exist in type 'AlertRecipient'.
src/compliance/monitoring/managers/AlertManager.ts(134,9): error TS2322: Type '"sms"' is not assignable to type '"webhook" | "email" | "slack" | "pagerduty"'.
src/compliance/monitoring/managers/AlertManager.ts(146,15): error TS2339: Property 'suppressUntil' does not exist on type 'DriftAlert'.
src/compliance/monitoring/managers/AlertManager.ts(146,38): error TS2339: Property 'suppressUntil' does not exist on type 'DriftAlert'.
src/compliance/monitoring/managers/AlertManager.ts(147,90): error TS2339: Property 'suppressUntil' does not exist on type 'DriftAlert'.
src/compliance/monitoring/managers/AlertManager.ts(151,49): error TS2339: Property 'alertLevel' does not exist on type 'DriftAlert'.
src/compliance/monitoring/managers/AlertManager.ts(152,48): error TS2551: Property 'drift' does not exist on type 'DriftAlert'. Did you mean 'driftId'?
src/compliance/monitoring/managers/AlertManager.ts(152,75): error TS2551: Property 'drift' does not exist on type 'DriftAlert'. Did you mean 'driftId'?
src/compliance/monitoring/managers/AlertManager.ts(164,77): error TS2339: Property 'address' does not exist on type 'AlertRecipient'.
src/compliance/monitoring/managers/AlertManager.ts(170,14): error TS2678: Type '"sms"' is not comparable to type '"webhook" | "email" | "slack" | "pagerduty"'.
src/compliance/monitoring/managers/AlertManager.ts(184,73): error TS2339: Property 'address' does not exist on type 'AlertRecipient'.
src/compliance/monitoring/managers/AlertManager.ts(185,64): error TS2339: Property 'address' does not exist on type 'AlertRecipient'.
src/compliance/monitoring/managers/AlertManager.ts(192,59): error TS2339: Property 'address' does not exist on type 'AlertRecipient'.
src/compliance/monitoring/managers/AlertManager.ts(198,57): error TS2339: Property 'address' does not exist on type 'AlertRecipient'.
src/compliance/monitoring/managers/AlertManager.ts(204,67): error TS2339: Property 'address' does not exist on type 'AlertRecipient'.
src/compliance/monitoring/managers/AlertManager.ts(210,61): error TS2339: Property 'address' does not exist on type 'AlertRecipient'.
src/compliance/monitoring/managers/AlertManager.ts(236,17): error TS2339: Property 'acknowledged' does not exist on type 'AlertRecipient'.
src/compliance/monitoring/managers/AlertManager.ts(237,17): error TS2339: Property 'acknowledgedAt' does not exist on type 'AlertRecipient'.
src/compliance/monitoring/managers/AlertManager.ts(238,17): error TS2339: Property 'acknowledgedBy' does not exist on type 'AlertRecipient'.
src/compliance/monitoring/managers/AlertManager.ts(258,23): error TS2339: Property 'suppressUntil' does not exist on type 'DriftAlert'.
src/compliance/monitoring/managers/AlertManager.ts(258,46): error TS2339: Property 'suppressUntil' does not exist on type 'DriftAlert'.
src/compliance/monitoring/managers/AlertManager.ts(265,22): error TS2339: Property 'escalationRequired' does not exist on type 'DriftAlert'.
src/compliance/monitoring/managers/AlertManager.ts(265,74): error TS2339: Property 'acknowledged' does not exist on type 'AlertRecipient'.
src/compliance/monitoring/managers/AlertManager.ts(275,17): error TS2339: Property 'timestamp' does not exist on type 'DriftAlert'.
src/compliance/monitoring/managers/BaselineManager.ts(45,76): error TS2339: Property 'overallScore' does not exist on type 'ComplianceBaseline'.
src/compliance/monitoring/managers/BaselineManager.ts(66,7): error TS2322: Type 'ComplianceStandard' is not assignable to type 'string'.
src/compliance/monitoring/managers/BaselineManager.ts(70,38): error TS2339: Property 'ruleScores' does not exist on type 'ComplianceScanResult'.
src/compliance/monitoring/managers/BaselineManager.ts(81,7): error TS2353: Object literal may only specify known properties, and 'environment' does not exist in type 'BaselineMetadata'.
src/compliance/monitoring/managers/BaselineManager.ts(85,28): error TS2339: Property 'duration' does not exist on type 'ComplianceScanResult'.
src/compliance/monitoring/managers/BaselineManager.ts(97,7): error TS2353: Object literal may only specify known properties, and 'certifications' does not exist in type 'BaselineEvidence'.
src/compliance/monitoring/managers/BaselineManager.ts(105,36): error TS2339: Property 'ruleScores' does not exist on type 'ComplianceScanResult'.
src/compliance/monitoring/managers/BaselineManager.ts(132,30): error TS2339: Property 'validUntil' does not exist on type 'ComplianceBaseline'.
src/compliance/monitoring/managers/BaselineManager.ts(154,22): error TS2339: Property 'overallScore' does not exist on type 'ComplianceBaseline'.
src/compliance/monitoring/managers/BaselineManager.ts(160,22): error TS2339: Property 'ruleScores' does not exist on type 'ComplianceBaseline'.
src/compliance/monitoring/managers/BaselineManager.ts(169,20): error TS2339: Property 'validUntil' does not exist on type 'ComplianceBaseline'.
src/compliance/monitoring/managers/DriftAnalyzer.ts(41,68): error TS2339: Property 'overallScore' does not exist on type 'ComplianceBaseline'.
src/compliance/monitoring/managers/DriftAnalyzer.ts(41,82): error TS2345: Argument of type 'Score' is not assignable to parameter of type 'ComplianceScore'.
  Type 'Score' is not assignable to type '{ readonly __brand: "ComplianceScore"; }'.
    Types of property '__brand' are incompatible.
      Type '"Score"' is not assignable to type '"ComplianceScore"'.
src/compliance/monitoring/managers/DriftAnalyzer.ts(47,68): error TS2339: Property 'ruleScores' does not exist on type 'ComplianceBaseline'.
src/compliance/monitoring/managers/DriftAnalyzer.ts(47,100): error TS2339: Property 'ruleScores' does not exist on type 'ComplianceScanResult'.
src/compliance/monitoring/managers/DriftAnalyzer.ts(49,58): error TS2345: Argument of type 'Score' is not assignable to parameter of type 'ComplianceScore'.
  Type 'Score' is not assignable to type '{ readonly __brand: "ComplianceScore"; }'.
    Types of property '__brand' are incompatible.
      Type '"Score"' is not assignable to type '"ComplianceScore"'.
src/compliance/monitoring/managers/DriftAnalyzer.ts(61,57): error TS2339: Property 'overallScore' does not exist on type 'ComplianceBaseline'.
src/compliance/monitoring/managers/DriftAnalyzer.ts(62,52): error TS2339: Property 'violationType' does not exist on type 'ComplianceRuleViolation'.
src/compliance/monitoring/managers/DriftAnalyzer.ts(72,31): error TS2339: Property 'overallScore' does not exist on type 'ComplianceBaseline'.
src/compliance/monitoring/managers/DriftAnalyzer.ts(74,7): error TS2322: Type 'ComplianceRuleViolation[]' is not assignable to type 'ComplianceRuleId[]'.
  Type 'ComplianceRuleViolation' is not assignable to type 'ComplianceRuleId'.
    Type 'ComplianceRuleViolation' is not assignable to type 'string'.
src/compliance/monitoring/managers/DriftAnalyzer.ts(121,7): error TS2353: Object literal may only specify known properties, and 'type' does not exist in type 'ComplianceRuleViolation'.
src/compliance/monitoring/managers/DriftAnalyzer.ts(175,43): error TS2345: Argument of type 'ComplianceStandard' is not assignable to parameter of type 'string'.
src/compliance/monitoring/managers/DriftAnalyzer.ts(181,62): error TS2339: Property 'timestamp' does not exist on type 'ComplianceDrift'.
src/compliance/monitoring/managers/DriftAnalyzer.ts(181,76): error TS2339: Property 'timestamp' does not exist on type 'ComplianceDrift'.
src/compliance/monitoring/managers/DriftAnalyzer.ts(182,62): error TS2339: Property 'currentScore' does not exist on type 'ComplianceDrift'.
src/compliance/monitoring/managers/DriftAnalyzer.ts(184,59): error TS2339: Property 'IMPROVING' does not exist on type 'typeof DriftTrend'.
src/compliance/monitoring/managers/DriftAnalyzer.ts(185,59): error TS2339: Property 'DEGRADING' does not exist on type 'typeof DriftTrend'.
src/compliance/monitoring/managers/DriftAnalyzer.ts(196,35): error TS2339: Property 'overallScore' does not exist on type 'ComplianceBaseline'.
src/compliance/monitoring/managers/DriftAnalyzer.ts(220,7): error TS2322: Type 'number' is not assignable to type 'Percentage'.
  Type 'number' is not assignable to type '{ readonly __brand: "Percentage"; }'.
src/compliance/monitoring/managers/DriftAnalyzer.ts(222,7): error TS2322: Type 'ImpactAssessment' is not assignable to type 'string'.
src/compliance/monitoring/managers/DriftAnalyzer.ts(247,7): error TS2353: Object literal may only specify known properties, and 'businessImpact' does not exist in type 'ImpactAssessment'.
src/compliance/monitoring/managers/DriftAnalyzer.ts(249,46): error TS2339: Property 'description' does not exist on type 'ComplianceRuleViolation'.
src/compliance/monitoring/managers/DriftAnalyzer.ts(261,30): error TS2339: Property 'description' does not exist on type 'ComplianceRuleViolation'.
src/compliance/monitoring/managers/DriftAnalyzer.ts(262,28): error TS2339: Property 'autoFixable' does not exist on type 'ComplianceRuleViolation'.
src/compliance/monitoring/managers/DriftAnalyzer.ts(263,36): error TS2339: Property 'autoFixable' does not exist on type 'ComplianceRuleViolation'.
src/compliance/monitoring/managers/DriftAnalyzer.ts(274,7): error TS2353: Object literal may only specify known properties, and 'automated' does not exist in type 'RemediationPlan'.
src/compliance/monitoring/managers/RollbackManager.ts(8,3): error TS2614: Module '"../ComplianceDriftDetector-typed"' has no exported member 'ComplianceDrift'. Did you mean to use 'import ComplianceDrift from "../ComplianceDriftDetector-typed"' instead?
src/compliance/monitoring/managers/RollbackManager.ts(9,3): error TS2614: Module '"../ComplianceDriftDetector-typed"' has no exported member 'DefenseRollbackSystem'. Did you mean to use 'import DefenseRollbackSystem from "../ComplianceDriftDetector-typed"' instead?
src/compliance/monitoring/managers/RollbackManager.ts(10,3): error TS2614: Module '"../ComplianceDriftDetector-typed"' has no exported member 'RollbackSnapshot'. Did you mean to use 'import RollbackSnapshot from "../ComplianceDriftDetector-typed"' instead?
src/compliance/monitoring/managers/RollbackManager.ts(11,3): error TS2614: Module '"../ComplianceDriftDetector-typed"' has no exported member 'RollbackResult'. Did you mean to use 'import RollbackResult from "../ComplianceDriftDetector-typed"' instead?
src/compliance/monitoring/managers/RollbackManager.ts(12,3): error TS2614: Module '"../ComplianceDriftDetector-typed"' has no exported member 'ValidationResult'. Did you mean to use 'import ValidationResult from "../ComplianceDriftDetector-typed"' instead?
src/compliance/monitoring/managers/RollbackManager.ts(192,7): error TS7006: Parameter 'rule' implicitly has an 'any' type.
src/compliance/monitoring/managers/RollbackManager.ts(263,9): error TS7006: Parameter 's' implicitly has an 'any' type.
src/compliance/monitoring/scanners/ComplianceRuleScanner.ts(40,7): error TS2322: Type 'ComplianceStandard' is not assignable to type 'string'.
src/compliance/monitoring/scanners/ComplianceRuleScanner.ts(43,7): error TS2322: Type 'ComplianceScore' is not assignable to type 'Score'.
  Type 'ComplianceScore' is not assignable to type '{ readonly __brand: "Score"; }'.
    Types of property '__brand' are incompatible.
      Type '"ComplianceScore"' is not assignable to type '"Score"'.
src/compliance/monitoring/scanners/ComplianceRuleScanner.ts(46,7): error TS2740: Type 'ComplianceEvidence' is missing the following properties from type 'ComplianceEvidence[]': length, pop, push, concat, and 29 more.
src/compliance/monitoring/scanners/ComplianceRuleScanner.ts(67,27): error TS2344: Type 'ComplianceStandard' does not satisfy the constraint 'string | number | symbol'.
src/compliance/monitoring/scanners/ComplianceRuleScanner.ts(68,8): error TS2693: 'ComplianceStandard' only refers to a type, but is being used as a value here.
src/compliance/monitoring/scanners/ComplianceRuleScanner.ts(73,8): error TS2693: 'ComplianceStandard' only refers to a type, but is being used as a value here.
src/compliance/monitoring/scanners/ComplianceRuleScanner.ts(77,8): error TS2693: 'ComplianceStandard' only refers to a type, but is being used as a value here.
src/compliance/monitoring/scanners/ComplianceRuleScanner.ts(82,8): error TS2693: 'ComplianceStandard' only refers to a type, but is being used as a value here.
src/compliance/monitoring/scanners/ComplianceRuleScanner.ts(88,20): error TS2538: Type 'ComplianceStandard' cannot be used as an index type.
src/compliance/monitoring/scanners/ComplianceRuleScanner.ts(117,7): error TS2353: Object literal may only specify known properties, and 'artifacts' does not exist in type 'ComplianceEvidence'.
src/compliance/monitoring/scanners/ComplianceRuleScanner.ts(128,7): error TS2353: Object literal may only specify known properties, and 'version' does not exist in type 'ScanMetadata'.
src/compliance/monitoring/scanners/ComplianceRuleScanner.ts(147,7): error TS2353: Object literal may only specify known properties, and 'results' does not exist in type 'ToolInfo'.
src/compliance/monitoring/scanners/ComplianceRuleScanner.ts(157,7): error TS2353: Object literal may only specify known properties, and 'id' does not exist in type 'RuleDetails'.
src/compliance/monitoring/scanners/ComplianceRuleScanner.ts(160,17): error TS2693: 'ComplianceStandard' only refers to a type, but is being used as a value here.
src/compliance/monitoring/scanners/ComplianceRuleScanner.ts(174,7): error TS2353: Object literal may only specify known properties, and 'id' does not exist in type 'FixAction'.
src/compliance/monitoring/scanners/ComplianceRuleScanner.ts(195,7): error TS2353: Object literal may only specify known properties, and 'type' does not exist in type 'DocumentationReference'.
src/compliance/monitoring/scanners/ComplianceRuleScanner.ts(218,30): error TS2344: Type 'ComplianceStandard' does not satisfy the constraint 'string | number | symbol'.
src/compliance/monitoring/scanners/ComplianceRuleScanner.ts(219,8): error TS2693: 'ComplianceStandard' only refers to a type, but is being used as a value here.
src/compliance/monitoring/scanners/ComplianceRuleScanner.ts(220,8): error TS2693: 'ComplianceStandard' only refers to a type, but is being used as a value here.
src/compliance/monitoring/scanners/ComplianceRuleScanner.ts(221,8): error TS2693: 'ComplianceStandard' only refers to a type, but is being used as a value here.
src/compliance/monitoring/scanners/ComplianceRuleScanner.ts(222,8): error TS2693: 'ComplianceStandard' only refers to a type, but is being used as a value here.
src/compliance/monitoring/scanners/ComplianceRuleScanner.ts(225,23): error TS2538: Type 'ComplianceStandard' cannot be used as an index type.
src/compliance/types/base/primitives.ts(6,15): error TS2307: Cannot find module '../../../types/primitives' or its corresponding type declarations.
src/config/backward-compatibilityFacade.ts(7,10): error TS2551: Property '_config' does not exist on type 'BackwardCompatibilityFacade'. Did you mean 'config'?
src/config/CompatibilityManagerFSM.ts(7,52): error TS2724: '"./types/CompatibilityTypes"' has no exported member named 'CompatibilityContext'. Did you mean 'CompatibilityConfig'?
src/config/CompatibilityManagerFSM.ts(12,46): error TS2307: Cannot find module './core/CompatibilityTransitionGuard' or its corresponding type declarations.
src/config/CompatibilityManagerFSM.ts(56,48): error TS2339: Property 'VALIDATING' does not exist on type 'typeof CompatibilityStates'.
src/config/CompatibilityManagerFSM.ts(105,40): error TS2345: Argument of type 'unknown' is not assignable to parameter of type 'Error'.
src/config/CompatibilityManagerFSM.ts(119,11): error TS2739: Type '{ [x: number]: { [x: number]: CompatibilityStates; VALIDATION_COMPLETE: CompatibilityStates; }; IDLE: { [x: number]: any; }; LOADING_LEGACY: { [x: number]: CompatibilityStates; }; MIGRATING: { ...; }; ERROR: { ...; }; }' is missing the following properties from type 'Record<CompatibilityStates, Partial<Record<CompatibilityEvents, CompatibilityStates>>>': VALIDATING_LEGACY, VALIDATING_MIGRATION, COMPLETED
src/config/CompatibilityManagerFSM.ts(121,30): error TS2339: Property 'LOAD_LEGACY' does not exist on type 'typeof CompatibilityEvents'.
src/config/CompatibilityManagerFSM.ts(122,30): error TS2339: Property 'VALIDATE_COMPATIBILITY' does not exist on type 'typeof CompatibilityEvents'.
src/config/CompatibilityManagerFSM.ts(122,75): error TS2339: Property 'VALIDATING' does not exist on type 'typeof CompatibilityStates'.
src/config/CompatibilityManagerFSM.ts(125,30): error TS2339: Property 'CONFIGS_LOADED' does not exist on type 'typeof CompatibilityEvents'.
src/config/CompatibilityManagerFSM.ts(126,30): error TS2339: Property 'ERROR' does not exist on type 'typeof CompatibilityEvents'.
src/config/CompatibilityManagerFSM.ts(129,71): error TS2339: Property 'VALIDATING' does not exist on type 'typeof CompatibilityStates'.
src/config/CompatibilityManagerFSM.ts(130,30): error TS2339: Property 'ERROR' does not exist on type 'typeof CompatibilityEvents'.
src/config/CompatibilityManagerFSM.ts(132,28): error TS2339: Property 'VALIDATING' does not exist on type 'typeof CompatibilityStates'.
src/config/CompatibilityManagerFSM.ts(134,30): error TS2339: Property 'ERROR' does not exist on type 'typeof CompatibilityEvents'.
src/config/CompatibilityManagerFSM.ts(191,63): error TS2339: Property 'LOAD_LEGACY' does not exist on type 'typeof CompatibilityEvents'.
src/config/CompatibilityManagerFSM.ts(203,63): error TS2339: Property 'CONFIGS_LOADED' does not exist on type 'typeof CompatibilityEvents'.
src/config/CompatibilityManagerFSM.ts(212,63): error TS2339: Property 'VALIDATE_COMPATIBILITY' does not exist on type 'typeof CompatibilityEvents'.
src/config/components/ConfigLoader.ts(97,57): error TS2769: No overload matches this call.
  Overload 1 of 3, '(path: PathLike | FileHandle, options?: ({ encoding?: null | undefined; flag?: OpenMode | undefined; } & Abortable) | null | undefined): Promise<...>', gave the following error.
    Type 'string' has no properties in common with type '{ encoding?: null | undefined; flag?: OpenMode | undefined; } & Abortable'.
  Overload 2 of 3, '(path: PathLike | FileHandle, options: BufferEncoding | ({ encoding: BufferEncoding; flag?: OpenMode | undefined; } & Abortable)): Promise<...>', gave the following error.
    Argument of type 'string' is not assignable to parameter of type 'BufferEncoding | ({ encoding: BufferEncoding; flag?: OpenMode | undefined; } & Abortable)'.
  Overload 3 of 3, '(path: PathLike | FileHandle, options?: BufferEncoding | (ObjectEncodingOptions & Abortable & { flag?: OpenMode | undefined; }) | null | undefined): Promise<...>', gave the following error.
    Argument of type 'string' is not assignable to parameter of type 'BufferEncoding | (ObjectEncodingOptions & Abortable & { flag?: OpenMode | undefined; }) | null | undefined'.
src/config/configuration-manager.ts(14,15): error TS2307: Cannot find module './configuration-managerFacade' or its corresponding type declarations.
src/config/EnterpriseConfiguration.ts(7,21): error TS2459: Module '"../../types/base/primitives"' declares 'Milliseconds' locally, but it is not exported.
src/config/environment-overridesFacade.ts(21,41): error TS2355: A function whose declared type is neither 'undefined', 'void', nor 'any' must return a value.
src/config/fsm/ConfigBaseFSM.ts(3,66): error TS6059: File 'C:/Users/17175/Desktop/spek template/types/fsm-types.ts' is not under 'rootDir' 'C:/Users/17175/Desktop/spek template/src'. 'rootDir' is expected to contain all source files.
  The file is in the program because:
    Imported via '../../../types/fsm-types' from file 'C:/Users/17175/Desktop/spek template/src/config/fsm/ConfigBaseFSM.ts'
    Imported via '../../../types/fsm-types' from file 'C:/Users/17175/Desktop/spek template/src/performance/fsm/ComparatorBaseFSM.ts'
    Imported via '../../../types/fsm-types' from file 'C:/Users/17175/Desktop/spek template/src/performance/fsm/ReporterBaseFSM.ts'
    Imported via '../../../types/fsm-types' from file 'C:/Users/17175/Desktop/spek template/src/performance/fsm/ProfilerBaseFSM.ts'
    Imported via '../../../types/fsm-types' from file 'C:/Users/17175/Desktop/spek template/src/performance/fsm/DetectorBaseFSM.ts'
src/config/fsm/ConfigStateMachine.ts(162,69): error TS2345: Argument of type 'any[] | undefined' is not assignable to parameter of type 'any[]'.
  Type 'undefined' is not assignable to type 'any[]'.
src/config/fsm/ConfigStateMachine.ts(179,59): error TS2345: Argument of type 'any[] | undefined' is not assignable to parameter of type 'any[]'.
  Type 'undefined' is not assignable to type 'any[]'.
src/config/migration-versioning.ts(14,15): error TS2307: Cannot find module './migration-versioningFacade' or its corresponding type declarations.
src/config/schema-validator-typed.ts(5,15): error TS2307: Cannot find module './schema-validator-typedFacade' or its corresponding type declarations.
src/config/schema-validator.ts(5,15): error TS2307: Cannot find module './schema-validatorFacade' or its corresponding type declarations.
src/config/states/LegacyLoaderStateHandler.ts(9,10): error TS2551: Property '_config' does not exist on type 'LegacyLoaderStateHandler'. Did you mean 'config'?
src/config/states/MigrationStateHandler.ts(9,10): error TS2551: Property '_config' does not exist on type 'MigrationStateHandler'. Did you mean 'config'?
src/config/states/ValidationStateHandler.ts(9,10): error TS2551: Property '_config' does not exist on type 'ValidationStateHandler'. Did you mean 'config'?
src/context/AdaptiveThresholdFSM.ts(8,44): error TS2307: Cannot find module './states/InitializationStateHandler' or its corresponding type declarations.
src/context/AdaptiveThresholdFSM.ts(9,40): error TS2307: Cannot find module './states/MonitoringStateHandler' or its corresponding type declarations.
src/context/AdaptiveThresholdFSM.ts(10,40): error TS2307: Cannot find module './states/AdaptationStateHandler' or its corresponding type declarations.
src/context/AdaptiveThresholdFSM.ts(11,39): error TS2307: Cannot find module './core/ThresholdErrorHandler' or its corresponding type declarations.
src/context/AdaptiveThresholdFSM.ts(12,42): error TS2307: Cannot find module './core/ThresholdTransitionGuard' or its corresponding type declarations.
src/context/AdaptiveThresholdFSM.ts(108,40): error TS2345: Argument of type 'unknown' is not assignable to parameter of type 'Error'.
src/context/AdaptiveThresholdManager.ts(5,15): error TS2307: Cannot find module './AdaptiveThresholdManagerFacade' or its corresponding type declarations.
src/context/ContextValidator.ts(135,10): error TS2339: Property 'initializePlaneConnection' does not exist on type 'ContextValidator'.
src/context/ContextValidator.ts(135,44): error TS7006: Parameter 'error' implicitly has an 'any' type.
src/context/ContextValidator.ts(175,11): error TS2304: Cannot find name 'valid'.
src/context/ContextValidator.ts(272,20): error TS2339: Property 'escalateToQueen' does not exist on type 'ContextValidator'.
src/context/ContextValidator.ts(279,20): error TS2339: Property 'initiateRecovery' does not exist on type 'ContextValidator'.
src/context/ContextValidator.ts(286,20): error TS2339: Property 'alertPrincesses' does not exist on type 'ContextValidator'.
src/context/degradation/components/RecoveryExecutor.ts(16,42): error TS2307: Cannot find module '../../GitHubProjectIntegration' or its corresponding type declarations.
src/context/degradation/components/ValidationEngine.ts(11,42): error TS2307: Cannot find module '../../GitHubProjectIntegration' or its corresponding type declarations.
src/context/degradation/MonitoringOrchestrator.ts(81,7): error TS2322: Type 'unknown' is not assignable to type 'Error | undefined'.
src/context/degradation/MonitoringOrchestrator.ts(158,23): error TS2322: Type 'DegradationAlert | null' is not assignable to type 'DegradationAlert | undefined'.
  Type 'null' is not assignable to type 'DegradationAlert | undefined'.
src/context/degradation/MonitoringOrchestrator.ts(158,30): error TS2322: Type 'RecoveryAction | null' is not assignable to type 'RecoveryAction | undefined'.
  Type 'null' is not assignable to type 'RecoveryAction | undefined'.
src/context/degradation/MonitoringOrchestrator.ts(162,7): error TS2322: Type 'unknown' is not assignable to type 'Error | undefined'.
src/context/degradation/MonitoringOrchestrator.ts(194,7): error TS2322: Type 'unknown' is not assignable to type 'Error | undefined'.
src/context/degradation/MonitoringOrchestrator.ts(287,7): error TS2322: Type 'unknown' is not assignable to type 'Error | undefined'.
src/context/degradation/MonitoringOrchestrator.ts(327,18): error TS2540: Cannot assign to 'config' because it is a read-only property.
src/context/GitHubProjectFSM.ts(8,40): error TS2307: Cannot find module './states/ConnectionStateHandler' or its corresponding type declarations.
src/context/GitHubProjectFSM.ts(9,40): error TS2307: Cannot find module './states/ValidationStateHandler' or its corresponding type declarations.
src/context/GitHubProjectFSM.ts(10,34): error TS2307: Cannot find module './states/SyncStateHandler' or its corresponding type declarations.
src/context/GitHubProjectFSM.ts(11,36): error TS2307: Cannot find module './core/GitHubErrorHandler' or its corresponding type declarations.
src/context/GitHubProjectFSM.ts(12,39): error TS2307: Cannot find module './core/GitHubTransitionGuard' or its corresponding type declarations.
src/context/GitHubProjectFSM.ts(109,40): error TS2345: Argument of type 'unknown' is not assignable to parameter of type 'Error'.
src/context/GitHubProjectIntegration-fsm/GitHubProjectIntegrationCore.ts(8,15): error TS2307: Cannot find module './GitHubProjectIntegrationCoreFacade' or its corresponding type declarations.
src/context/GitHubProjectIntegration-fsm/GitHubProjectIntegrationFacade.ts(4,10): error TS2305: Module '"./GitHubProjectIntegrationCore"' has no exported member 'GitHubProjectIntegrationCore'.
src/context/GitHubProjectIntegration-fsm/GitHubProjectIntegrationFacade.ts(18,29): error TS2345: Argument of type '"START"' is not assignable to parameter of type 'GitHubProjectIntegrationEvents'.
src/context/GitHubProjectIntegration-fsm/GitHubProjectIntegrationFacade.ts(20,29): error TS2345: Argument of type '"COMPLETE"' is not assignable to parameter of type 'GitHubProjectIntegrationEvents'.
src/context/GitHubProjectIntegrationFSM.ts(8,15): error TS2307: Cannot find module './GitHubProjectIntegrationFSMFacade' or its corresponding type declarations.
src/context/IntelligentContextPruner.ts(5,15): error TS2307: Cannot find module './IntelligentContextPrunerFacade' or its corresponding type declarations.
src/context/SemanticDriftDetector.ts(7,10): error TS2305: Module '"./SemanticDriftDetectorFSM"' has no exported member 'SemanticDriftDetectorFSM'.
src/context/SemanticDriftFSM.ts(8,39): error TS2307: Cannot find module './states/CapturingStateHandler' or its corresponding type declarations.
src/context/SemanticDriftFSM.ts(9,39): error TS2307: Cannot find module './states/AnalyzingStateHandler' or its corresponding type declarations.
src/context/SemanticDriftFSM.ts(10,38): error TS2307: Cannot find module './states/AdaptingStateHandler' or its corresponding type declarations.
src/context/SemanticDriftFSM.ts(11,39): error TS2307: Cannot find module './states/ReportingStateHandler' or its corresponding type declarations.
src/context/SemanticDriftFSM.ts(12,35): error TS2307: Cannot find module './core/DriftErrorHandler' or its corresponding type declarations.
src/context/SemanticDriftFSM.ts(13,38): error TS2307: Cannot find module './core/DriftTransitionGuard' or its corresponding type declarations.
src/context/SemanticDriftFSM.ts(109,40): error TS2345: Argument of type 'unknown' is not assignable to parameter of type 'Error'.
src/controllers/core/BaseController.ts(28,23): error TS2415: Class 'BaseController' incorrectly extends base class 'import("C:/Users/17175/Desktop/spek template/node_modules/@types/node/events.d.ts")<DefaultEventMap>'.
  Property 'logger' is protected in type 'BaseController' but public in type 'import("C:/Users/17175/Desktop/spek template/node_modules/@types/node/events.d.ts")<DefaultEventMap>'.
src/controllers/core/BaseController.ts(132,21): error TS2339: Property 'logInfo' does not exist on type 'ControllerLogger'.
src/controllers/core/BaseController.ts(152,21): error TS2339: Property 'logInfo' does not exist on type 'ControllerLogger'.
src/controllers/core/BaseController.ts(179,21): error TS2339: Property 'logInfo' does not exist on type 'ControllerLogger'.
src/controllers/core/BaseController.ts(194,21): error TS2339: Property 'logInfo' does not exist on type 'ControllerLogger'.
src/controllers/core/BaseController.ts(199,23): error TS2339: Property 'logInfo' does not exist on type 'ControllerLogger'.
src/controllers/core/BaseController.ts(214,21): error TS2339: Property 'logInfo' does not exist on type 'ControllerLogger'.
src/controllers/core/BaseController.ts(254,34): error TS2339: Property 'getMetrics' does not exist on type 'MetricsCollector'.
src/controllers/core/BaseController.ts(261,24): error TS2339: Property 'getAllLogs' does not exist on type 'ControllerLogger'.
src/controllers/core/ControllerFSMTypes.ts(138,18): error TS2430: Interface 'CycleControllerContext' incorrectly extends interface 'ControllerContext'.
  Types of property 'errors' are incompatible.
    Type 'string[] | undefined' is not assignable to type 'ControllerError[]'.
      Type 'undefined' is not assignable to type 'ControllerError[]'.
src/controllers/facades/DebugCycleControllerFacade.ts(51,26): error TS2352: Conversion of type 'ControllerContext' to type 'CycleControllerContext' may be a mistake because neither type sufficiently overlaps with the other. If this was intentional, convert the expression to 'unknown' first.
  Types of property 'errors' are incompatible.
    Type 'ControllerError[]' is not comparable to type 'string[]'.
      Type 'ControllerError' is not comparable to type 'string'.
src/controllers/facades/DebugCycleControllerFacade.ts(78,49): error TS2352: Conversion of type 'ControllerContext' to type 'CycleControllerContext' may be a mistake because neither type sufficiently overlaps with the other. If this was intentional, convert the expression to 'unknown' first.
  Types of property 'errors' are incompatible.
    Type 'ControllerError[]' is not comparable to type 'string[]'.
      Type 'ControllerError' is not comparable to type 'string'.
src/controllers/facades/DebugCycleControllerFacade.ts(90,55): error TS2352: Conversion of type 'ControllerContext' to type 'CycleControllerContext' may be a mistake because neither type sufficiently overlaps with the other. If this was intentional, convert the expression to 'unknown' first.
  Types of property 'errors' are incompatible.
    Type 'ControllerError[]' is not comparable to type 'string[]'.
      Type 'ControllerError' is not comparable to type 'string'.
src/controllers/facades/DebugCycleControllerFacade.ts(102,65): error TS2352: Conversion of type 'ControllerContext' to type 'CycleControllerContext' may be a mistake because neither type sufficiently overlaps with the other. If this was intentional, convert the expression to 'unknown' first.
  Types of property 'errors' are incompatible.
    Type 'ControllerError[]' is not comparable to type 'string[]'.
      Type 'ControllerError' is not comparable to type 'string'.
src/controllers/facades/DebugCycleControllerFacade.ts(121,22): error TS18048: 'context.errors' is possibly 'undefined'.
src/controllers/facades/DebugSwarmControllerFacade-duplicate.ts(33,42): error TS2339: Property 'INIT' does not exist on type 'typeof DebugState'.
src/controllers/facades/DebugSwarmControllerFacade-duplicate.ts(52,7): error TS2740: Type 'Map<any, any>' is missing the following properties from type 'string[]': length, pop, push, concat, and 24 more.
src/controllers/facades/DebugSwarmControllerFacade-duplicate.ts(72,46): error TS2339: Property 'INIT' does not exist on type 'typeof DebugState'.
src/controllers/facades/DebugSwarmControllerFacade-duplicate.ts(77,65): error TS2339: Property 'analysisId' does not exist on type 'DebugContext'.
src/controllers/facades/DebugSwarmControllerFacade-duplicate.ts(99,32): error TS2339: Property 'analysisId' does not exist on type 'DebugContext'.
src/controllers/facades/DebugSwarmControllerFacade-duplicate.ts(106,29): error TS2339: Property 'DISTRIBUTING' does not exist on type 'typeof DebugState'.
src/controllers/facades/DebugSwarmControllerFacade-duplicate.ts(107,61): error TS2339: Property 'analysisId' does not exist on type 'DebugContext'.
src/controllers/facades/DebugSwarmControllerFacade-duplicate.ts(119,46): error TS2339: Property 'DISTRIBUTING' does not exist on type 'typeof DebugState'.
src/controllers/facades/DebugSwarmControllerFacade-duplicate.ts(141,29): error TS2339: Property 'COORDINATING' does not exist on type 'typeof DebugState'.
src/controllers/facades/DebugSwarmControllerFacade-duplicate.ts(153,46): error TS2339: Property 'COORDINATING' does not exist on type 'typeof DebugState'.
src/controllers/facades/DebugSwarmControllerFacade-duplicate.ts(167,31): error TS2339: Property 'VALIDATING' does not exist on type 'typeof DebugState'.
src/controllers/facades/DebugSwarmControllerFacade-duplicate.ts(168,67): error TS2339: Property 'analysisId' does not exist on type 'DebugContext'.
src/controllers/facades/DebugSwarmControllerFacade-duplicate.ts(171,46): error TS2339: Property 'VALIDATING' does not exist on type 'typeof DebugState'.
src/controllers/facades/DebugSwarmControllerFacade-duplicate.ts(179,46): error TS2339: Property 'VALIDATING' does not exist on type 'typeof DebugState'.
src/controllers/facades/DebugSwarmControllerFacade-duplicate.ts(184,26): error TS2339: Property 'validationResults' does not exist on type 'DebugContext'.
src/controllers/facades/DebugSwarmControllerFacade-duplicate.ts(195,31): error TS2339: Property 'COMPLETE' does not exist on type 'typeof DebugState'.
src/controllers/facades/DebugSwarmControllerFacade-duplicate.ts(196,67): error TS2339: Property 'analysisId' does not exist on type 'DebugContext'.
src/controllers/facades/DebugSwarmControllerFacade-duplicate.ts(209,32): error TS2339: Property 'analysisId' does not exist on type 'DebugContext'.
src/controllers/facades/DebugSwarmControllerFacade-duplicate.ts(214,39): error TS2339: Property 'size' does not exist on type 'string[]'.
src/controllers/facades/DebugSwarmControllerFacade-duplicate.ts(215,33): error TS2339: Property 'experts' does not exist on type 'DebugContext'.
src/controllers/facades/DebugSwarmControllerFacade-duplicate.ts(267,18): error TS2339: Property 'assignments' does not exist on type 'DebugContext'.
src/controllers/types/DebugState.ts(17,17): error TS2304: Cannot find name 'DebugState'.
src/controllers/types/DebugState.ts(18,19): error TS2304: Cannot find name 'DebugState'.
src/controllers/types/DebugState.ts(20,11): error TS2304: Cannot find name 'DebugState'.
src/controllers/types/DebugState.ts(21,9): error TS2304: Cannot find name 'DebugState'.
src/controllers/types/DebugState.ts(22,12): error TS2304: Cannot find name 'DebugEvent'.
src/controllers/types/DebugState.ts(28,69): error TS2304: Cannot find name 'DebugState'.
src/controllers/types/DebugState.ts(30,20): error TS2304: Cannot find name 'isValidDebugState'.
src/coordinator/MemoryCoordinator.ts(103,13): error TS2564: Property 'config' has no initializer and is not definitely assigned in the constructor.
src/coordinator/MemoryCoordinator.ts(117,10): error TS2551: Property '_config' does not exist on type 'BaseMemoryCoordinator'. Did you mean 'config'?
src/coordinator/MemoryCoordinator.ts(133,32): error TS2551: Property '_config' does not exist on type 'BaseMemoryCoordinator'. Did you mean 'config'?
src/coordinator/MemoryCoordinator.ts(133,83): error TS2551: Property '_config' does not exist on type 'BaseMemoryCoordinator'. Did you mean 'config'?
src/coordinator/MemoryCoordinator.ts(135,15): error TS2551: Property '_config' does not exist on type 'BaseMemoryCoordinator'. Did you mean 'config'?
src/coordinator/MemoryCoordinator.ts(138,17): error TS2551: Property '_config' does not exist on type 'BaseMemoryCoordinator'. Did you mean 'config'?
src/coordinator/MemoryCoordinator.ts(196,44): error TS2551: Property '_config' does not exist on type 'BaseMemoryCoordinator'. Did you mean 'config'?
src/coordinator/MemoryCoordinator.ts(264,25): error TS2551: Property '_config' does not exist on type 'DefaultMemoryCoordinator'. Did you mean 'config'?
src/coordinator/MemoryCoordinator.ts(266,29): error TS2551: Property '_config' does not exist on type 'DefaultMemoryCoordinator'. Did you mean 'config'?
src/coordinator/MemoryCoordinator.ts(267,53): error TS2551: Property '_config' does not exist on type 'DefaultMemoryCoordinator'. Did you mean 'config'?
src/core/QualityGateTypes.ts(7,21): error TS2459: Module '"../../types/base/primitives"' declares 'Milliseconds' locally, but it is not exported.
src/debug/execute-queen-debug.ts(8,10): error TS2305: Module '"./queen/QueenDebugOrchestrator"' has no exported member 'QueenDebugOrchestrator'.
src/debug/execute-queen-debug.ts(8,34): error TS2305: Module '"./queen/QueenDebugOrchestrator"' has no exported member 'DebugTarget'.
src/debug/fsm/SecurityOrchestratorFSM.ts(37,14): error TS2415: Class 'SecurityOrchestratorFSM' incorrectly extends base class 'DroneBaseFSM'.
  Property 'initialize' is private in type 'SecurityOrchestratorFSM' but not in type 'DroneBaseFSM'.
src/debug/queen/components/QueenDebugCore.ts(8,15): error TS2307: Cannot find module './QueenDebugCoreFacade' or its corresponding type declarations.
src/debug/queen/components/QueenDebugStateMachine.ts(13,3): error TS2305: Module '"./QueenDebugTypes"' has no exported member 'DebugProgress'.
src/debug/queen/components/QueenDebugStateMachine.ts(36,49): error TS2339: Property 'INITIALIZED' does not exist on type 'typeof DebugState'.
src/debug/queen/components/QueenDebugStateMachine.ts(45,27): error TS2339: Property 'id' does not exist on type 'DebugTarget'.
src/debug/queen/components/QueenDebugStateMachine.ts(48,34): error TS2339: Property 'id' does not exist on type 'DebugTarget'.
src/debug/queen/components/QueenDebugStateMachine.ts(50,32): error TS2339: Property 'INITIALIZED' does not exist on type 'typeof DebugState'.
src/debug/queen/components/QueenDebugStateMachine.ts(66,7): error TS2322: Type 'number' is not assignable to type 'Timestamp'.
  Type 'number' is not assignable to type '{ readonly __brand: "Timestamp"; }'.
src/debug/queen/components/QueenDebugStateMachine.ts(83,31): error TS2339: Property 'INITIALIZED' does not exist on type 'typeof DebugState'.
src/debug/queen/components/QueenDebugStateMachine.ts(83,62): error TS2339: Property 'START_DEBUG' does not exist on type 'typeof DebugEvent'.
src/debug/queen/components/QueenDebugStateMachine.ts(83,95): error TS2339: Property 'TARGET_ANALYSIS' does not exist on type 'typeof DebugState'.
src/debug/queen/components/QueenDebugStateMachine.ts(84,31): error TS2339: Property 'TARGET_ANALYSIS' does not exist on type 'typeof DebugState'.
src/debug/queen/components/QueenDebugStateMachine.ts(84,66): error TS2339: Property 'TARGET_ANALYZED' does not exist on type 'typeof DebugEvent'.
src/debug/queen/components/QueenDebugStateMachine.ts(84,103): error TS2339: Property 'PRINCESS_ASSIGNMENT' does not exist on type 'typeof DebugState'.
src/debug/queen/components/QueenDebugStateMachine.ts(85,31): error TS2339: Property 'TARGET_ANALYSIS' does not exist on type 'typeof DebugState'.
src/debug/queen/components/QueenDebugStateMachine.ts(85,66): error TS2339: Property 'ANALYSIS_FAILED' does not exist on type 'typeof DebugEvent'.
src/debug/queen/components/QueenDebugStateMachine.ts(85,103): error TS2339: Property 'FAILED' does not exist on type 'typeof DebugState'.
src/debug/queen/components/QueenDebugStateMachine.ts(86,31): error TS2339: Property 'PRINCESS_ASSIGNMENT' does not exist on type 'typeof DebugState'.
src/debug/queen/components/QueenDebugStateMachine.ts(86,70): error TS2339: Property 'PRINCESS_ASSIGNED' does not exist on type 'typeof DebugEvent'.
src/debug/queen/components/QueenDebugStateMachine.ts(86,109): error TS2339: Property 'DRONE_DEPLOYMENT' does not exist on type 'typeof DebugState'.
src/debug/queen/components/QueenDebugStateMachine.ts(87,31): error TS2339: Property 'PRINCESS_ASSIGNMENT' does not exist on type 'typeof DebugState'.
src/debug/queen/components/QueenDebugStateMachine.ts(87,70): error TS2339: Property 'ASSIGNMENT_FAILED' does not exist on type 'typeof DebugEvent'.
src/debug/queen/components/QueenDebugStateMachine.ts(87,109): error TS2339: Property 'FAILED' does not exist on type 'typeof DebugState'.
src/debug/queen/components/QueenDebugStateMachine.ts(88,31): error TS2339: Property 'DRONE_DEPLOYMENT' does not exist on type 'typeof DebugState'.
src/debug/queen/components/QueenDebugStateMachine.ts(88,67): error TS2339: Property 'DRONES_DEPLOYED' does not exist on type 'typeof DebugEvent'.
src/debug/queen/components/QueenDebugStateMachine.ts(88,104): error TS2339: Property 'SWARM_EXECUTION' does not exist on type 'typeof DebugState'.
src/debug/queen/components/QueenDebugStateMachine.ts(89,31): error TS2339: Property 'DRONE_DEPLOYMENT' does not exist on type 'typeof DebugState'.
src/debug/queen/components/QueenDebugStateMachine.ts(89,67): error TS2339: Property 'DEPLOYMENT_FAILED' does not exist on type 'typeof DebugEvent'.
src/debug/queen/components/QueenDebugStateMachine.ts(89,106): error TS2339: Property 'FAILED' does not exist on type 'typeof DebugState'.
src/debug/queen/components/QueenDebugStateMachine.ts(90,31): error TS2339: Property 'SWARM_EXECUTION' does not exist on type 'typeof DebugState'.
src/debug/queen/components/QueenDebugStateMachine.ts(90,66): error TS2339: Property 'EXECUTION_COMPLETED' does not exist on type 'typeof DebugEvent'.
src/debug/queen/components/QueenDebugStateMachine.ts(90,107): error TS2339: Property 'AUDIT_PIPELINE' does not exist on type 'typeof DebugState'.
src/debug/queen/components/QueenDebugStateMachine.ts(91,31): error TS2339: Property 'SWARM_EXECUTION' does not exist on type 'typeof DebugState'.
src/debug/queen/components/QueenDebugStateMachine.ts(91,66): error TS2339: Property 'EXECUTION_FAILED' does not exist on type 'typeof DebugEvent'.
src/debug/queen/components/QueenDebugStateMachine.ts(91,104): error TS2339: Property 'FAILED' does not exist on type 'typeof DebugState'.
src/debug/queen/components/QueenDebugStateMachine.ts(92,31): error TS2339: Property 'AUDIT_PIPELINE' does not exist on type 'typeof DebugState'.
src/debug/queen/components/QueenDebugStateMachine.ts(92,65): error TS2339: Property 'AUDIT_PASSED' does not exist on type 'typeof DebugEvent'.
src/debug/queen/components/QueenDebugStateMachine.ts(92,99): error TS2339: Property 'QUALITY_VALIDATION' does not exist on type 'typeof DebugState'.
src/debug/queen/components/QueenDebugStateMachine.ts(93,31): error TS2339: Property 'AUDIT_PIPELINE' does not exist on type 'typeof DebugState'.
src/debug/queen/components/QueenDebugStateMachine.ts(93,65): error TS2339: Property 'AUDIT_FAILED' does not exist on type 'typeof DebugEvent'.
src/debug/queen/components/QueenDebugStateMachine.ts(93,99): error TS2339: Property 'FAILED' does not exist on type 'typeof DebugState'.
src/debug/queen/components/QueenDebugStateMachine.ts(94,31): error TS2339: Property 'QUALITY_VALIDATION' does not exist on type 'typeof DebugState'.
src/debug/queen/components/QueenDebugStateMachine.ts(94,69): error TS2339: Property 'VALIDATION_PASSED' does not exist on type 'typeof DebugEvent'.
src/debug/queen/components/QueenDebugStateMachine.ts(94,108): error TS2339: Property 'EVIDENCE_COLLECTION' does not exist on type 'typeof DebugState'.
src/debug/queen/components/QueenDebugStateMachine.ts(95,31): error TS2339: Property 'QUALITY_VALIDATION' does not exist on type 'typeof DebugState'.
src/debug/queen/components/QueenDebugStateMachine.ts(95,69): error TS2339: Property 'VALIDATION_FAILED' does not exist on type 'typeof DebugEvent'.
src/debug/queen/components/QueenDebugStateMachine.ts(95,108): error TS2339: Property 'FAILED' does not exist on type 'typeof DebugState'.
src/debug/queen/components/QueenDebugStateMachine.ts(96,31): error TS2339: Property 'EVIDENCE_COLLECTION' does not exist on type 'typeof DebugState'.
src/debug/queen/components/QueenDebugStateMachine.ts(96,70): error TS2339: Property 'EVIDENCE_COLLECTED' does not exist on type 'typeof DebugEvent'.
src/debug/queen/components/QueenDebugStateMachine.ts(96,110): error TS2339: Property 'GITHUB_INTEGRATION' does not exist on type 'typeof DebugState'.
src/debug/queen/components/QueenDebugStateMachine.ts(97,31): error TS2339: Property 'EVIDENCE_COLLECTION' does not exist on type 'typeof DebugState'.
src/debug/queen/components/QueenDebugStateMachine.ts(97,70): error TS2339: Property 'COLLECTION_FAILED' does not exist on type 'typeof DebugEvent'.
src/debug/queen/components/QueenDebugStateMachine.ts(97,109): error TS2339: Property 'FAILED' does not exist on type 'typeof DebugState'.
src/debug/queen/components/QueenDebugStateMachine.ts(98,31): error TS2339: Property 'GITHUB_INTEGRATION' does not exist on type 'typeof DebugState'.
src/debug/queen/components/QueenDebugStateMachine.ts(98,69): error TS2339: Property 'GITHUB_INTEGRATED' does not exist on type 'typeof DebugEvent'.
src/debug/queen/components/QueenDebugStateMachine.ts(98,108): error TS2339: Property 'COMPLETED' does not exist on type 'typeof DebugState'.
src/debug/queen/components/QueenDebugStateMachine.ts(99,31): error TS2339: Property 'GITHUB_INTEGRATION' does not exist on type 'typeof DebugState'.
src/debug/queen/components/QueenDebugStateMachine.ts(99,69): error TS2339: Property 'INTEGRATION_FAILED' does not exist on type 'typeof DebugEvent'.
src/debug/queen/components/QueenDebugStateMachine.ts(99,109): error TS2339: Property 'FAILED' does not exist on type 'typeof DebugState'.
src/debug/queen/components/QueenDebugStateMachine.ts(100,31): error TS2339: Property 'FAILED' does not exist on type 'typeof DebugState'.
src/debug/queen/components/QueenDebugStateMachine.ts(100,57): error TS2339: Property 'RETRY_DEBUG' does not exist on type 'typeof DebugEvent'.
src/debug/queen/components/QueenDebugStateMachine.ts(100,90): error TS2339: Property 'INITIALIZED' does not exist on type 'typeof DebugState'.
src/debug/queen/components/QueenDebugStateMachine.ts(114,52): error TS2339: Property 'INITIALIZED' does not exist on type 'typeof DebugState'.
src/debug/queen/components/QueenDebugStateMachine.ts(189,18): error TS2339: Property 'events' does not exist on type 'DebugSession'.
src/debug/queen/components/QueenDebugStateMachine.ts(192,43): error TS2339: Property 'COMPLETED' does not exist on type 'typeof DebugState'.
src/debug/queen/components/QueenDebugStateMachine.ts(193,20): error TS2339: Property 'status' does not exist on type 'DebugSession'.
src/debug/queen/components/QueenDebugStateMachine.ts(194,20): error TS2339: Property 'endTime' does not exist on type 'DebugSession'.
src/debug/queen/components/QueenDebugStateMachine.ts(195,50): error TS2339: Property 'FAILED' does not exist on type 'typeof DebugState'.
src/debug/queen/components/QueenDebugStateMachine.ts(196,20): error TS2339: Property 'status' does not exist on type 'DebugSession'.
src/debug/queen/components/QueenDebugStateMachine.ts(197,20): error TS2339: Property 'endTime' does not exist on type 'DebugSession'.
src/debug/queen/components/QueenDebugStateMachine.ts(198,50): error TS2339: Property 'CANCELLED' does not exist on type 'typeof DebugState'.
src/debug/queen/components/QueenDebugStateMachine.ts(199,20): error TS2339: Property 'status' does not exist on type 'DebugSession'.
src/debug/queen/components/QueenDebugStateMachine.ts(200,20): error TS2339: Property 'endTime' does not exist on type 'DebugSession'.
src/debug/queen/components/QueenDebugStateMachine.ts(219,11): error TS2739: Type '{ [x: number]: number; }' is missing the following properties from type 'Record<DebugState, number>': INACTIVE, MONITORING, ANALYZING, REPORTING
src/debug/queen/components/QueenDebugStateMachine.ts(220,19): error TS2339: Property 'INITIALIZED' does not exist on type 'typeof DebugState'.
src/debug/queen/components/QueenDebugStateMachine.ts(221,19): error TS2339: Property 'TARGET_ANALYSIS' does not exist on type 'typeof DebugState'.
src/debug/queen/components/QueenDebugStateMachine.ts(222,19): error TS2339: Property 'PRINCESS_ASSIGNMENT' does not exist on type 'typeof DebugState'.
src/debug/queen/components/QueenDebugStateMachine.ts(223,19): error TS2339: Property 'DRONE_DEPLOYMENT' does not exist on type 'typeof DebugState'.
src/debug/queen/components/QueenDebugStateMachine.ts(224,19): error TS2339: Property 'SWARM_EXECUTION' does not exist on type 'typeof DebugState'.
src/debug/queen/components/QueenDebugStateMachine.ts(225,19): error TS2339: Property 'AUDIT_PIPELINE' does not exist on type 'typeof DebugState'.
src/debug/queen/components/QueenDebugStateMachine.ts(226,19): error TS2339: Property 'QUALITY_VALIDATION' does not exist on type 'typeof DebugState'.
src/debug/queen/components/QueenDebugStateMachine.ts(227,19): error TS2339: Property 'EVIDENCE_COLLECTION' does not exist on type 'typeof DebugState'.
src/debug/queen/components/QueenDebugStateMachine.ts(228,19): error TS2339: Property 'GITHUB_INTEGRATION' does not exist on type 'typeof DebugState'.
src/debug/queen/components/QueenDebugStateMachine.ts(229,19): error TS2339: Property 'COMPLETED' does not exist on type 'typeof DebugState'.
src/debug/queen/components/QueenDebugStateMachine.ts(230,19): error TS2339: Property 'FAILED' does not exist on type 'typeof DebugState'.
src/debug/queen/components/QueenDebugStateMachine.ts(231,19): error TS2339: Property 'CANCELLED' does not exist on type 'typeof DebugState'.
src/debug/queen/components/QueenDebugStateMachine.ts(247,18): error TS2339: Property 'progress' does not exist on type 'DebugSession'.
src/debug/queen/components/QueenDebugStateMachine.ts(281,33): error TS2339: Property 'id' does not exist on type 'DebugSession'.
src/debug/queen/components/QueenDebugStateMachine.ts(295,18): error TS2339: Property 'assignedPrincess' does not exist on type 'DebugSession'.
src/debug/queen/components/QueenDebugStateMachine.ts(313,18): error TS2339: Property 'deployedDrones' does not exist on type 'DebugSession'.
src/debug/queen/components/QueenDebugStateMachine.ts(334,20): error TS2339: Property 'progress' does not exist on type 'DebugSession'.
src/debug/queen/components/QueenDebugStateMachine.ts(352,45): error TS2339: Property 'COMPLETED' does not exist on type 'typeof DebugState'.
src/debug/queen/components/QueenDebugStateMachine.ts(353,45): error TS2339: Property 'FAILED' does not exist on type 'typeof DebugState'.
src/debug/queen/components/QueenDebugStateMachine.ts(354,45): error TS2339: Property 'CANCELLED' does not exist on type 'typeof DebugState'.
src/debug/queen/components/QueenDebugStateMachine.ts(366,45): error TS2339: Property 'FAILED' does not exist on type 'typeof DebugState'.
src/debug/queen/components/QueenDebugStateMachine.ts(388,53): error TS2339: Property 'COMPLETED' does not exist on type 'typeof DebugState'.
src/debug/queen/components/QueenDebugStateMachine.ts(389,53): error TS2339: Property 'FAILED' does not exist on type 'typeof DebugState'.
src/debug/queen/components/QueenDebugStateMachine.ts(392,42): error TS2339: Property 'CANCEL_DEBUG' does not exist on type 'typeof DebugEvent'.
src/debug/queen/QueenDebugCore.ts(8,15): error TS2307: Cannot find module './QueenDebugCoreFacade' or its corresponding type declarations.
src/debug/queen/QueenDebugFacade.ts(16,3): error TS2305: Module '"./QueenDebugTypes"' has no exported member 'DebugMetrics'.
src/debug/queen/QueenDebugFacade.ts(25,10): error TS2305: Module '"./QueenDebugCore"' has no exported member 'PrincessAssigner'.
src/debug/queen/QueenDebugFacade.ts(25,28): error TS2305: Module '"./QueenDebugCore"' has no exported member 'DroneDeployer'.
src/debug/queen/QueenDebugFacade.ts(25,43): error TS2305: Module '"./QueenDebugCore"' has no exported member 'DebugExecutor'.
src/debug/queen/QueenDebugFacade.ts(27,10): error TS2305: Module '"./QueenDebugProcessor"' has no exported member 'EvidenceCollector'.
src/debug/queen/QueenDebugFacade.ts(27,29): error TS2305: Module '"./QueenDebugProcessor"' has no exported member 'GitHubIntegrator'.
src/debug/queen/QueenDebugFacade.ts(27,47): error TS2305: Module '"./QueenDebugProcessor"' has no exported member 'CompletionProcessor'.
src/debug/queen/QueenDebugFacade.ts(29,53): error TS2307: Cannot find module '../types/base/primitives' or its corresponding type declarations.
src/debug/queen/QueenDebugFacade.ts(66,18): error TS2339: Property 'stopMonitoring' does not exist on type 'QueenDebugMonitor'.
src/debug/queen/QueenDebugFacade.ts(94,28): error TS2339: Property 'startMonitoring' does not exist on type 'QueenDebugMonitor'.
src/debug/queen/QueenDebugFacade.ts(266,28): error TS2339: Property 'monitorSession' does not exist on type 'QueenDebugMonitor'.
src/debug/queen/QueenDebugFacade.ts(361,28): error TS2339: Property 'completeSession' does not exist on type 'QueenDebugMonitor'.
src/debug/queen/QueenDebugFacade.ts(383,35): error TS2339: Property 'collectMetrics' does not exist on type 'QueenDebugMonitor'.
src/debug/queen/QueenDebugFacade.ts(410,42): error TS2339: Property 'getComprehensiveStatus' does not exist on type 'QueenDebugMonitor'.
src/debug/queen/QueenDebugFacade.ts(429,28): error TS2339: Property 'stopMonitoring' does not exist on type 'QueenDebugMonitor'.
src/debug/queen/QueenDebugMonitor.ts(7,10): error TS2305: Module '"./QueenDebugMonitorFSM"' has no exported member 'QueenDebugMonitorFSM'.
src/debug/queen/QueenDebugMonitor.ts(12,3): error TS2305: Module '"./QueenDebugMonitorFSM"' has no exported member 'QueenInstance'.
src/debug/queen/QueenDebugMonitor.ts(13,3): error TS2305: Module '"./QueenDebugMonitorFSM"' has no exported member 'DebugSession'.
src/debug/queen/QueenDebugMonitor.ts(14,3): error TS2305: Module '"./QueenDebugMonitorFSM"' has no exported member 'DebugEvent'.
src/debug/queen/QueenDebugMonitor.ts(15,3): error TS2305: Module '"./QueenDebugMonitorFSM"' has no exported member 'QueenHealthStatus'.
src/debug/queen/QueenDebugMonitor.ts(16,3): error TS2305: Module '"./QueenDebugMonitorFSM"' has no exported member 'PerformanceMetrics'.
src/debug/queen/QueenDebugMonitor.ts(17,3): error TS2305: Module '"./QueenDebugMonitorFSM"' has no exported member 'Diagnostic'.
src/debug/queen/QueenDebugMonitorFSM.ts(8,15): error TS2307: Cannot find module './QueenDebugMonitorFSMFacade' or its corresponding type declarations.
src/debug/queen/QueenDebugOrchestrator-typed.ts(12,10): error TS2305: Module '"./components/QueenDebugCore"' has no exported member 'QueenDebugCore'.
src/debug/queen/QueenDebugOrchestrator-typed.ts(15,3): error TS2724: '"./components/QueenDebugTypes"' has no exported member named 'DebugResolution'. Did you mean 'DebugResult'?
src/debug/queen/QueenDebugOrchestrator-typed.ts(56,65): error TS2339: Property 'INITIALIZED' does not exist on type 'typeof DebugState'.
src/debug/queen/QueenDebugOrchestrator.ts(8,15): error TS2307: Cannot find module './QueenDebugOrchestratorFacade' or its corresponding type declarations.
src/debug/queen/QueenDebugProcessor.ts(8,15): error TS2307: Cannot find module './QueenDebugProcessorFacade' or its corresponding type declarations.
src/debug/queen/QueenDebugStateMachine.ts(17,27): error TS2307: Cannot find module '../types/base/primitives' or its corresponding type declarations.
src/debug/queen/QueenDebugTypes.ts(32,8): error TS2307: Cannot find module '../types/base/primitives' or its corresponding type declarations.
src/debug/queen/QueenDebugTypes.ts(317,14): error TS2693: 'createDebugContext' only refers to a type, but is being used as a value here.
src/debug/queen/QueenDebugValidator.ts(9,3): error TS2305: Module '"./QueenDebugTypes"' has no exported member 'DebugExecutionResult'.
src/debug/queen/QueenDebugValidator.ts(12,3): error TS2305: Module '"./QueenDebugTypes"' has no exported member 'AuditValidatorResult'.
src/debug/queen/QueenDebugValidator.ts(19,3): error TS2305: Module '"./QueenDebugTypes"' has no exported member 'TheaterEvidence'.
src/debug/queen/QueenDebugValidator.ts(21,47): error TS2307: Cannot find module '../types/base/primitives' or its corresponding type declarations.
src/debug/queen/QueenDebugValidator.ts(203,49): error TS7006: Parameter 'c' implicitly has an 'any' type.
src/debug/queen/QueenDebugValidator.ts(204,47): error TS7006: Parameter 'c' implicitly has an 'any' type.
src/debug/queen/types/core/DebugDomainTypes.ts(7,70): error TS2307: Cannot find module '../../base/primitives' or its corresponding type declarations.
src/debug/queen/types/core/DebugDomainTypes.ts(326,7): error TS2322: Type 'DebugCapability' is not assignable to type 'string'.
src/documentation/automation/fsm/GeneratorBaseFSM.ts(51,9): error TS2353: Object literal may only specify known properties, and '[GeneratorState.IDLE]' does not exist in type 'FSMTransition[]'.
src/documentation/automation/fsm/GeneratorBaseFSM.ts(73,5): error TS2820: Type 'GeneratorState.IDLE' is not assignable to type 'FSMState'. Did you mean 'FSMState.IDLE'?
src/documentation/automation/OpenAPIGeneratorFacade.ts(21,41): error TS2355: A function whose declared type is neither 'undefined', 'void', nor 'any' must return a value.
src/documentation/infrastructure/InfrastructureDocumentationFSM.ts(8,45): error TS2307: Cannot find module './states/TemplateLoadingStateHandler' or its corresponding type declarations.
src/documentation/infrastructure/InfrastructureDocumentationFSM.ts(9,40): error TS2307: Cannot find module './states/GeneratingStateHandler' or its corresponding type declarations.
src/documentation/infrastructure/InfrastructureDocumentationFSM.ts(10,39): error TS2307: Cannot find module './states/DeployingStateHandler' or its corresponding type declarations.
src/documentation/infrastructure/InfrastructureDocumentationFSM.ts(11,40): error TS2307: Cannot find module './states/MonitoringStateHandler' or its corresponding type declarations.
src/documentation/infrastructure/InfrastructureDocumentationFSM.ts(12,33): error TS2307: Cannot find module './core/DocErrorHandler' or its corresponding type declarations.
src/documentation/infrastructure/InfrastructureDocumentationFSM.ts(13,36): error TS2307: Cannot find module './core/DocTransitionGuard' or its corresponding type declarations.
src/documentation/infrastructure/InfrastructureDocumentationFSM.ts(105,40): error TS2345: Argument of type 'unknown' is not assignable to parameter of type 'Error'.
src/documentation/patterns/CrossReferenceManager.ts(8,15): error TS2307: Cannot find module './CrossReferenceManagerFacade' or its corresponding type declarations.
src/documentation/patterns/DocumentationStore.ts(8,15): error TS2307: Cannot find module './DocumentationStoreFacade' or its corresponding type declarations.
src/documentation/patterns/PatternEngine.ts(2,34): error TS2307: Cannot find module '../storage/VectorEmbeddings' or its corresponding type declarations.
src/documentation/patterns/PatternEngine.ts(3,35): error TS2307: Cannot find module './PatternClassifier' or its corresponding type declarations.
src/documentation/patterns/PatternEngine.ts(5,30): error TS2307: Cannot find module '../analysis/CodeAnalyzer' or its corresponding type declarations.
src/documentation/patterns/PatternEngine.ts(128,24): error TS7006: Parameter 'item' implicitly has an 'any' type.
src/documentation/patterns/PatternEngine.ts(145,11): error TS18048: 'metadata.usageCount' is possibly 'undefined'.
src/documentation/patterns/PatternEngine.ts(145,40): error TS18048: 'metadata.effectiveness' is possibly 'undefined'.
src/documentation/patterns/PatternEngine.ts(187,12): error TS7053: Element implicitly has an 'any' type because expression of type 'PatternType' can't be used to index type '{ api_endpoint: string; class_documentation: string; function_documentation: string; configuration: string; error_handling: string; }'.
  Property '[PatternType.DEPLOYMENT]' does not exist on type '{ api_endpoint: string; class_documentation: string; function_documentation: string; configuration: string; error_handling: string; }'.
src/documentation/patterns/PatternEngine.ts(357,7): error TS18048: 'existing.usageCount' is possibly 'undefined'.
src/documentation/patterns/TemplateGenerator-fsm/TemplateGeneratorCore.ts(8,15): error TS2307: Cannot find module './TemplateGeneratorCoreFacade' or its corresponding type declarations.
src/documentation/patterns/TemplateGenerator-fsm/TemplateGeneratorFacade.ts(4,10): error TS2305: Module '"./TemplateGeneratorCore"' has no exported member 'TemplateGeneratorCore'.
src/documentation/patterns/TemplateGenerator-fsm/TemplateGeneratorFacade.ts(18,29): error TS2345: Argument of type '"START"' is not assignable to parameter of type 'TemplateGeneratorEvents'.
src/documentation/patterns/TemplateGenerator-fsm/TemplateGeneratorFacade.ts(20,29): error TS2345: Argument of type '"COMPLETE"' is not assignable to parameter of type 'TemplateGeneratorEvents'.
src/documentation/patterns/VersionSynchronizer-fsm/VersionSynchronizerCore.ts(8,15): error TS2307: Cannot find module './VersionSynchronizerCoreFacade' or its corresponding type declarations.
src/documentation/patterns/VersionSynchronizer-fsm/VersionSynchronizerFacade.ts(4,10): error TS2305: Module '"./VersionSynchronizerCore"' has no exported member 'VersionSynchronizerCore'.
src/documentation/patterns/VersionSynchronizer-fsm/VersionSynchronizerFacade.ts(18,29): error TS2345: Argument of type '"START"' is not assignable to parameter of type 'VersionSynchronizerEvents'.
src/documentation/patterns/VersionSynchronizer-fsm/VersionSynchronizerFacade.ts(20,29): error TS2345: Argument of type '"COMPLETE"' is not assignable to parameter of type 'VersionSynchronizerEvents'.
src/documentation/princess/InfrastructureDocumentationManager.ts(5,15): error TS2307: Cannot find module './InfrastructureDocumentationManagerFacade' or its corresponding type declarations.
src/documentation/princess/ResearchDocumentationManager.ts(8,15): error TS2307: Cannot find module './ResearchDocumentationManagerFacade' or its corresponding type declarations.
src/domains/deployment-orchestration/abstractions/cross-platform-abstraction.ts(5,15): error TS2307: Cannot find module './cross-platform-abstractionFacade' or its corresponding type declarations.
src/domains/deployment-orchestration/compliance/deployment-compliance.ts(5,15): error TS2307: Cannot find module './deployment-complianceFacade' or its corresponding type declarations.
src/domains/deployment-orchestration/config/deployment-config.ts(8,15): error TS2307: Cannot find module './deployment-configFacade' or its corresponding type declarations.
src/domains/deployment-orchestration/coordinators/deployment-orchestrator.ts(18,10): error TS2305: Module '"./multi-environment-coordinator"' has no exported member 'MultiEnvironmentCoordinator'.
src/domains/deployment-orchestration/coordinators/deployment-orchestrator.ts(19,33): error TS2307: Cannot find module '../engines/blue-green-engine' or its corresponding type declarations.
src/domains/deployment-orchestration/coordinators/deployment-orchestrator.ts(21,10): error TS2305: Module '"../systems/auto-rollback-system"' has no exported member 'AutoRollbackSystem'.
src/domains/deployment-orchestration/coordinators/deployment-orchestrator.ts(22,10): error TS2305: Module '"../abstractions/cross-platform-abstraction"' has no exported member 'CrossPlatformAbstraction'.
src/domains/deployment-orchestration/coordinators/deployment-orchestrator.ts(23,38): error TS2307: Cannot find module '../pipelines/pipeline-orchestrator' or its corresponding type declarations.
src/domains/deployment-orchestration/coordinators/deployment-orchestrator.ts(52,52): error TS7006: Parameter 'deploymentId' implicitly has an 'any' type.
src/domains/deployment-orchestration/coordinators/deployment-orchestrator.ts(52,66): error TS7006: Parameter 'reason' implicitly has an 'any' type.
src/domains/deployment-orchestration/coordinators/deployment-orchestrator.ts(56,63): error TS7006: Parameter 'env' implicitly has an 'any' type.
src/domains/deployment-orchestration/coordinators/deployment-orchestrator.ts(56,68): error TS7006: Parameter 'status' implicitly has an 'any' type.
src/domains/deployment-orchestration/coordinators/multi-environment-coordinator.ts(8,15): error TS2307: Cannot find module './multi-environment-coordinatorFacade' or its corresponding type declarations.
src/domains/deployment-orchestration/deployment-agent-real.ts(8,15): error TS2307: Cannot find module './deployment-agent-realFacade' or its corresponding type declarations.
src/domains/deployment-orchestration/engines/blue-green-engine-fsm/blue-green-engineCore.ts(8,15): error TS2307: Cannot find module './blue-green-engineCoreFacade' or its corresponding type declarations.
src/domains/deployment-orchestration/engines/blue-green-engine-fsm/blue-green-engineFacade.ts(4,37): error TS2307: Cannot find module './BlueGreenEngineCore' or its corresponding type declarations.
src/domains/deployment-orchestration/engines/blue-green-engine-fsm/blue-green-engineFacade.ts(5,45): error TS2307: Cannot find module './BlueGreenEngineStateMachine' or its corresponding type declarations.
src/domains/deployment-orchestration/engines/blue-green-engine-fsm/blue-green-engineFacade.ts(26,16): error TS2304: Cannot find name 'blue'.
src/domains/deployment-orchestration/engines/blue-green-engine-fsm/blue-green-engineFacade.ts(26,21): error TS2304: Cannot find name 'green'.
src/domains/deployment-orchestration/engines/blue-green-engine-fsm/blue-green-engineFacade.ts(26,27): error TS2304: Cannot find name 'engineFacade'.
src/domains/deployment-orchestration/index.ts(10,10): error TS2305: Module '"./coordinators/multi-environment-coordinator"' has no exported member 'MultiEnvironmentCoordinator'.
src/domains/deployment-orchestration/index.ts(11,33): error TS2307: Cannot find module './engines/blue-green-engine' or its corresponding type declarations.
src/domains/deployment-orchestration/index.ts(13,10): error TS2305: Module '"./systems/auto-rollback-system"' has no exported member 'AutoRollbackSystem'.
src/domains/deployment-orchestration/index.ts(14,10): error TS2305: Module '"./abstractions/cross-platform-abstraction"' has no exported member 'CrossPlatformAbstraction'.
src/domains/deployment-orchestration/index.ts(15,38): error TS2307: Cannot find module './pipelines/pipeline-orchestrator' or its corresponding type declarations.
src/domains/deployment-orchestration/index.ts(20,15): error TS2307: Cannot find module './utils/deployment-utils' or its corresponding type declarations.
src/domains/deployment-orchestration/index.ts(23,15): error TS2307: Cannot find module './strategies/deployment-strategies' or its corresponding type declarations.
src/domains/deployment-orchestration/index.ts(24,15): error TS2307: Cannot find module './health/health-validators' or its corresponding type declarations.
src/domains/deployment-orchestration/infrastructure/container-orchestrator.ts(92,16): error TS18046: 'error' is of type 'unknown'.
src/domains/deployment-orchestration/infrastructure/container-orchestrator.ts(192,30): error TS2307: Cannot find module '@kubernetes/client-node' or its corresponding type declarations.
src/domains/deployment-orchestration/infrastructure/container-orchestrator.ts(224,30): error TS2307: Cannot find module '@kubernetes/client-node' or its corresponding type declarations.
src/domains/deployment-orchestration/infrastructure/container-orchestrator.ts(240,42): error TS7006: Parameter 'pod' implicitly has an 'any' type.
src/domains/deployment-orchestration/infrastructure/container-orchestrator.ts(244,45): error TS7006: Parameter 'c' implicitly has an 'any' type.
src/domains/deployment-orchestration/infrastructure/container-orchestrator.ts(267,33): error TS2307: Cannot find module 'dockerode' or its corresponding type declarations.
src/domains/deployment-orchestration/infrastructure/container-orchestrator.ts(320,33): error TS2307: Cannot find module 'dockerode' or its corresponding type declarations.
src/domains/deployment-orchestration/infrastructure/container-orchestrator.ts(329,29): error TS7006: Parameter 'container' implicitly has an 'any' type.
src/domains/deployment-orchestration/infrastructure/load-balancer-manager.ts(173,34): error TS2307: Cannot find module '@aws-sdk/client-elastic-load-balancing-v2' or its corresponding type declarations.
src/domains/deployment-orchestration/infrastructure/load-balancer-manager.ts(205,32): error TS2307: Cannot find module '@kubernetes/client-node' or its corresponding type declarations.
src/domains/deployment-orchestration/infrastructure/real-deployment-methods.ts(136,31): error TS2307: Cannot find module 'consul' or its corresponding type declarations.
src/domains/deployment-orchestration/infrastructure/real-deployment-methods.ts(157,34): error TS2307: Cannot find module 'etcd3' or its corresponding type declarations.
src/domains/deployment-orchestration/pipelines/pipeline-orchestrator-fsm/pipeline-orchestratorCore.ts(8,15): error TS2307: Cannot find module './pipeline-orchestratorCoreFacade' or its corresponding type declarations.
src/domains/deployment-orchestration/pipelines/pipeline-orchestrator-fsm/pipeline-orchestratorFacade.ts(4,42): error TS2307: Cannot find module './PipelineOrchestratorCore' or its corresponding type declarations.
src/domains/deployment-orchestration/pipelines/pipeline-orchestrator-fsm/pipeline-orchestratorFacade.ts(5,50): error TS2307: Cannot find module './PipelineOrchestratorStateMachine' or its corresponding type declarations.
src/domains/deployment-orchestration/pipelines/pipeline-orchestrator-fsm/pipeline-orchestratorFacade.ts(26,16): error TS2304: Cannot find name 'pipeline'.
src/domains/deployment-orchestration/pipelines/pipeline-orchestrator-fsm/pipeline-orchestratorFacade.ts(26,25): error TS2304: Cannot find name 'orchestratorFacade'.
src/domains/deployment-orchestration/systems/auto-rollback-system.ts(14,15): error TS2307: Cannot find module './auto-rollback-systemFacade' or its corresponding type declarations.
src/domains/ec/audit/audit-trail-generator.ts(5,15): error TS2307: Cannot find module './audit-trail-generatorFacade' or its corresponding type declarations.
src/domains/ec/compliance-automation-agent.ts(10,10): error TS2305: Module '"./frameworks/soc2-automation"' has no exported member 'SOC2AutomationEngine'.
src/domains/ec/compliance-automation-agent.ts(11,10): error TS2305: Module '"./frameworks/iso27001-mapper"' has no exported member 'ISO27001ControlMapper'.
src/domains/ec/compliance-automation-agent.ts(12,10): error TS2305: Module '"./frameworks/nist-ssdf-validator"' has no exported member 'NISTSSFDValidator'.
src/domains/ec/compliance-automation-agent.ts(13,10): error TS2305: Module '"./audit/audit-trail-generator"' has no exported member 'AuditTrailGenerator'.
src/domains/ec/compliance-automation-agent.ts(14,10): error TS2724: '"./correlation/compliance-correlator"' has no exported member named 'ComplianceCorrelator'. Did you mean 'ComplianceCorrelatorFacade'?
src/domains/ec/compliance-automation-agent.ts(15,10): error TS2305: Module '"./monitoring/real-time-monitor"' has no exported member 'RealTimeMonitor'.
src/domains/ec/compliance-automation-agent.ts(16,10): error TS2724: '"./remediation/remediation-orchestrator"' has no exported member named 'RemediationOrchestrator'. Did you mean 'RemediationOrchestratorFacade'?
src/domains/ec/compliance-automation-agent.ts(321,56): error TS7006: Parameter 'event' implicitly has an 'any' type.
src/domains/ec/compliance-automation-agent.ts(325,55): error TS7006: Parameter 'event' implicitly has an 'any' type.
src/domains/ec/compliance-automation-agent.ts(329,53): error TS7006: Parameter 'event' implicitly has an 'any' type.
src/domains/ec/compliance-automation-agent.ts(434,9): error TS7053: Element implicitly has an 'any' type because expression of type 'string' can't be used to index type '{ soc2: string[]; iso27001: string[]; nistSSFD: string[]; }'.
  No index signature with a parameter of type 'string' was found on type '{ soc2: string[]; iso27001: string[]; nistSSFD: string[]; }'.
src/domains/ec/correlation/compliance-correlatorFacade.ts(21,41): error TS2355: A function whose declared type is neither 'undefined', 'void', nor 'any' must return a value.
src/domains/ec/frameworks/iso27001-mapper.ts(5,15): error TS2307: Cannot find module './iso27001-mapperFacade' or its corresponding type declarations.
src/domains/ec/frameworks/ISO27001MapperFSM.ts(8,44): error TS2307: Cannot find module './states/InitializationStateHandler' or its corresponding type declarations.
src/domains/ec/frameworks/ISO27001MapperFSM.ts(9,40): error TS2307: Cannot find module './states/AssessmentStateHandler' or its corresponding type declarations.
src/domains/ec/frameworks/ISO27001MapperFSM.ts(10,40): error TS2307: Cannot find module './states/ValidationStateHandler' or its corresponding type declarations.
src/domains/ec/frameworks/ISO27001MapperFSM.ts(11,39): error TS2307: Cannot find module './states/ReportingStateHandler' or its corresponding type declarations.
src/domains/ec/frameworks/ISO27001MapperFSM.ts(12,38): error TS2307: Cannot find module './core/ISO27001ErrorHandler' or its corresponding type declarations.
src/domains/ec/frameworks/ISO27001MapperFSM.ts(13,41): error TS2307: Cannot find module './core/ISO27001TransitionGuard' or its corresponding type declarations.
src/domains/ec/frameworks/ISO27001MapperFSM.ts(101,40): error TS2345: Argument of type 'unknown' is not assignable to parameter of type 'Error'.
src/domains/ec/frameworks/nist-ssdf-validatorFacade.ts(21,41): error TS2355: A function whose declared type is neither 'undefined', 'void', nor 'any' must return a value.
src/domains/ec/frameworks/soc2-automation.ts(5,15): error TS2307: Cannot find module './soc2-automationFacade' or its corresponding type declarations.
src/domains/ec/integrations/phase3-integration.ts(5,15): error TS2307: Cannot find module './phase3-integrationFacade' or its corresponding type declarations.
src/domains/ec/monitoring/real-time-monitorFacade.ts(21,41): error TS2355: A function whose declared type is neither 'undefined', 'void', nor 'any' must return a value.
src/domains/ec/monitoring/RealTimeMonitorFacade.ts(151,11): error TS2722: Cannot invoke an object which is possibly 'undefined'.
src/domains/ec/remediation/remediation-orchestratorFacade.ts(21,41): error TS2355: A function whose declared type is neither 'undefined', 'void', nor 'any' must return a value.
src/domains/ec/remediation/RemediationOrchestratorFacade.ts(164,11): error TS2722: Cannot invoke an object which is possibly 'undefined'.
src/domains/ec/remediation/RemediationOrchestratorFacade.ts(277,35): error TS2322: Type 'unknown' is not assignable to type 'RemediationResult | null'.
src/domains/ec/types-fsm/typesFacade.ts(18,29): error TS2345: Argument of type '"START"' is not assignable to parameter of type 'typesEvents'.
src/domains/ec/types-fsm/typesFacade.ts(19,40): error TS2339: Property 'process' does not exist on type 'typesCore'.
src/domains/ec/types-fsm/typesFacade.ts(20,29): error TS2345: Argument of type '"COMPLETE"' is not assignable to parameter of type 'typesEvents'.
src/domains/ec/types-fsm/typesTypes.ts(32,14): error TS2304: Cannot find name 'TestResult'.
src/domains/github-actions/workflow-optimizer-real.ts(8,15): error TS2307: Cannot find module './workflow-optimizer-realFacade' or its corresponding type declarations.
src/domains/quality-gates/compliance/security-fsm/SecurityStateComplianceValidation.ts(60,7): error TS18048: 'context.securityMetrics' is possibly 'undefined'.
src/domains/quality-gates/compliance/security-fsm/SecurityStateVulnerabilityAnalysis.ts(52,7): error TS2322: Type '{ vulnerabilities: VulnerabilityMetrics; compliance?: ComplianceMetrics | undefined; authentication?: AuthenticationMetrics | undefined; authorization?: AuthorizationMetrics | undefined; encryption?: EncryptionMetrics | undefined; logging?: LoggingMetrics | undefined; overallScore?: number | undefined; }' is not assignable to type 'SecurityMetrics'.
  Types of property 'compliance' are incompatible.
    Type 'ComplianceMetrics | undefined' is not assignable to type 'ComplianceMetrics'.
      Type 'undefined' is not assignable to type 'ComplianceMetrics'.
src/domains/quality-gates/compliance/security-fsm/SecurityTransitionHub.ts(26,11): error TS2564: Property 'stateInitial' has no initializer and is not definitely assigned in the constructor.
src/domains/quality-gates/compliance/security-fsm/SecurityTransitionHub.ts(27,11): error TS2564: Property 'stateDataExtraction' has no initializer and is not definitely assigned in the constructor.
src/domains/quality-gates/compliance/security-fsm/SecurityTransitionHub.ts(28,11): error TS2564: Property 'stateVulnerabilityAnalysis' has no initializer and is not definitely assigned in the constructor.
src/domains/quality-gates/compliance/security-fsm/SecurityTransitionHub.ts(29,11): error TS2564: Property 'stateComplianceValidation' has no initializer and is not definitely assigned in the constructor.
src/domains/quality-gates/compliance/security-fsm/SecurityTransitionHub.ts(30,11): error TS2564: Property 'stateReportGeneration' has no initializer and is not definitely assigned in the constructor.
src/domains/quality-gates/compliance/security-fsm/SecurityTransitionHub.ts(33,11): error TS2564: Property 'transitionMatrix' has no initializer and is not definitely assigned in the constructor.
src/domains/quality-gates/compliance/SecurityGateValidator.ts(156,40): error TS2345: Argument of type 'string | undefined' is not assignable to parameter of type 'string'.
  Type 'undefined' is not assignable to type 'string'.
src/domains/quality-gates/compliance/SecurityGateValidator.ts(161,42): error TS2345: Argument of type 'string | undefined' is not assignable to parameter of type 'string'.
  Type 'undefined' is not assignable to type 'string'.
src/domains/quality-gates/config/EnterpriseConfigurationFacade.ts(21,41): error TS2355: A function whose declared type is neither 'undefined', 'void', nor 'any' must return a value.
src/domains/quality-gates/core/QualityGateEngine.ts(8,10): error TS2305: Module '"../metrics/SixSigmaMetrics"' has no exported member 'SixSigmaMetrics'.
src/domains/quality-gates/core/QualityGateEngine.ts(9,41): error TS2307: Cannot find module '../decisions/AutomatedDecisionEngine' or its corresponding type declarations.
src/domains/quality-gates/core/QualityGateEngine.ts(11,10): error TS2305: Module '"../monitoring/PerformanceMonitor"' has no exported member 'PerformanceMonitor'.
src/domains/quality-gates/core/QualityGateEngine.ts(13,34): error TS2307: Cannot find module '../dashboard/QualityDashboard' or its corresponding type declarations.
src/domains/quality-gates/core/QualityGateEngine.ts(71,11): error TS2564: Property 'complianceManager' has no initializer and is not definitely assigned in the constructor.
src/domains/quality-gates/core/QualityGateEngine.ts(73,11): error TS2564: Property 'securityValidator' has no initializer and is not definitely assigned in the constructor.
src/domains/quality-gates/core/QualityGateEngine.ts(88,56): error TS2345: Argument of type '{ criticalVulnerabilities: number; highVulnerabilities: number; mediumVulnerabilities: number; }' is not assignable to parameter of type 'SecurityThresholds'.
  Type '{ criticalVulnerabilities: number; highVulnerabilities: number; mediumVulnerabilities: number; }' is missing the following properties from type 'SecurityThresholds': lowVulnerabilities, minimumSecurityScore
src/domains/quality-gates/core/QualityGateEngine.ts(126,94): error TS2554: Expected 1 arguments, but got 2.
src/domains/quality-gates/core/QualityGateEngine.ts(127,42): error TS2339: Property 'metrics' does not exist on type 'boolean'.
src/domains/quality-gates/core/QualityGateEngine.ts(128,46): error TS2339: Property 'violations' does not exist on type 'boolean'.
src/domains/quality-gates/core/QualityGateEngine.ts(129,51): error TS2339: Property 'recommendations' does not exist on type 'boolean'.
src/domains/quality-gates/core/QualityGateEngine.ts(144,25): error TS2345: Argument of type 'SecurityViolation' is not assignable to parameter of type 'QualityViolation'.
  Type 'SecurityViolation' is missing the following properties from type 'QualityViolation': impact, remediation
src/domains/quality-gates/core/QualityGateEngine.ts(350,42): error TS2339: Property 'getCurrentCompliance' does not exist on type 'ComplianceGateManager'.
src/domains/quality-gates/dashboard/QualityDashboard-fsm/QualityDashboardCore.ts(5,15): error TS2307: Cannot find module './QualityDashboardCoreFacade' or its corresponding type declarations.
src/domains/quality-gates/dashboard/QualityDashboard-fsm/QualityDashboardFacade.ts(4,10): error TS2305: Module '"./QualityDashboardCore"' has no exported member 'QualityDashboardCore'.
src/domains/quality-gates/dashboard/QualityDashboard-fsm/QualityDashboardFacade.ts(18,29): error TS2345: Argument of type '"START"' is not assignable to parameter of type 'QualityDashboardEvents'.
src/domains/quality-gates/dashboard/QualityDashboard-fsm/QualityDashboardFacade.ts(20,29): error TS2345: Argument of type '"COMPLETE"' is not assignable to parameter of type 'QualityDashboardEvents'.
src/domains/quality-gates/dashboard/QualityDashboard-fsm/QualityDashboardTypes.ts(7,7): error TS2304: Cannot find name 'NASAMetrics'.
src/domains/quality-gates/dashboard/QualityDashboard-fsm/QualityDashboardTypes.ts(8,14): error TS2304: Cannot find name 'PerformanceMetrics'.
src/domains/quality-gates/dashboard/QualityDashboard-fsm/QualityDashboardTypes.ts(9,11): error TS2304: Cannot find name 'SecurityMetrics'.
src/domains/quality-gates/dashboard/QualityDashboard-fsm/QualityDashboardTypes.ts(10,8): error TS2304: Cannot find name 'GateMetrics'.
src/domains/quality-gates/dashboard/QualityDashboard-fsm/QualityDashboardTypes.ts(11,9): error TS2304: Cannot find name 'TrendMetrics'.
src/domains/quality-gates/decisions/AutomatedDecisionEngine-fsm/AutomatedDecisionEngineCore.ts(8,15): error TS2307: Cannot find module './AutomatedDecisionEngineCoreFacade' or its corresponding type declarations.
src/domains/quality-gates/decisions/AutomatedDecisionEngine-fsm/AutomatedDecisionEngineFacade.ts(4,10): error TS2305: Module '"./AutomatedDecisionEngineCore"' has no exported member 'AutomatedDecisionEngineCore'.
src/domains/quality-gates/decisions/AutomatedDecisionEngine-fsm/AutomatedDecisionEngineFacade.ts(18,29): error TS2345: Argument of type '"START"' is not assignable to parameter of type 'AutomatedDecisionEngineEvents'.
src/domains/quality-gates/decisions/AutomatedDecisionEngine-fsm/AutomatedDecisionEngineFacade.ts(20,29): error TS2345: Argument of type '"COMPLETE"' is not assignable to parameter of type 'AutomatedDecisionEngineEvents'.
src/domains/quality-gates/decisions/AutomatedDecisionEngine-fsm/AutomatedDecisionEngineTypes.ts(8,17): error TS2304: Cannot find name 'DecisionMatrix'.
src/domains/quality-gates/decisions/AutomatedDecisionEngine-fsm/AutomatedDecisionEngineTypes.ts(19,10): error TS2304: Cannot find name 'RemediationAction'.
src/domains/quality-gates/index.ts(17,10): error TS2305: Module '"./metrics/SixSigmaMetrics"' has no exported member 'SixSigmaMetrics'.
src/domains/quality-gates/index.ts(19,3): error TS2305: Module '"./metrics/SixSigmaMetrics"' has no exported member 'SixSigmaThresholds'.
src/domains/quality-gates/index.ts(20,3): error TS2305: Module '"./metrics/SixSigmaMetrics"' has no exported member 'CTQSpecification'.
src/domains/quality-gates/index.ts(21,3): error TS2305: Module '"./metrics/SixSigmaMetrics"' has no exported member 'SixSigmaMetricsResult'.
src/domains/quality-gates/index.ts(22,3): error TS2305: Module '"./metrics/SixSigmaMetrics"' has no exported member 'SixSigmaMetricsData'.
src/domains/quality-gates/index.ts(23,3): error TS2305: Module '"./metrics/SixSigmaMetrics"' has no exported member 'CTQValidationResult'.
src/domains/quality-gates/index.ts(27,41): error TS2307: Cannot find module './decisions/AutomatedDecisionEngine' or its corresponding type declarations.
src/domains/quality-gates/index.ts(34,8): error TS2307: Cannot find module './decisions/AutomatedDecisionEngine' or its corresponding type declarations.
src/domains/quality-gates/index.ts(42,3): error TS2614: Module '"./compliance/ComplianceGateManager"' has no exported member 'ComplianceViolation'. Did you mean to use 'import ComplianceViolation from "./compliance/ComplianceGateManager"' instead?
src/domains/quality-gates/index.ts(46,10): error TS2305: Module '"./monitoring/PerformanceMonitor"' has no exported member 'PerformanceMonitor'.
src/domains/quality-gates/index.ts(48,3): error TS2305: Module '"./monitoring/PerformanceMonitor"' has no exported member 'PerformanceThresholds'.
src/domains/quality-gates/index.ts(49,3): error TS2305: Module '"./monitoring/PerformanceMonitor"' has no exported member 'PerformanceMetrics'.
src/domains/quality-gates/index.ts(50,3): error TS2305: Module '"./monitoring/PerformanceMonitor"' has no exported member 'RegressionAnalysis'.
src/domains/quality-gates/index.ts(51,3): error TS2305: Module '"./monitoring/PerformanceMonitor"' has no exported member 'PerformanceResult'.
src/domains/quality-gates/index.ts(64,34): error TS2307: Cannot find module './dashboard/QualityDashboard' or its corresponding type declarations.
src/domains/quality-gates/index.ts(70,8): error TS2307: Cannot find module './dashboard/QualityDashboard' or its corresponding type declarations.
src/domains/quality-gates/index.ts(73,10): error TS2305: Module '"./integrations/ArtifactSystemIntegration"' has no exported member 'ArtifactSystemIntegration'.
src/domains/quality-gates/index.ts(75,3): error TS2305: Module '"./integrations/ArtifactSystemIntegration"' has no exported member 'ArtifactQualityMetrics'.
src/domains/quality-gates/index.ts(76,3): error TS2305: Module '"./integrations/ArtifactSystemIntegration"' has no exported member 'ValidationResult'.
src/domains/quality-gates/index.ts(77,3): error TS2305: Module '"./integrations/ArtifactSystemIntegration"' has no exported member 'ArtifactValidationPlan'.
src/domains/quality-gates/index.ts(78,3): error TS2305: Module '"./integrations/ArtifactSystemIntegration"' has no exported member 'QVDomainIntegration'.
src/domains/quality-gates/index.ts(82,10): error TS2724: '"./config/EnterpriseConfiguration"' has no exported member named 'EnterpriseConfiguration'. Did you mean 'EnterpriseConfigurationFacade'?
src/domains/quality-gates/index.ts(84,3): error TS2305: Module '"./config/EnterpriseConfiguration"' has no exported member 'EnterpriseQualityConfig'.
src/domains/quality-gates/index.ts(85,3): error TS2305: Module '"./config/EnterpriseConfiguration"' has no exported member 'CTQSpecification'.
src/domains/quality-gates/index.ts(86,3): error TS2305: Module '"./config/EnterpriseConfiguration"' has no exported member 'QualityGateConfig'.
src/domains/quality-gates/index.ts(87,3): error TS2305: Module '"./config/EnterpriseConfiguration"' has no exported member 'EnterpriseThresholds'.
src/domains/quality-gates/index.ts(94,3): error TS2305: Module '"./integrations/CICDIntegration"' has no exported member 'CICDPipelineExecution'.
src/domains/quality-gates/index.ts(100,46): error TS2307: Cannot find module './monitoring/PerformanceOverheadValidator' or its corresponding type declarations.
src/domains/quality-gates/index.ts(106,8): error TS2307: Cannot find module './monitoring/PerformanceOverheadValidator' or its corresponding type declarations.
src/domains/quality-gates/index.ts(114,19): error TS2304: Cannot find name 'QualityGateEngine'.
src/domains/quality-gates/index.ts(115,22): error TS2304: Cannot find name 'QualityDashboard'.
src/domains/quality-gates/index.ts(116,32): error TS2304: Cannot find name 'ArtifactSystemIntegration'.
src/domains/quality-gates/index.ts(117,28): error TS2304: Cannot find name 'CICDIntegration'.
src/domains/quality-gates/index.ts(118,30): error TS2304: Cannot find name 'PerformanceOverheadValidator'.
src/domains/quality-gates/index.ts(119,29): error TS2304: Cannot find name 'EnterpriseConfiguration'.
src/domains/quality-gates/index.ts(121,32): error TS2304: Cannot find name 'QualityGateConfig'.
src/domains/quality-gates/index.ts(123,33): error TS2304: Cannot find name 'EnterpriseConfiguration'.
src/domains/quality-gates/index.ts(126,34): error TS2304: Cannot find name 'PerformanceOverheadValidator'.
src/domains/quality-gates/index.ts(137,23): error TS2304: Cannot find name 'QualityGateEngine'.
src/domains/quality-gates/index.ts(170,26): error TS2304: Cannot find name 'QualityDashboard'.
src/domains/quality-gates/index.ts(173,36): error TS2304: Cannot find name 'ArtifactSystemIntegration'.
src/domains/quality-gates/index.ts(183,32): error TS2304: Cannot find name 'CICDIntegration'.
src/domains/quality-gates/index.ts(282,45): error TS7006: Parameter 'result' implicitly has an 'any' type.
src/domains/quality-gates/index.ts(287,45): error TS7006: Parameter 'result' implicitly has an 'any' type.
src/domains/quality-gates/index.ts(298,62): error TS7006: Parameter 'metrics' implicitly has an 'any' type.
src/domains/quality-gates/index.ts(308,73): error TS7006: Parameter 'event' implicitly has an 'any' type.
src/domains/quality-gates/index.ts(335,53): error TS7006: Parameter 'measurement' implicitly has an 'any' type.
src/domains/quality-gates/index.ts(341,54): error TS7006: Parameter 'violation' implicitly has an 'any' type.
src/domains/quality-gates/index.ts(356,14): error TS2304: Cannot find name 'QualityGateResult'.
src/domains/quality-gates/index.ts(363,26): error TS2304: Cannot find name 'DashboardMetrics'.
src/domains/quality-gates/index.ts(384,70): error TS2304: Cannot find name 'ArtifactQualityMetrics'.
src/domains/quality-gates/index.ts(411,15): error TS2304: Cannot find name 'OverheadReport'.
src/domains/quality-gates/index.ts(427,39): error TS2304: Cannot find name 'EnterpriseQualityConfig'.
src/domains/quality-gates/index.ts(434,23): error TS2304: Cannot find name 'EnterpriseQualityConfig'.
src/domains/quality-gates/integrations/ArtifactSystemIntegration.ts(5,15): error TS2307: Cannot find module './ArtifactSystemIntegrationFacade' or its corresponding type declarations.
src/domains/quality-gates/integrations/ArtifactSystemIntegrationFSM.ts(8,15): error TS2307: Cannot find module './ArtifactSystemIntegrationFSMFacade' or its corresponding type declarations.
src/domains/quality-gates/integrations/cicd/CICDDeploymentManager.ts(8,15): error TS2307: Cannot find module './CICDDeploymentManagerFacade' or its corresponding type declarations.
src/domains/quality-gates/integrations/cicd/CICDIntegrationFacade.ts(16,10): error TS2305: Module '"./CICDWorkflowEngine"' has no exported member 'CICDWorkflowEngine'.
src/domains/quality-gates/integrations/cicd/CICDIntegrationFacade.ts(16,30): error TS2305: Module '"./CICDWorkflowEngine"' has no exported member 'WorkflowExecution'.
src/domains/quality-gates/integrations/cicd/CICDIntegrationFacade.ts(16,49): error TS2305: Module '"./CICDWorkflowEngine"' has no exported member 'WorkflowConfig'.
src/domains/quality-gates/integrations/cicd/CICDIntegrationFacade.ts(16,65): error TS2305: Module '"./CICDWorkflowEngine"' has no exported member 'ExecutionMetrics'.
src/domains/quality-gates/integrations/cicd/CICDIntegrationFacade.ts(17,10): error TS2305: Module '"./CICDQualityGateManager"' has no exported member 'CICDQualityGateManager'.
src/domains/quality-gates/integrations/cicd/CICDIntegrationFacade.ts(17,34): error TS2305: Module '"./CICDQualityGateManager"' has no exported member 'QualityGateResult'.
src/domains/quality-gates/integrations/cicd/CICDIntegrationFacade.ts(17,53): error TS2305: Module '"./CICDQualityGateManager"' has no exported member 'ApprovalGate'.
src/domains/quality-gates/integrations/cicd/CICDIntegrationFacade.ts(17,67): error TS2305: Module '"./CICDQualityGateManager"' has no exported member 'QualityGateIntegration'.
src/domains/quality-gates/integrations/cicd/CICDIntegrationFacade.ts(18,10): error TS2305: Module '"./CICDDeploymentManager"' has no exported member 'CICDDeploymentManager'.
src/domains/quality-gates/integrations/cicd/CICDIntegrationFacade.ts(18,33): error TS2305: Module '"./CICDDeploymentManager"' has no exported member 'DeploymentExecution'.
src/domains/quality-gates/integrations/cicd/CICDIntegrationFacade.ts(18,54): error TS2305: Module '"./CICDDeploymentManager"' has no exported member 'DeploymentStrategy'.
src/domains/quality-gates/integrations/cicd/CICDIntegrationFacade.ts(18,74): error TS2305: Module '"./CICDDeploymentManager"' has no exported member 'EnvironmentConfig'.
src/domains/quality-gates/integrations/cicd/CICDIntegrationFacade.ts(233,46): error TS7006: Parameter 'e' implicitly has an 'any' type.
src/domains/quality-gates/integrations/cicd/CICDQualityGateManager.ts(8,15): error TS2307: Cannot find module './CICDQualityGateManagerFacade' or its corresponding type declarations.
src/domains/quality-gates/integrations/cicd/CICDWorkflowEngine.ts(8,15): error TS2307: Cannot find module './CICDWorkflowEngineFacade' or its corresponding type declarations.
src/domains/quality-gates/integrations/CICDIntegration.ts(29,15): error TS2305: Module '"./cicd/CICDWorkflowEngine"' has no exported member 'WorkflowConfig'.
src/domains/quality-gates/integrations/CICDIntegration.ts(29,31): error TS2305: Module '"./cicd/CICDWorkflowEngine"' has no exported member 'ExecutionMetrics'.
src/domains/quality-gates/integrations/CICDIntegration.ts(29,49): error TS2305: Module '"./cicd/CICDWorkflowEngine"' has no exported member 'WorkflowStep'.
src/domains/quality-gates/integrations/CICDIntegration.ts(29,63): error TS2305: Module '"./cicd/CICDWorkflowEngine"' has no exported member 'WorkflowArtifact'.
src/domains/quality-gates/integrations/CICDIntegration.ts(30,15): error TS2305: Module '"./cicd/CICDQualityGateManager"' has no exported member 'ApprovalGate'.
src/domains/quality-gates/integrations/CICDIntegration.ts(30,29): error TS2305: Module '"./cicd/CICDQualityGateManager"' has no exported member 'QualityGateIntegration'.
src/domains/quality-gates/integrations/CICDIntegration.ts(30,53): error TS2305: Module '"./cicd/CICDQualityGateManager"' has no exported member 'BypassCondition'.
src/domains/quality-gates/integrations/CICDIntegration.ts(30,70): error TS2305: Module '"./cicd/CICDQualityGateManager"' has no exported member 'EscalationPolicy'.
src/domains/quality-gates/integrations/CICDIntegration.ts(31,15): error TS2305: Module '"./cicd/CICDDeploymentManager"' has no exported member 'DeploymentStrategy'.
src/domains/quality-gates/integrations/CICDIntegration.ts(31,35): error TS2305: Module '"./cicd/CICDDeploymentManager"' has no exported member 'EnvironmentConfig'.
src/domains/quality-gates/integrations/CICDIntegration.ts(31,54): error TS2305: Module '"./cicd/CICDDeploymentManager"' has no exported member 'HealthCheck'.
src/domains/quality-gates/integrations/CICDIntegration.ts(31,67): error TS2305: Module '"./cicd/CICDDeploymentManager"' has no exported member 'RollbackTrigger'.
src/domains/quality-gates/integrations/CICDIntegrationFSM.ts(178,9): error TS2322: Type '"enum"' is not assignable to type '"version" | "schema" | "permission" | "connection" | "authentication"'.
src/domains/quality-gates/integrations/CICDIntegrationFSM.ts(188,9): error TS2322: Type '(auth: AuthenticationConfig) => Record<string, string>' is not assignable to type '(value: any) => boolean'.
  Type 'Record<string, string>' is not assignable to type 'boolean'.
src/domains/quality-gates/integrations/CICDIntegrationFSM.ts(192,9): error TS2322: Type '"configuration"' is not assignable to type '"version" | "schema" | "permission" | "connection" | "authentication"'.
src/domains/quality-gates/integrations/CICDIntegrationFSM.ts(195,9): error TS2322: Type '(workflows: WorkflowConfig) => string' is not assignable to type '(value: any) => boolean'.
  Type 'string' is not assignable to type 'boolean'.
src/domains/quality-gates/integrations/CICDIntegrationFSM.ts(199,9): error TS2322: Type '"configuration"' is not assignable to type '"version" | "schema" | "permission" | "connection" | "authentication"'.
src/domains/quality-gates/metrics/SixSigmaMetrics.ts(8,15): error TS2307: Cannot find module './SixSigmaMetricsFacade' or its corresponding type declarations.
src/domains/quality-gates/monitoring/PerformanceMonitor.ts(14,15): error TS2307: Cannot find module './PerformanceMonitorFacade' or its corresponding type declarations.
src/domains/quality-gates/monitoring/PerformanceOverheadValidator-fsm/PerformanceOverheadValidatorCore.ts(8,15): error TS2307: Cannot find module './PerformanceOverheadValidatorCoreFacade' or its corresponding type declarations.
src/domains/quality-gates/monitoring/PerformanceOverheadValidator-fsm/PerformanceOverheadValidatorFacade.ts(4,10): error TS2305: Module '"./PerformanceOverheadValidatorCore"' has no exported member 'PerformanceOverheadValidatorCore'.
src/domains/quality-gates/monitoring/PerformanceOverheadValidator-fsm/PerformanceOverheadValidatorFacade.ts(18,29): error TS2345: Argument of type '"START"' is not assignable to parameter of type 'PerformanceOverheadValidatorEvents'.
src/domains/quality-gates/monitoring/PerformanceOverheadValidator-fsm/PerformanceOverheadValidatorFacade.ts(20,29): error TS2345: Argument of type '"COMPLETE"' is not assignable to parameter of type 'PerformanceOverheadValidatorEvents'.
src/dspy-integration/a2a-context-dna/A2ACommunicationEngine.ts(469,24): error TS2339: Property 'role' does not exist on type 'AgentIdentity'.
src/dspy-integration/a2a-context-dna/A2ACommunicationEngine.ts(470,24): error TS2339: Property 'role' does not exist on type 'AgentIdentity'.
src/dspy-integration/a2a-context-dna/A2ACommunicationEngine.ts(473,51): error TS2339: Property 'role' does not exist on type 'AgentIdentity'.
src/dspy-integration/a2a-context-dna/A2ACommunicationEngine.ts(473,69): error TS2339: Property 'role' does not exist on type 'AgentIdentity'.
src/dspy-integration/a2a-context-dna/A2ACommunicationEngine.ts(663,28): error TS2339: Property 'metadata' does not exist on type 'AgentIdentity'.
src/dspy-integration/a2a-context-dna/A2ACommunicationEngine.ts(698,24): error TS2339: Property 'sourceId' does not exist on type 'AgentMessage'.
src/dspy-integration/a2a-context-dna/A2ACommunicationEngine.ts(699,23): error TS2339: Property 'metadata' does not exist on type 'AgentMessage'.
src/dspy-integration/a2a-context-dna/A2ACommunicationEngine.ts(756,9): error TS2353: Object literal may only specify known properties, and 'metadata' does not exist in type 'EnhancedMessage'.
src/dspy-integration/a2a-context-dna/A2ACommunicationEngine.ts(757,30): error TS2339: Property 'metadata' does not exist on type 'AgentMessage'.
src/dspy-integration/a2a-context-dna/A2ACommunicationEngine.ts(767,11): error TS2322: Type '"DSPY_SIGNATURE"' is not assignable to type '"COMPRESS_CONTEXT" | "ENHANCE_SEMANTICS" | "FILTER_NOISE" | "BOOST_RELEVANCE"'.
src/dspy-integration/a2a-context-dna/CommunicationQualityScorer.ts(515,64): error TS7006: Parameter 'e' implicitly has an 'any' type.
src/dspy-integration/a2a-context-dna/ContextDNAEnhancer.ts(355,21): error TS7053: Element implicitly has an 'any' type because expression of type 'any' can't be used to index type '{ LOW: number; MEDIUM: number; HIGH: number; CRITICAL: number; }'.
src/dspy-integration/a2a-context-dna/CrossAgentMemoryCoordinator.ts(159,24): error TS7053: Element implicitly has an 'any' type because expression of type 'string' can't be used to index type 'MemoryState'.
  No index signature with a parameter of type 'string' was found on type 'MemoryState'.
src/dspy-integration/a2a-context-dna/CrossAgentMemoryCoordinator.ts(438,37): error TS2551: Property 'SEMANTIC' does not exist on type 'MemoryState'. Did you mean 'semantic'?
src/dspy-integration/a2a-context-dna/CrossAgentMemoryCoordinator.ts(443,19): error TS2551: Property 'SEMANTIC' does not exist on type 'MemoryState'. Did you mean 'semantic'?
src/dspy-integration/a2a-context-dna/OptimizationFeedbackLoop.ts(414,24): error TS7053: Element implicitly has an 'any' type because expression of type 'any' can't be used to index type '{ semanticCoherence: string; contextRelevance: string; actionClarity: string; completeness: string; }'.
src/dspy-integration/a2a-context-dna/signatures/ContextDNASignature.ts(597,24): error TS7053: Element implicitly has an 'any' type because expression of type 'any' can't be used to index type '{ BASIC: number; STANDARD: number; HIGH: number; EXPERT: number; }'.
src/dspy-integration/a2a-context-dna/signatures/ContextDNASignature.ts(911,78): error TS7006: Parameter 'opt' implicitly has an 'any' type.
src/dspy-integration/a2a-context-dna/signatures/ContextDNASignature.ts(916,74): error TS7006: Parameter 'opt' implicitly has an 'any' type.
src/dspy-integration/a2a-context-dna/signatures/ContextDNASignature.ts(1016,59): error TS7006: Parameter 'change' implicitly has an 'any' type.
src/dspy-integration/a2a-context-dna/signatures/DroneStatusSignature.ts(277,7): error TS2322: Type 'string' is not assignable to type '"FAILED" | "BLOCKED" | "ON_TRACK" | "AHEAD_OF_SCHEDULE" | "DELAYED" | "AT_RISK"'.
src/dspy-integration/a2a-context-dna/signatures/DroneStatusSignature.ts(328,7): error TS2322: Type 'string' is not assignable to type '"EXCELLENT" | "GOOD" | "FAIR" | "POOR" | "DYSFUNCTIONAL"'.
src/dspy-integration/a2a-context-dna/signatures/DroneStatusSignature.ts(389,20): error TS7053: Element implicitly has an 'any' type because expression of type 'any' can't be used to index type '{ ACTIVE: number; IDLE: number; MAINTENANCE: number; ERROR: number; SHUTDOWN: number; }'.
src/dspy-integration/a2a-context-dna/signatures/DroneStatusSignature.ts(417,19): error TS7053: Element implicitly has an 'any' type because expression of type 'any' can't be used to index type '{ ACTIVE: number; IDLE: number; MAINTENANCE: number; ERROR: number; SHUTDOWN: number; }'.
src/dspy-integration/a2a-context-dna/signatures/DroneStatusSignature.ts(508,59): error TS7006: Parameter 'e' implicitly has an 'any' type.
src/dspy-integration/a2a-context-dna/signatures/DroneStatusSignature.ts(524,42): error TS2532: Object is possibly 'undefined'.
src/dspy-integration/a2a-context-dna/signatures/DroneStatusSignature.ts(532,49): error TS2532: Object is possibly 'undefined'.
src/dspy-integration/a2a-context-dna/signatures/DroneStatusSignature.ts(543,45): error TS2532: Object is possibly 'undefined'.
src/dspy-integration/a2a-context-dna/signatures/DroneStatusSignature.ts(554,67): error TS7006: Parameter 'e' implicitly has an 'any' type.
src/dspy-integration/a2a-context-dna/signatures/DroneStatusSignature.ts(607,57): error TS7006: Parameter 'b' implicitly has an 'any' type.
src/dspy-integration/a2a-context-dna/signatures/DroneStatusSignature.ts(655,36): error TS7006: Parameter 'risk' implicitly has an 'any' type.
src/dspy-integration/a2a-context-dna/signatures/DroneStatusSignature.ts(680,60): error TS7006: Parameter 'res' implicitly has an 'any' type.
src/dspy-integration/a2a-context-dna/signatures/DroneStatusSignature.ts(681,42): error TS7006: Parameter 'sum' implicitly has an 'any' type.
src/dspy-integration/a2a-context-dna/signatures/DroneStatusSignature.ts(681,47): error TS7006: Parameter 'eff' implicitly has an 'any' type.
src/dspy-integration/a2a-context-dna/signatures/DroneStatusSignature.ts(683,57): error TS7006: Parameter 'res' implicitly has an 'any' type.
src/dspy-integration/a2a-context-dna/signatures/DroneStatusSignature.ts(730,33): error TS7006: Parameter 'blocker' implicitly has an 'any' type.
src/dspy-integration/a2a-context-dna/signatures/DroneStatusSignature.ts(787,59): error TS7006: Parameter 'comm' implicitly has an 'any' type.
src/dspy-integration/a2a-context-dna/signatures/DroneStatusSignature.ts(833,70): error TS7006: Parameter 'h' implicitly has an 'any' type.
src/dspy-integration/a2a-context-dna/signatures/DroneToPrincessSignature.ts(8,3): error TS2305: Module '"../interfaces/types"' has no exported member 'DSPySignature'.
src/dspy-integration/a2a-context-dna/signatures/DroneToPrincessSignature.ts(10,3): error TS2305: Module '"../interfaces/types"' has no exported member 'CommunicationContext'.
src/dspy-integration/a2a-context-dna/signatures/PrincessDroneCommSignature.ts(609,49): error TS7006: Parameter 'drone' implicitly has an 'any' type.
src/dspy-integration/a2a-context-dna/signatures/PrincessDroneCommSignature.ts(624,15): error TS7006: Parameter 'drone' implicitly has an 'any' type.
src/dspy-integration/a2a-context-dna/signatures/PrincessDroneCommSignature.ts(626,13): error TS7006: Parameter 'drone' implicitly has an 'any' type.
src/dspy-integration/a2a-context-dna/signatures/PrincessDroneCommSignature.ts(626,20): error TS7006: Parameter 'index' implicitly has an 'any' type.
src/dspy-integration/a2a-context-dna/signatures/PrincessDroneCommSignature.ts(629,19): error TS7006: Parameter 'd' implicitly has an 'any' type.
src/dspy-integration/a2a-context-dna/signatures/PrincessDroneCommSignature.ts(631,16): error TS7006: Parameter 'd' implicitly has an 'any' type.
src/dspy-integration/a2a-context-dna/signatures/PrincessDroneCommSignature.ts(639,57): error TS7006: Parameter 'd' implicitly has an 'any' type.
src/dspy-integration/a2a-context-dna/signatures/PrincessDroneCommSignature.ts(683,59): error TS7006: Parameter 'b' implicitly has an 'any' type.
src/dspy-integration/a2a-context-dna/signatures/PrincessDroneCommSignature.ts(723,61): error TS7006: Parameter 'res' implicitly has an 'any' type.
src/dspy-integration/a2a-context-dna/signatures/PrincessDroneCommSignature.ts(728,33): error TS7006: Parameter 'sum' implicitly has an 'any' type.
src/dspy-integration/a2a-context-dna/signatures/PrincessDroneCommSignature.ts(728,38): error TS7006: Parameter 'eff' implicitly has an 'any' type.
src/dspy-integration/a2a-context-dna/signatures/PrincessDroneCommSignature.ts(804,57): error TS7006: Parameter 'b' implicitly has an 'any' type.
src/dspy-integration/a2a-context-dna/signatures/PrincessToDroneSignature.ts(8,3): error TS2305: Module '"../interfaces/types"' has no exported member 'DSPySignature'.
src/dspy-integration/a2a-context-dna/signatures/PrincessToDroneSignature.ts(10,3): error TS2305: Module '"../interfaces/types"' has no exported member 'CommunicationContext'.
src/dspy-integration/a2a-context-dna/signatures/PrincessToDroneSignature.ts(12,3): error TS2305: Module '"../interfaces/types"' has no exported member 'ResourceConstraints'.
src/dspy-integration/a2a-context-dna/signatures/PrincessToQueenSignature.ts(8,3): error TS2305: Module '"../interfaces/types"' has no exported member 'DSPySignature'.
src/dspy-integration/a2a-context-dna/signatures/PrincessToQueenSignature.ts(10,3): error TS2305: Module '"../interfaces/types"' has no exported member 'CommunicationContext'.
src/dspy-integration/a2a-context-dna/signatures/QueenToPrincessSignature.ts(8,3): error TS2305: Module '"../interfaces/types"' has no exported member 'DSPySignature'.
src/dspy-integration/a2a-context-dna/signatures/QueenToPrincessSignature.ts(10,3): error TS2305: Module '"../interfaces/types"' has no exported member 'CommunicationContext'.
src/dspy-integration/a2a-context-dna/signatures/QueenToPrincessSignature.ts(12,3): error TS2305: Module '"../interfaces/types"' has no exported member 'ResourceConstraints'.
src/dspy-integration/claude-code/A2ACommSystem.ts(338,9): error TS2353: Object literal may only specify known properties, and 'optimization_version' does not exist in type 'A2AMetadata'.
src/dspy-integration/claude-code/AgentSummoningSignatures.ts(13,11): error TS2430: Interface 'BaseAgentSignature' incorrectly extends interface 'DSPySignature'.
  Types of property 'inputs' are incompatible.
    Type '{ task_description: string; project_context: ProjectContext; quality_requirements: QualityRequirements; constraints: Constraint[]; }' is not assignable to type 'Record<string, string | DSPyField>'.
      Property 'project_context' is incompatible with index signature.
        Type 'ProjectContext' is not assignable to type 'string | DSPyField'.
src/dspy-integration/claude-code/ClaudeCodeDSPyIntegration.ts(113,29): error TS2693: 'FeedbackLoop' only refers to a type, but is being used as a value here.
src/dspy-integration/claude-code/ClaudeCodeDSPyIntegration.ts(114,35): error TS2693: 'PerformanceMetrics' only refers to a type, but is being used as a value here.
src/dspy-integration/claude-code/ClaudeCodeDSPyIntegration.ts(131,9): error TS2345: Argument of type 'DSPySignature | undefined' is not assignable to parameter of type 'DSPySignature'.
  Type 'undefined' is not assignable to type 'DSPySignature'.
src/dspy-integration/claude-code/ClaudeCodeDSPyIntegration.ts(196,7): error TS2322: Type 'null' is not assignable to type 'ContextDNA'.
src/dspy-integration/claude-code/ClaudeCodeDSPyInterface.ts(350,7): error TS2322: Type 'PerformanceTargets' is not assignable to type 'Record<string, number>'.
  Index signature for type 'string' is missing in type 'PerformanceTargets'.
src/dspy-integration/claude-code/ClaudeFlowCoordination.ts(113,36): error TS2304: Cannot find name 'SwarmState'.
src/dspy-integration/claude-code/ClaudeFlowCoordination.ts(179,42): error TS2339: Property 'optimizeSwarmTopology' does not exist on type 'ClaudeFlowCoordinator'.
src/dspy-integration/claude-code/ClaudeFlowCoordination.ts(196,18): error TS2339: Property 'establishHierarchy' does not exist on type 'ClaudeFlowCoordinator'.
src/dspy-integration/claude-code/ClaudeFlowCoordination.ts(200,16): error TS2339: Property 'configureCommunicationProtocols' does not exist on type 'ClaudeFlowCoordinator'.
src/dspy-integration/claude-code/ClaudeFlowCoordination.ts(215,40): error TS2339: Property 'getInitialMetrics' does not exist on type 'ClaudeFlowCoordinator'.
src/dspy-integration/claude-code/ClaudeFlowCoordination.ts(237,28): error TS2339: Property 'extractAgentType' does not exist on type 'ClaudeFlowCoordinator'.
src/dspy-integration/claude-code/ClaudeFlowCoordination.ts(241,45): error TS2339: Property 'optimizeAgentConfiguration' does not exist on type 'ClaudeFlowCoordinator'.
src/dspy-integration/claude-code/ClaudeFlowCoordination.ts(260,18): error TS2339: Property 'registerAgentInHierarchy' does not exist on type 'ClaudeFlowCoordinator'.
src/dspy-integration/claude-code/ClaudeFlowCoordination.ts(268,16): error TS2339: Property 'setupAgentCommunication' does not exist on type 'ClaudeFlowCoordinator'.
src/dspy-integration/claude-code/ClaudeFlowCoordination.ts(274,32): error TS2551: Property 'getSwarmStatus' does not exist on type 'ClaudeFlowCoordinator'. Did you mean 'swarmStates'?
src/dspy-integration/claude-code/ClaudeFlowCoordination.ts(279,22): error TS2339: Property 'determineAgentRole' does not exist on type 'ClaudeFlowCoordinator'.
src/dspy-integration/claude-code/ClaudeFlowCoordination.ts(284,37): error TS2339: Property 'getTaskDistribution' does not exist on type 'ClaudeFlowCoordinator'.
src/dspy-integration/claude-code/ClaudeFlowCoordination.ts(285,40): error TS2339: Property 'getCoordinationMetrics' does not exist on type 'ClaudeFlowCoordinator'.
src/dspy-integration/claude-code/ClaudeFlowCoordination.ts(310,37): error TS2339: Property 'analyzeTaskForDistribution' does not exist on type 'ClaudeFlowCoordinator'.
src/dspy-integration/claude-code/ClaudeFlowCoordination.ts(316,45): error TS2339: Property 'optimizeTaskDistribution' does not exist on type 'ClaudeFlowCoordinator'.
src/dspy-integration/claude-code/ClaudeFlowCoordination.ts(333,41): error TS2339: Property 'startExecutionMonitoring' does not exist on type 'ClaudeFlowCoordinator'.
src/dspy-integration/claude-code/ClaudeFlowCoordination.ts(339,32): error TS2551: Property 'getSwarmStatus' does not exist on type 'ClaudeFlowCoordinator'. Did you mean 'swarmStates'?
src/dspy-integration/claude-code/ClaudeFlowCoordination.ts(340,37): error TS2339: Property 'getAgentAssignments' does not exist on type 'ClaudeFlowCoordinator'.
src/dspy-integration/claude-code/ClaudeFlowCoordination.ts(349,40): error TS2339: Property 'getCoordinationMetrics' does not exist on type 'ClaudeFlowCoordinator'.
src/dspy-integration/claude-code/ClaudeFlowCoordination.ts(395,33): error TS2339: Property 'parseQueenDirective' does not exist on type 'ClaudeFlowCoordinator'.
src/dspy-integration/claude-code/ClaudeFlowCoordination.ts(398,42): error TS2339: Property 'analyzeStrategicDirective' does not exist on type 'ClaudeFlowCoordinator'.
src/dspy-integration/claude-code/ClaudeFlowCoordination.ts(401,41): error TS2339: Property 'decomposeIntoPrincessCommands' does not exist on type 'ClaudeFlowCoordinator'.
src/dspy-integration/claude-code/ClaudeFlowCoordination.ts(407,46): error TS2339: Property 'optimizePrincessDistribution' does not exist on type 'ClaudeFlowCoordinator'.
src/dspy-integration/claude-code/ClaudeFlowCoordination.ts(414,33): error TS7006: Parameter 'cmd' implicitly has an 'any' type.
src/dspy-integration/claude-code/ClaudeFlowCoordination.ts(414,45): error TS2339: Property 'delegateToPrincess' does not exist on type 'ClaudeFlowCoordinator'.
src/dspy-integration/claude-code/ClaudeFlowCoordination.ts(418,32): error TS2551: Property 'getSwarmStatus' does not exist on type 'ClaudeFlowCoordinator'. Did you mean 'swarmStates'?
src/dspy-integration/claude-code/ClaudeFlowCoordination.ts(419,31): error TS2339: Property 'aggregateAgentAssignments' does not exist on type 'ClaudeFlowCoordinator'.
src/dspy-integration/claude-code/ClaudeFlowCoordination.ts(420,31): error TS2551: Property 'aggregateTaskDistribution' does not exist on type 'ClaudeFlowCoordinator'. Did you mean 'createEmptyTaskDistribution'?
src/dspy-integration/claude-code/ClaudeFlowCoordination.ts(421,40): error TS2339: Property 'getHierarchicalMetrics' does not exist on type 'ClaudeFlowCoordinator'.
src/dspy-integration/claude-code/ClaudeFlowCoordination.ts(444,32): error TS2339: Property 'parsePrincessCommand' does not exist on type 'ClaudeFlowCoordinator'.
src/dspy-integration/claude-code/ClaudeFlowCoordination.ts(447,39): error TS2339: Property 'analyzeDomainCommand' does not exist on type 'ClaudeFlowCoordinator'.
src/dspy-integration/claude-code/ClaudeFlowCoordination.ts(450,35): error TS2339: Property 'decomposeIntoDroneTasks' does not exist on type 'ClaudeFlowCoordinator'.
src/dspy-integration/claude-code/ClaudeFlowCoordination.ts(457,45): error TS2339: Property 'optimizeDroneAssignments' does not exist on type 'ClaudeFlowCoordinator'.
src/dspy-integration/claude-code/ClaudeFlowCoordination.ts(464,32): error TS7006: Parameter 'assignment' implicitly has an 'any' type.
src/dspy-integration/claude-code/ClaudeFlowCoordination.ts(464,51): error TS2339: Property 'assignToDrone' does not exist on type 'ClaudeFlowCoordinator'.
src/dspy-integration/claude-code/ClaudeFlowCoordination.ts(468,32): error TS2551: Property 'getSwarmStatus' does not exist on type 'ClaudeFlowCoordinator'. Did you mean 'swarmStates'?
src/dspy-integration/claude-code/ClaudeFlowCoordination.ts(469,31): error TS2339: Property 'aggregateDroneAssignments' does not exist on type 'ClaudeFlowCoordinator'.
src/dspy-integration/claude-code/ClaudeFlowCoordination.ts(470,31): error TS2339: Property 'aggregateDroneDistribution' does not exist on type 'ClaudeFlowCoordinator'.
src/dspy-integration/claude-code/ClaudeFlowCoordination.ts(471,40): error TS2339: Property 'getHierarchicalMetrics' does not exist on type 'ClaudeFlowCoordinator'.
src/dspy-integration/claude-code/ClaudeFlowCoordination.ts(494,28): error TS2339: Property 'parseDroneTask' does not exist on type 'ClaudeFlowCoordinator'.
src/dspy-integration/claude-code/ClaudeFlowCoordination.ts(497,42): error TS2339: Property 'optimizeDroneExecution' does not exist on type 'ClaudeFlowCoordinator'.
src/dspy-integration/claude-code/ClaudeFlowCoordination.ts(503,40): error TS2339: Property 'executeDroneTask' does not exist on type 'ClaudeFlowCoordinator'.
src/dspy-integration/claude-code/ClaudeFlowCoordination.ts(509,16): error TS2339: Property 'reportToPrincess' does not exist on type 'ClaudeFlowCoordinator'.
src/dspy-integration/claude-code/ClaudeFlowCoordination.ts(515,32): error TS2551: Property 'getSwarmStatus' does not exist on type 'ClaudeFlowCoordinator'. Did you mean 'swarmStates'?
src/dspy-integration/claude-code/ClaudeFlowCoordination.ts(519,11): error TS2322: Type 'string | undefined' is not assignable to type 'string'.
  Type 'undefined' is not assignable to type 'string'.
src/dspy-integration/claude-code/ClaudeFlowCoordination.ts(521,36): error TS2339: Property 'getDroneCapabilities' does not exist on type 'ClaudeFlowCoordinator'.
src/dspy-integration/claude-code/ClaudeFlowCoordination.ts(529,29): error TS2464: A computed property name must be of type 'string', 'number', 'symbol', or 'any'.
src/dspy-integration/claude-code/ClaudeFlowCoordination.ts(533,40): error TS2339: Property 'getHierarchicalMetrics' does not exist on type 'ClaudeFlowCoordinator'.
src/dspy-integration/claude-code/FeedbackOptimizationLoop.ts(188,16): error TS2339: Property 'initializeFeedbackCollection' does not exist on type 'FeedbackOptimizationLoop'.
src/dspy-integration/claude-code/FeedbackOptimizationLoop.ts(197,10): error TS2551: Property 'startValidationMonitoring' does not exist on type 'FeedbackOptimizationLoop'. Did you mean 'startRealTimeMonitoring'?
src/dspy-integration/claude-code/FeedbackOptimizationLoop.ts(237,22): error TS2339: Property 'determineFeedbackSource' does not exist on type 'FeedbackOptimizationLoop'.
src/dspy-integration/claude-code/FeedbackOptimizationLoop.ts(244,24): error TS2339: Property 'getContextDNA' does not exist on type 'FeedbackOptimizationLoop'.
src/dspy-integration/claude-code/FeedbackOptimizationLoop.ts(245,24): error TS2339: Property 'generateMinimalContextDNA' does not exist on type 'FeedbackOptimizationLoop'.
src/dspy-integration/claude-code/FeedbackOptimizationLoop.ts(271,33): error TS2339: Property 'identifyCriticalIssues' does not exist on type 'FeedbackOptimizationLoop'.
src/dspy-integration/claude-code/FeedbackOptimizationLoop.ts(273,18): error TS2339: Property 'handleCriticalIssues' does not exist on type 'FeedbackOptimizationLoop'.
src/dspy-integration/claude-code/FeedbackOptimizationLoop.ts(277,38): error TS2339: Property 'checkQualityThresholds' does not exist on type 'FeedbackOptimizationLoop'.
src/dspy-integration/claude-code/FeedbackOptimizationLoop.ts(279,18): error TS2339: Property 'handleThresholdViolations' does not exist on type 'FeedbackOptimizationLoop'.
src/dspy-integration/claude-code/FeedbackOptimizationLoop.ts(283,16): error TS2339: Property 'updateOptimizationCache' does not exist on type 'FeedbackOptimizationLoop'.
src/dspy-integration/claude-code/FeedbackOptimizationLoop.ts(286,47): error TS2339: Property 'generateImmediateOptimizations' does not exist on type 'FeedbackOptimizationLoop'.
src/dspy-integration/claude-code/FeedbackOptimizationLoop.ts(288,18): error TS2339: Property 'applyImmediateOptimizations' does not exist on type 'FeedbackOptimizationLoop'.
src/dspy-integration/claude-code/FeedbackOptimizationLoop.ts(297,40): error TS2339: Property 'evaluateTriggerCondition' does not exist on type 'FeedbackOptimizationLoop'.
src/dspy-integration/claude-code/FeedbackOptimizationLoop.ts(315,39): error TS2339: Property 'collectTrainingData' does not exist on type 'FeedbackOptimizationLoop'.
src/dspy-integration/claude-code/FeedbackOptimizationLoop.ts(318,38): error TS2339: Property 'validateTrainingData' does not exist on type 'FeedbackOptimizationLoop'.
src/dspy-integration/claude-code/FeedbackOptimizationLoop.ts(325,43): error TS2339: Property 'performRetraining' does not exist on type 'FeedbackOptimizationLoop'.
src/dspy-integration/claude-code/FeedbackOptimizationLoop.ts(331,43): error TS2339: Property 'validateRetrainedModel' does not exist on type 'FeedbackOptimizationLoop'.
src/dspy-integration/claude-code/FeedbackOptimizationLoop.ts(335,20): error TS2339: Property 'applyRetrainedModel' does not exist on type 'FeedbackOptimizationLoop'.
src/dspy-integration/claude-code/FeedbackOptimizationLoop.ts(336,20): error TS2339: Property 'recordLearningOutcome' does not exist on type 'FeedbackOptimizationLoop'.
src/dspy-integration/claude-code/FeedbackOptimizationLoop.ts(338,20): error TS2339: Property 'rollbackRetraining' does not exist on type 'FeedbackOptimizationLoop'.
src/dspy-integration/claude-code/FeedbackOptimizationLoop.ts(339,20): error TS2339: Property 'recordLearningOutcome' does not exist on type 'FeedbackOptimizationLoop'.
src/dspy-integration/claude-code/FeedbackOptimizationLoop.ts(358,44): error TS2339: Property 'analyzePerformancePatterns' does not exist on type 'FeedbackOptimizationLoop'.
src/dspy-integration/claude-code/FeedbackOptimizationLoop.ts(361,40): error TS2339: Property 'analyzeQualityPatterns' does not exist on type 'FeedbackOptimizationLoop'.
src/dspy-integration/claude-code/FeedbackOptimizationLoop.ts(364,45): error TS2339: Property 'analyzeSatisfactionPatterns' does not exist on type 'FeedbackOptimizationLoop'.
src/dspy-integration/claude-code/FeedbackOptimizationLoop.ts(367,50): error TS2339: Property 'analyzeOptimizationEffectiveness' does not exist on type 'FeedbackOptimizationLoop'.
src/dspy-integration/claude-code/FeedbackOptimizationLoop.ts(370,37): error TS2339: Property 'generateSystemImprovements' does not exist on type 'FeedbackOptimizationLoop'.
src/dspy-integration/claude-code/FeedbackOptimizationLoop.ts(385,30): error TS2339: Property 'calculateAnalysisConfidence' does not exist on type 'FeedbackOptimizationLoop'.
src/dspy-integration/claude-code/FeedbackOptimizationLoop.ts(400,47): error TS2339: Property 'identifyPerformanceBottlenecks' does not exist on type 'FeedbackOptimizationLoop'.
src/dspy-integration/claude-code/FeedbackOptimizationLoop.ts(402,35): error TS2339: Property 'createPerformanceSuggestion' does not exist on type 'FeedbackOptimizationLoop'.
src/dspy-integration/claude-code/FeedbackOptimizationLoop.ts(406,44): error TS2339: Property 'identifyPromptOptimizationOpportunities' does not exist on type 'FeedbackOptimizationLoop'.
src/dspy-integration/claude-code/FeedbackOptimizationLoop.ts(411,35): error TS2339: Property 'createPromptSuggestion' does not exist on type 'FeedbackOptimizationLoop'.
src/dspy-integration/claude-code/FeedbackOptimizationLoop.ts(415,49): error TS2339: Property 'identifyCoordinationImprovements' does not exist on type 'FeedbackOptimizationLoop'.
src/dspy-integration/claude-code/FeedbackOptimizationLoop.ts(417,35): error TS2339: Property 'createCoordinationSuggestion' does not exist on type 'FeedbackOptimizationLoop'.
src/dspy-integration/claude-code/FeedbackOptimizationLoop.ts(421,17): error TS2339: Property 'prioritizeSuggestions' does not exist on type 'FeedbackOptimizationLoop'.
src/dspy-integration/claude-code/FeedbackOptimizationLoop.ts(435,18): error TS2339: Property 'monitorSystemPerformance' does not exist on type 'FeedbackOptimizationLoop'.
src/dspy-integration/claude-code/FeedbackOptimizationLoop.ts(440,18): error TS2339: Property 'monitorQualityDegradation' does not exist on type 'FeedbackOptimizationLoop'.
src/dspy-integration/claude-code/FeedbackOptimizationLoop.ts(455,18): error TS2339: Property 'performComprehensiveOptimization' does not exist on type 'FeedbackOptimizationLoop'.
src/dspy-integration/claude-code/FeedbackOptimizationLoop.ts(460,18): error TS2339: Property 'performMonthlyMaintenance' does not exist on type 'FeedbackOptimizationLoop'.
src/dspy-integration/claude-code/FeedbackOptimizationLoop.ts(482,11): error TS18048: 'feedback.user_feedback.satisfaction_score' is possibly 'undefined'.
src/dspy-integration/claude-code/fsm/TaskOptimizationEvents.ts(322,5): error TS2322: Type 'string | boolean' is not assignable to type 'boolean'.
  Type 'string' is not assignable to type 'boolean'.
src/dspy-integration/claude-code/fsm/TaskOptimizationEvents.ts(351,5): error TS2322: Type 'string | boolean' is not assignable to type 'boolean'.
  Type 'string' is not assignable to type 'boolean'.
src/dspy-integration/claude-code/fsm/TaskOptimizationEvents.ts(364,5): error TS2322: Type 'string | boolean' is not assignable to type 'boolean'.
  Type 'string' is not assignable to type 'boolean'.
src/dspy-integration/claude-code/fsm/TaskOptimizationEvents.ts(376,5): error TS2322: Type 'string | boolean' is not assignable to type 'boolean'.
  Type 'string' is not assignable to type 'boolean'.
src/dspy-integration/claude-code/fsm/TaskOptimizationEvents.ts(388,5): error TS2322: Type 'string | boolean' is not assignable to type 'boolean'.
  Type 'string' is not assignable to type 'boolean'.
src/dspy-integration/claude-code/fsm/TaskOptimizationEvents.ts(400,5): error TS2322: Type 'string | boolean' is not assignable to type 'boolean'.
  Type 'string' is not assignable to type 'boolean'.
src/dspy-integration/claude-code/fsm/TaskOptimizationEvents.ts(412,5): error TS2322: Type 'string | boolean' is not assignable to type 'boolean'.
  Type 'string' is not assignable to type 'boolean'.
src/dspy-integration/claude-code/fsm/TaskOptimizationEvents.ts(423,5): error TS2322: Type 'string | boolean' is not assignable to type 'boolean'.
  Type 'string' is not assignable to type 'boolean'.
src/dspy-integration/claude-code/fsm/TaskOptimizationEvents.ts(434,5): error TS2322: Type 'string | boolean' is not assignable to type 'boolean'.
  Type 'string' is not assignable to type 'boolean'.
src/dspy-integration/claude-code/fsm/TaskOptimizationEvents.ts(447,5): error TS2322: Type 'string | boolean' is not assignable to type 'boolean'.
  Type 'string' is not assignable to type 'boolean'.
src/dspy-integration/claude-code/index.ts(81,34): error TS2304: Cannot find name 'ClaudeCodeDSPyInterface'.
src/dspy-integration/claude-code/index.ts(101,7): error TS2304: Cannot find name 'AgentSignatureRegistry'.
src/dspy-integration/claude-code/index.ts(104,51): error TS2304: Cannot find name 'ClaudeCodeDSPyInterface'.
src/dspy-integration/claude-code/index.ts(121,25): error TS2304: Cannot find name 'ClaudeCodeDSPyInterface'.
src/dspy-integration/claude-code/index.ts(142,24): error TS2304: Cannot find name 'AgentSignatureRegistry'.
src/dspy-integration/claude-code/index.ts(240,14): error TS2304: Cannot find name 'TaskExecutionResult'.
src/dspy-integration/claude-code/index.ts(255,25): error TS2304: Cannot find name 'ClaudeCodeTaskParams'.
src/dspy-integration/claude-code/index.ts(270,24): error TS2304: Cannot find name 'AgentSignatureRegistry'.
src/dspy-integration/claude-code/index.ts(271,27): error TS7006: Parameter 'sig' implicitly has an 'any' type.
src/dspy-integration/claude-code/index.ts(303,3): error TS18004: No value exists in scope for the shorthand property 'TaskToolOptimizer'. Either declare one or provide an initializer.
src/dspy-integration/claude-code/index.ts(304,3): error TS18004: No value exists in scope for the shorthand property 'TaskOptimizationHub'. Either declare one or provide an initializer.
src/dspy-integration/claude-code/index.ts(305,3): error TS18004: No value exists in scope for the shorthand property 'AgentSignatureRegistry'. Either declare one or provide an initializer.
src/dspy-integration/claude-code/index.ts(306,3): error TS18004: No value exists in scope for the shorthand property 'PromptQualityValidator'. Either declare one or provide an initializer.
src/dspy-integration/claude-code/index.ts(307,3): error TS18004: No value exists in scope for the shorthand property 'OptimizationFeedbackLoop'. Either declare one or provide an initializer.
src/dspy-integration/claude-code/index.ts(308,3): error TS18004: No value exists in scope for the shorthand property 'ClaudeCodeDSPyInterface'. Either declare one or provide an initializer.
src/dspy-integration/claude-code/index.ts(316,3): error TS18004: No value exists in scope for the shorthand property 'DSPyTask'. Either declare one or provide an initializer.
src/dspy-integration/claude-code/index.ts(317,3): error TS18004: No value exists in scope for the shorthand property 'Task'. Either declare one or provide an initializer.
src/dspy-integration/claude-code/OptimizationFeedbackLoop.ts(347,13): error TS2540: Cannot assign to 'processed' because it is a read-only property.
src/dspy-integration/claude-code/PromptOptimizationEngine.ts(318,7): error TS2345: Argument of type 'Record<string, any>' is not assignable to parameter of type 'DSPySignature'.
  Type 'Record<string, any>' is missing the following properties from type 'DSPySignature': name, inputs, outputs, optimization_criteria
src/dspy-integration/claude-code/PromptOptimizationEngine.ts(326,7): error TS2322: Type 'OptimizationResult' is not assignable to type 'string'.
src/dspy-integration/claude-code/TaskToolOptimizer.ts(316,9): error TS2353: Object literal may only specify known properties, and 'candidateCount' does not exist in type 'Partial<TaskOptimizationEventPayload>'.
src/dspy-integration/claude-md/CLAUDEMDEnforcer.ts(53,22): error TS2554: Expected 1 arguments, but got 0.
src/dspy-integration/claude-md/CLAUDEMDEnforcer.ts(74,26): error TS2339: Property 'initialize' does not exist on type 'GlobalPromptOptimizer'.
src/dspy-integration/claude-md/CLAUDEMDEnforcer.ts(75,26): error TS2339: Property 'initialize' does not exist on type 'SystemWideValidator'.
src/dspy-integration/claude-md/CLAUDEMDEnforcer.ts(76,31): error TS2339: Property 'initialize' does not exist on type 'ImpactMeasurement'.
src/dspy-integration/claude-md/CLAUDEMDEnforcer.ts(135,46): error TS2339: Property 'optimizeForAgent' does not exist on type 'GlobalPromptOptimizer'.
src/dspy-integration/claude-md/CLAUDEMDEnforcer.ts(142,47): error TS2339: Property 'validateAgent' does not exist on type 'SystemWideValidator'.
src/dspy-integration/claude-md/CLAUDEMDEnforcer.ts(207,46): error TS2339: Property 'measureSystemImpact' does not exist on type 'ImpactMeasurement'.
src/dspy-integration/claude-md/CLAUDEMDEnforcer.ts(271,21): error TS2769: No overload matches this call.
  Overload 1 of 2, '(timeout: string | number | Timeout | undefined): void', gave the following error.
    Argument of type 'Timer' is not assignable to parameter of type 'string | number | Timeout | undefined'.
      Type 'Timer' is missing the following properties from type 'Timeout': close, _onTimeout, [Symbol.dispose]
  Overload 2 of 2, '(id: number | undefined): void', gave the following error.
    Argument of type 'Timer' is not assignable to parameter of type 'number'.
src/dspy-integration/claude-md/CLAUDEMDEnforcer.ts(336,9): error TS2345: Argument of type '{ optimizedMessage: { id: string; content: string; sourceAgent: { id: string; role: string; type: string; metadata: {}; }; targetAgent: { id: string; role: string; type: string; metadata: {}; }; timestamp: number; priority: "high"; agentContext: {}; }; qualityScore: number; contextDNA: { ...; }; performanceMetrics: ...' is not assignable to parameter of type 'OptimizedCommunication'.
  Types of property 'optimizedMessage' are incompatible.
    Type '{ id: string; content: string; sourceAgent: { id: string; role: string; type: string; metadata: {}; }; targetAgent: { id: string; role: string; type: string; metadata: {}; }; timestamp: number; priority: "high"; agentContext: {}; }' is missing the following properties from type 'EnhancedMessage': originalMessage, semanticHash, relevanceScore, enhancedContext, and 2 more.
src/dspy-integration/claude-md/CLAUDEMDEnforcer.ts(379,21): error TS2769: No overload matches this call.
  Overload 1 of 2, '(timeout: string | number | Timeout | undefined): void', gave the following error.
    Argument of type 'Timer' is not assignable to parameter of type 'string | number | Timeout | undefined'.
      Type 'Timer' is missing the following properties from type 'Timeout': close, _onTimeout, [Symbol.dispose]
  Overload 2 of 2, '(id: number | undefined): void', gave the following error.
    Argument of type 'Timer' is not assignable to parameter of type 'number'.
src/dspy-integration/claude-md/CLAUDEmdOptimizer.ts(60,22): error TS2554: Expected 1 arguments, but got 0.
src/dspy-integration/claude-md/CLAUDEmdOptimizer.ts(502,12): error TS7053: Element implicitly has an 'any' type because expression of type 'string' can't be used to index type '{ 'frontend-developer': string; researcher: string; reviewer: string; 'sparc-coord': string; planner: string; }'.
  No index signature with a parameter of type 'string' was found on type '{ 'frontend-developer': string; researcher: string; reviewer: string; 'sparc-coord': string; planner: string; }'.
src/dspy-integration/claude-md/CLAUDEmdOptimizer.ts(574,12): error TS7053: Element implicitly has an 'any' type because expression of type 'string' can't be used to index type '{ 'frontend-developer': string[]; researcher: string[]; reviewer: string[]; 'sparc-coord': string[]; planner: string[]; }'.
  No index signature with a parameter of type 'string' was found on type '{ 'frontend-developer': string[]; researcher: string[]; reviewer: string[]; 'sparc-coord': string[]; planner: string[]; }'.
src/dspy-integration/claude-md/CLAUDEmdSignature.ts(14,14): error TS2323: Cannot redeclare exported variable 'CLAUDEmdOptimizationSignature'.
src/dspy-integration/claude-md/CLAUDEmdSignature.ts(107,14): error TS2323: Cannot redeclare exported variable 'NASARule10OptimizationSignature'.
src/dspy-integration/claude-md/CLAUDEmdSignature.ts(151,14): error TS2323: Cannot redeclare exported variable 'QualityGateOptimizationSignature'.
src/dspy-integration/claude-md/CLAUDEmdSignature.ts(593,3): error TS2323: Cannot redeclare exported variable 'CLAUDEmdOptimizationSignature'.
src/dspy-integration/claude-md/CLAUDEmdSignature.ts(593,3): error TS2484: Export declaration conflicts with exported declaration of 'CLAUDEmdOptimizationSignature'.
src/dspy-integration/claude-md/CLAUDEmdSignature.ts(594,3): error TS2323: Cannot redeclare exported variable 'NASARule10OptimizationSignature'.
src/dspy-integration/claude-md/CLAUDEmdSignature.ts(594,3): error TS2484: Export declaration conflicts with exported declaration of 'NASARule10OptimizationSignature'.
src/dspy-integration/claude-md/CLAUDEmdSignature.ts(595,3): error TS2323: Cannot redeclare exported variable 'QualityGateOptimizationSignature'.
src/dspy-integration/claude-md/CLAUDEmdSignature.ts(595,3): error TS2484: Export declaration conflicts with exported declaration of 'QualityGateOptimizationSignature'.
src/dspy-integration/claude-md/GlobalPromptOptimizer.ts(357,9): error TS2322: Type 'string' is not assignable to type '"MANDATORY" | "REQUIRED" | "SUGGESTED"'.
src/dspy-integration/claude-md/GlobalPromptOptimizer.ts(395,17): error TS2339: Property 'content' does not exist on type 'never'.
src/dspy-integration/claude-md/GlobalPromptOptimizer.ts(396,17): error TS2339: Property 'primaryAgentCategory' does not exist on type 'never'.
src/dspy-integration/claude-md/GlobalPromptOptimizer.ts(397,17): error TS2339: Property 'optimizationFocus' does not exist on type 'never'.
src/dspy-integration/claude-md/GlobalPromptOptimizer.ts(558,10): error TS2484: Export declaration conflicts with exported declaration of 'OptimizationConfig'.
src/dspy-integration/claude-md/GlobalPromptOptimizer.ts(558,30): error TS2484: Export declaration conflicts with exported declaration of 'OptimizationResult'.
src/dspy-integration/claude-md/GlobalPromptOptimizer.ts(558,50): error TS2484: Export declaration conflicts with exported declaration of 'DSPyTrainingExample'.
src/dspy-integration/claude-md/GlobalPromptOptimizer.ts(558,71): error TS2484: Export declaration conflicts with exported declaration of 'ValidationThresholds'.
src/dspy-integration/claude-md/ImpactMeasurement.ts(579,3): error TS2484: Export declaration conflicts with exported declaration of 'ImpactProjection'.
src/dspy-integration/claude-md/ImpactMeasurement.ts(580,3): error TS2484: Export declaration conflicts with exported declaration of 'MetricBaseline'.
src/dspy-integration/claude-md/ImpactMeasurement.ts(581,3): error TS2484: Export declaration conflicts with exported declaration of 'CategoryImpact'.
src/dspy-integration/claude-md/ImpactMeasurement.ts(582,3): error TS2484: Export declaration conflicts with exported declaration of 'SystemWideMetrics'.
src/dspy-integration/claude-md/ImpactMeasurement.ts(583,3): error TS2484: Export declaration conflicts with exported declaration of 'RealTimeMetrics'.
src/dspy-integration/claude-md/SystemWideValidator.ts(64,43): error TS2304: Cannot find name 'PerformanceMetrics'.
src/dspy-integration/claude-md/SystemWideValidator.ts(253,12): error TS2339: Property 'checkLoopBoundsCompliance' does not exist on type 'SystemWideValidator'.
src/dspy-integration/claude-md/SystemWideValidator.ts(254,12): error TS2339: Property 'checkAssertionRequirements' does not exist on type 'SystemWideValidator'.
src/dspy-integration/claude-md/SystemWideValidator.ts(255,12): error TS2339: Property 'checkGotoProhibition' does not exist on type 'SystemWideValidator'.
src/dspy-integration/claude-md/SystemWideValidator.ts(259,47): error TS7006: Parameter 'sum' implicitly has an 'any' type.
src/dspy-integration/claude-md/SystemWideValidator.ts(259,52): error TS7006: Parameter 'score' implicitly has an 'any' type.
src/dspy-integration/claude-md/SystemWideValidator.ts(487,3): error TS2484: Export declaration conflicts with exported declaration of 'ValidationConfig'.
src/dspy-integration/claude-md/SystemWideValidator.ts(488,3): error TS2484: Export declaration conflicts with exported declaration of 'AgentCategory'.
src/dspy-integration/claude-md/SystemWideValidator.ts(489,3): error TS2484: Export declaration conflicts with exported declaration of 'ComplianceThresholds'.
src/dspy-integration/claude-md/SystemWideValidator.ts(490,3): error TS2484: Export declaration conflicts with exported declaration of 'PerformanceThresholds'.
src/dspy-integration/claude-md/SystemWideValidator.ts(491,3): error TS2484: Export declaration conflicts with exported declaration of 'ValidationResult'.
src/dspy-integration/claude-md/SystemWideValidator.ts(492,3): error TS2484: Export declaration conflicts with exported declaration of 'ComplianceValidationResult'.
src/dspy-integration/claude-md/SystemWideValidator.ts(493,3): error TS2484: Export declaration conflicts with exported declaration of 'PerformanceValidationResult'.
src/dspy-integration/claude-md/SystemWideValidator.ts(494,3): error TS2484: Export declaration conflicts with exported declaration of 'ConsistencyValidationResult'.
src/dspy-integration/claude-md/SystemWideValidator.ts(495,3): error TS2484: Export declaration conflicts with exported declaration of 'ViolationPattern'.
src/dspy-integration/claude-md/SystemWideValidator.ts(496,3): error TS2484: Export declaration conflicts with exported declaration of 'InconsistencyPattern'.
src/dspy-integration/claude-md/SystemWideValidator.ts(497,3): error TS2484: Export declaration conflicts with exported declaration of 'RiskAssessment'.
src/dspy-integration/claude-md/SystemWideValidator.ts(498,3): error TS2484: Export declaration conflicts with exported declaration of 'RiskFactor'.
src/dspy-integration/core/CommunicationOptimizer.ts(358,12): error TS2345: Argument of type 'string | boolean' is not assignable to parameter of type 'boolean'.
  Type 'string' is not assignable to type 'boolean'.
src/dspy-integration/core/DSPySignatureManager.ts(62,31): error TS2693: 'SignatureCache' only refers to a type, but is being used as a value here.
src/dspy-integration/core/DSPySignatureManager.ts(100,12): error TS2345: Argument of type 'string | boolean' is not assignable to parameter of type 'boolean'.
  Type 'string' is not assignable to type 'boolean'.
src/dspy-integration/core/DSPySignatureManager.ts(148,9): error TS2353: Object literal may only specify known properties, and 'successRate' does not exist in type 'OptimizationMetrics'.
src/dspy-integration/core/OptimizationPipeline.ts(238,19): error TS2540: Cannot assign to 'currentBestCandidate' because it is a read-only property.
src/dspy-integration/core/PerformanceCollector.ts(129,38): error TS2345: Argument of type 'string | undefined' is not assignable to parameter of type 'string'.
  Type 'undefined' is not assignable to type 'string'.
src/dspy-integration/core/PerformanceCollector.ts(456,32): error TS2345: Argument of type 'string | undefined' is not assignable to parameter of type 'string'.
  Type 'undefined' is not assignable to type 'string'.
src/dspy-integration/core/PerformanceCollector.ts(598,40): error TS2339: Property 'getTime' does not exist on type 'number | Date'.
  Property 'getTime' does not exist on type 'number'.
src/dspy-integration/datasets/DatasetCollector.ts(184,7): error TS2739: Type '{ user_feedback: { satisfaction: number; effectiveness: number; comments?: string | undefined; }; feedback_received: string; }' is missing the following properties from type '{ created_date: string; agent_source: string; validation_status: "pending" | "rejected" | "validated"; performance_data?: PerformanceMetrics | undefined; user_feedback?: UserFeedback | undefined; collection_source?: "manual" | ... 2 more ... | undefined; feedback_received?: string | undefined; }': created_date, agent_source, validation_status
src/dspy-integration/datasets/DatasetCollector.ts(203,19): error TS2683: 'this' implicitly has type 'any' because it does not have a type annotation.
src/dspy-integration/datasets/ScoringEngine.ts(74,7): error TS2741: Property 'timestamp' is missing in type '{ response_time_ms: number; token_count: number; complexity_score: number; user_satisfaction_estimate: number; }' but required in type 'PerformanceMetrics'.
src/dspy-integration/datasets/SPEKIntegration.ts(236,7): error TS18004: No value exists in scope for the shorthand property 'performance_targets'. Either declare one or provide an initializer.
src/dspy-integration/index.ts(81,3): error TS2305: Module '"./integration/SPEKTheaterIntegration"' has no exported member 'IntegrationResult'.
src/dspy-integration/index.ts(82,3): error TS2305: Module '"./integration/SPEKTheaterIntegration"' has no exported member 'QualityEnhancement'.
src/dspy-integration/index.ts(83,3): error TS2305: Module '"./integration/SPEKTheaterIntegration"' has no exported member 'TheaterIntegrationConfig'.
src/dspy-integration/index.ts(93,37): error TS2304: Cannot find name 'EngineConfiguration'.
src/dspy-integration/index.ts(102,50): error TS2304: Cannot find name 'TheaterIntegrationConfig'.
src/dspy-integration/index.ts(110,42): error TS2304: Cannot find name 'IntegrationConfiguration'.
src/dspy-integration/index.ts(134,62): error TS2304: Cannot find name 'DSPySignature'.
src/dspy-integration/index.ts(150,34): error TS2304: Cannot find name 'PerformanceMetrics'.
src/dspy-integration/integration/SPEKTheaterIntegration.ts(74,11): error TS2564: Property 'mockTheaterEngine' has no initializer and is not definitely assigned in the constructor.
src/dspy-integration/integration/SPEKTheaterIntegration.ts(75,11): error TS2564: Property 'mockQualityEnforcer' has no initializer and is not definitely assigned in the constructor.
src/dspy-integration/integration/SPEKTheaterIntegration.ts(405,36): error TS2345: Argument of type 'string | undefined' is not assignable to parameter of type 'string'.
  Type 'undefined' is not assignable to type 'string'.
src/dspy-integration/memory/DualMemoryCoordinator.ts(84,13): error TS2722: Cannot invoke an object which is possibly 'undefined'.
src/dspy-integration/memory/DualMemoryCoordinator.ts(363,21): error TS2769: No overload matches this call.
  Overload 1 of 2, '(timeout: string | number | Timeout | undefined): void', gave the following error.
    Argument of type 'Timer' is not assignable to parameter of type 'string | number | Timeout | undefined'.
      Type 'Timer' is missing the following properties from type 'Timeout': close, _onTimeout, [Symbol.dispose]
  Overload 2 of 2, '(id: number | undefined): void', gave the following error.
    Argument of type 'Timer' is not assignable to parameter of type 'number'.
src/dspy-integration/memory/DualMemoryCoordinator.ts(456,21): error TS2769: No overload matches this call.
  Overload 1 of 2, '(timeout: string | number | Timeout | undefined): void', gave the following error.
    Argument of type 'Timer' is not assignable to parameter of type 'string | number | Timeout | undefined'.
      Type 'Timer' is missing the following properties from type 'Timeout': close, _onTimeout, [Symbol.dispose]
  Overload 2 of 2, '(id: number | undefined): void', gave the following error.
    Argument of type 'Timer' is not assignable to parameter of type 'number'.
src/dspy-integration/memory/FilesystemPersistence.ts(118,78): error TS2339: Property 'id' does not exist on type 'EnhancedMessage'.
src/dspy-integration/memory/FilesystemPersistence.ts(125,7): error TS2740: Type 'EnhancedMessage' is missing the following properties from type 'AgentMessage': id, sourceAgent, targetAgent, content, and 3 more.
src/dspy-integration/memory/FilesystemPersistence.ts(137,61): error TS2339: Property 'id' does not exist on type 'EnhancedMessage'.
src/dspy-integration/memory/FilesystemPersistence.ts(440,65): error TS18046: 'fileError' is of type 'unknown'.
src/dspy-integration/memory/MCPMemoryIntegration.ts(83,36): error TS2339: Property 'role' does not exist on type 'AgentIdentity'.
src/dspy-integration/memory/MCPMemoryIntegration.ts(92,36): error TS2339: Property 'role' does not exist on type 'AgentIdentity'.
src/dspy-integration/memory/MCPMemoryIntegration.ts(101,58): error TS2339: Property 'content' does not exist on type 'EnhancedMessage'.
src/dspy-integration/memory/MCPMemoryIntegration.ts(104,60): error TS2339: Property 'timestamp' does not exist on type 'EnhancedMessage'.
src/dspy-integration/memory/MCPMemoryIntegration.ts(105,59): error TS2339: Property 'priority' does not exist on type 'EnhancedMessage'.
src/dspy-integration/memory/MCPMemoryIntegration.ts(278,52): error TS2339: Property 'content' does not exist on type 'EnhancedMessage'.
src/dspy-integration/memory/MCPMemoryIntegration.ts(398,11): error TS2353: Object literal may only specify known properties, and 'id' does not exist in type 'EnhancedMessage'.
src/dspy-integration/memory/MCPMemoryIntegration.ts(407,9): error TS2740: Type '{}' is missing the following properties from type 'ContextDNA': semanticHash, relevanceScore, compressionRatio, memoryPointers, and 2 more.
src/dspy-integration/memory/MCPMemoryIntegration.ts(428,9): error TS2353: Object literal may only specify known properties, and 'id' does not exist in type 'EnhancedMessage'.
src/dspy-integration/memory/MCPMemoryIntegration.ts(437,21): error TS2353: Object literal may only specify known properties, and 'patternType' does not exist in type 'ContextDNA'.
src/dspy-integration/prompt-optimization/AgentPromptOptimizer.ts(70,11): error TS2564: Property 'exampleBank' has no initializer and is not definitely assigned in the constructor.
src/dspy-integration/prompt-optimization/AgentPromptOptimizer.ts(71,26): error TS2304: Cannot find name 'PromptScoringEngine'.
src/dspy-integration/prompt-optimization/AgentPromptOptimizer.ts(72,32): error TS2304: Cannot find name 'ComplianceValidator'.
src/dspy-integration/prompt-optimization/AgentPromptOptimizer.ts(73,11): error TS2564: Property 'promptHistory' has no initializer and is not definitely assigned in the constructor.
src/dspy-integration/prompt-optimization/AgentPromptOptimizer.ts(86,30): error TS2304: Cannot find name 'PromptScoringEngine'.
src/dspy-integration/prompt-optimization/AgentPromptOptimizer.ts(87,36): error TS2304: Cannot find name 'ComplianceValidator'.
src/dspy-integration/prompt-optimization/AgentPromptOptimizer.ts(103,38): error TS2339: Property 'evaluateCurrentPrompt' does not exist on type 'AgentPromptOptimizer'.
src/dspy-integration/prompt-optimization/AgentPromptOptimizer.ts(107,27): error TS2339: Property 'getCurrentPrompt' does not exist on type 'AgentPromptOptimizer'.
src/dspy-integration/prompt-optimization/AgentPromptOptimizer.ts(158,26): error TS2339: Property 'emphasizeRequirements' does not exist on type 'AgentPromptOptimizer'.
src/dspy-integration/prompt-optimization/AgentPromptOptimizer.ts(161,26): error TS2339: Property 'addImplementationExamples' does not exist on type 'AgentPromptOptimizer'.
src/dspy-integration/prompt-optimization/AgentPromptOptimizer.ts(164,26): error TS2339: Property 'strengthenQualityGates' does not exist on type 'AgentPromptOptimizer'.
src/dspy-integration/prompt-optimization/AgentPromptOptimizer.ts(167,26): error TS2339: Property 'improveErrorGuidance' does not exist on type 'AgentPromptOptimizer'.
src/dspy-integration/prompt-optimization/AgentPromptOptimizer.ts(170,26): error TS2339: Property 'enhancePatternTemplates' does not exist on type 'AgentPromptOptimizer'.
src/dspy-integration/prompt-optimization/AgentPromptOptimizer.ts(193,40): error TS2339: Property 'simulatePromptExecution' does not exist on type 'AgentPromptOptimizer'.
src/dspy-integration/prompt-optimization/AgentPromptOptimizer.ts(238,31): error TS2339: Property 'createFrontendExamples' does not exist on type 'AgentPromptOptimizer'.
src/dspy-integration/prompt-optimization/AgentPromptOptimizer.ts(241,31): error TS2339: Property 'createFSMExamples' does not exist on type 'AgentPromptOptimizer'.
src/dspy-integration/prompt-optimization/AgentPromptOptimizer.ts(244,31): error TS2339: Property 'createReviewerExamples' does not exist on type 'AgentPromptOptimizer'.
src/dspy-integration/prompt-optimization/AgentPromptOptimizer.ts(247,31): error TS2339: Property 'createTesterExamples' does not exist on type 'AgentPromptOptimizer'.
src/dspy-integration/prompt-optimization/AgentPromptOptimizer.ts(266,34): error TS2551: Property 'getNonCompliantAuthFunction' does not exist on type 'AgentPromptOptimizer'. Did you mean 'getCompliantAuthFunction'?
src/dspy-integration/prompt-optimization/AgentPromptOptimizer.ts(277,30): error TS2551: Property 'getCompliantTransactionFunction' does not exist on type 'AgentPromptOptimizer'. Did you mean 'getCompliantAuthFunction'?
src/dspy-integration/prompt-optimization/AgentPromptOptimizer.ts(278,34): error TS2339: Property 'getNonCompliantTransactionFunction' does not exist on type 'AgentPromptOptimizer'.
src/dspy-integration/prompt-optimization/ComplianceValidator.ts(14,11): error TS2564: Property 'nasaAnalyzer' has no initializer and is not definitely assigned in the constructor.
src/dspy-integration/prompt-optimization/ComplianceValidator.ts(15,24): error TS2304: Cannot find name 'FSMPatternAnalyzer'.
src/dspy-integration/prompt-optimization/ComplianceValidator.ts(16,28): error TS2304: Cannot find name 'ProductionQualityAnalyzer'.
src/dspy-integration/prompt-optimization/ComplianceValidator.ts(17,11): error TS2564: Property 'violationDetector' has no initializer and is not definitely assigned in the constructor.
src/dspy-integration/prompt-optimization/ComplianceValidator.ts(30,28): error TS2304: Cannot find name 'FSMPatternAnalyzer'.
src/dspy-integration/prompt-optimization/ComplianceValidator.ts(31,32): error TS2304: Cannot find name 'ProductionQualityAnalyzer'.
src/dspy-integration/prompt-optimization/ComplianceValidator.ts(80,29): error TS2339: Property 'analyzeTypeSafety' does not exist on type 'ComplianceValidator'.
src/dspy-integration/prompt-optimization/ComplianceValidator.ts(93,29): error TS2339: Property 'generateRecommendations' does not exist on type 'ComplianceValidator'.
src/dspy-integration/prompt-optimization/ComplianceValidator.ts(205,35): error TS2339: Property 'analyzeLoopBounds' does not exist on type 'NASARule10Analyzer'.
src/dspy-integration/prompt-optimization/ComplianceValidator.ts(211,37): error TS2339: Property 'analyzeReturnChecking' does not exist on type 'NASARule10Analyzer'.
src/dspy-integration/prompt-optimization/ComplianceValidator.ts(221,21): error TS2339: Property 'generateNASADetails' does not exist on type 'NASARule10Analyzer'.
src/dspy-integration/prompt-optimization/PromptScoringEngine.ts(14,11): error TS2564: Property 'nasaScorer' has no initializer and is not definitely assigned in the constructor.
src/dspy-integration/prompt-optimization/PromptScoringEngine.ts(15,11): error TS2564: Property 'fsmScorer' has no initializer and is not definitely assigned in the constructor.
src/dspy-integration/prompt-optimization/PromptScoringEngine.ts(16,11): error TS2564: Property 'qualityScorer' has no initializer and is not definitely assigned in the constructor.
src/dspy-integration/prompt-optimization/PromptScoringEngine.ts(17,11): error TS2564: Property 'typeScorer' has no initializer and is not definitely assigned in the constructor.
src/dspy-integration/prompt-optimization/PromptScoringEngine.ts(18,11): error TS2564: Property 'testScorer' has no initializer and is not definitely assigned in the constructor.
src/dspy-integration/prompt-optimization/PromptScoringEngine.ts(397,32): error TS2551: Property 'analyzeEventDefinitions' does not exist on type 'FSMPatternScorer'. Did you mean 'analyzeStateDefinitions'?
src/dspy-integration/prompt-optimization/PromptScoringEngine.ts(398,37): error TS2339: Property 'analyzeTransitions' does not exist on type 'FSMPatternScorer'.
src/dspy-integration/prompt-optimization/PromptScoringEngine.ts(399,36): error TS2339: Property 'analyzeStateIsolation' does not exist on type 'FSMPatternScorer'.
src/dspy-integration/prompt-optimization/PromptScoringEngine.ts(424,29): error TS2551: Property 'calculateEventScore' does not exist on type 'FSMPatternScorer'. Did you mean 'calculateScore'?
src/dspy-integration/prompt-optimization/PromptScoringEngine.ts(428,34): error TS2551: Property 'calculateTransitionScore' does not exist on type 'FSMPatternScorer'. Did you mean 'calculateStateScore'?
src/dspy-integration/prompt-optimization/PromptScoringEngine.ts(432,33): error TS2551: Property 'calculateIsolationScore' does not exist on type 'FSMPatternScorer'. Did you mean 'calculateStateScore'?
src/dspy-integration/queen-princess-drone/DroneTaskOptimizer.ts(152,29): error TS2339: Property 'role' does not exist on type 'AgentIdentity'.
src/dspy-integration/queen-princess-drone/DroneTaskOptimizer.ts(300,15): error TS2531: Object is possibly 'null'.
src/dspy-integration/queen-princess-drone/DroneTaskOptimizer.ts(328,36): error TS2531: Object is possibly 'null'.
src/dspy-integration/queen-princess-drone/DroneTaskOptimizer.ts(391,15): error TS2531: Object is possibly 'null'.
src/dspy-integration/queen-princess-drone/DroneTaskOptimizer.ts(434,36): error TS2339: Property 'metadata' does not exist on type 'EnhancedMessage'.
src/dspy-integration/queen-princess-drone/DroneTaskOptimizer.ts(435,41): error TS2339: Property 'metadata' does not exist on type 'EnhancedMessage'.
src/dspy-integration/queen-princess-drone/DroneTaskOptimizer.ts(451,7): error TS2322: Type 'string' is not assignable to type '"QUEEN" | "PRINCESS" | "DRONE"'.
src/dspy-integration/queen-princess-drone/DroneTaskOptimizer.ts(473,7): error TS2322: Type '"LOW" | "MEDIUM" | "HIGH" | "CRITICAL"' is not assignable to type '"low" | "medium" | "high" | "critical"'.
  Type '"LOW"' is not assignable to type '"low" | "medium" | "high" | "critical"'. Did you mean '"low"'?
src/dspy-integration/queen-princess-drone/DroneTaskOptimizer.ts(484,24): error TS2531: Object is possibly 'null'.
src/dspy-integration/queen-princess-drone/DroneTaskOptimizer.ts(488,7): error TS2820: Type '"medium"' is not assignable to type '"LOW" | "MEDIUM" | "HIGH" | "CRITICAL"'. Did you mean '"MEDIUM"'?
src/dspy-integration/queen-princess-drone/DroneTaskOptimizer.ts(490,9): error TS2353: Object literal may only specify known properties, and 'taskId' does not exist in type 'AgentContext'.
src/dspy-integration/queen-princess-drone/DroneTaskOptimizer.ts(490,17): error TS2531: Object is possibly 'null'.
src/dspy-integration/queen-princess-drone/PrincessCommunicationOptimizer.ts(171,26): error TS2339: Property 'role' does not exist on type 'AgentIdentity'.
src/dspy-integration/queen-princess-drone/PrincessCommunicationOptimizer.ts(180,9): error TS2322: Type '"coordinator"' is not assignable to type '"QUEEN" | "PRINCESS" | "DRONE"'.
src/dspy-integration/queen-princess-drone/PrincessCommunicationOptimizer.ts(192,47): error TS2339: Property 'generateContextDNA' does not exist on type 'ContextDNAEnhancer'.
src/dspy-integration/queen-princess-drone/PrincessCommunicationOptimizer.ts(239,7): error TS2322: Type '"coordinator"' is not assignable to type '"QUEEN" | "PRINCESS" | "DRONE"'.
src/dspy-integration/queen-princess-drone/PrincessCommunicationOptimizer.ts(269,26): error TS2339: Property 'role' does not exist on type 'AgentIdentity'.
src/dspy-integration/queen-princess-drone/PrincessCommunicationOptimizer.ts(276,7): error TS2322: Type '"coordinator"' is not assignable to type '"QUEEN" | "PRINCESS" | "DRONE"'.
src/dspy-integration/queen-princess-drone/PrincessCommunicationOptimizer.ts(312,36): error TS2339: Property 'metadata' does not exist on type 'EnhancedMessage'.
src/dspy-integration/queen-princess-drone/PrincessCommunicationOptimizer.ts(313,41): error TS2339: Property 'metadata' does not exist on type 'EnhancedMessage'.
src/dspy-integration/queen-princess-drone/PrincessCommunicationOptimizer.ts(343,17): error TS2339: Property 'metadata' does not exist on type 'AgentIdentity'.
src/dspy-integration/queen-princess-drone/PrincessCommunicationOptimizer.ts(352,7): error TS2322: Type 'string' is not assignable to type '"QUEEN" | "PRINCESS" | "DRONE"'.
src/dspy-integration/signatures/ContextDNASignatures.ts(10,56): error TS6059: File 'C:/Users/17175/Desktop/spek template/architecture/langgraph/queen/fsm/QueenFSMTypes.ts' is not under 'rootDir' 'C:/Users/17175/Desktop/spek template/src'. 'rootDir' is expected to contain all source files.
  The file is in the program because:
    Imported via '../../../architecture/langgraph/queen/fsm/QueenFSMTypes' from file 'C:/Users/17175/Desktop/spek template/src/dspy-integration/signatures/ContextDNASignatures.ts'
    Imported via '../../../architecture/langgraph/queen/fsm/QueenFSMTypes' from file 'C:/Users/17175/Desktop/spek template/src/dspy-integration/signatures/QueenPrincessSignatures.ts'
    Imported via '../../../architecture/langgraph/queen/fsm/QueenFSMTypes' from file 'C:/Users/17175/Desktop/spek template/src/dspy-integration/signatures/PrincessDroneSignatures.ts'
src/dspy-integration/signatures/ContextDNASignatures.ts(127,35): error TS2304: Cannot find name 'OptimizationReport'.
src/dspy-integration/signatures/ContextDNASignatures.ts(128,48): error TS2304: Cannot find name 'PerformancePrediction'.
src/dspy-integration/signatures/ContextDNASignatures.ts(129,39): error TS2304: Cannot find name 'AdaptationInstructions'.
src/dspy-integration/signatures/ContextDNASignatures.ts(130,29): error TS2304: Cannot find name 'RollbackPlan'.
src/dspy-integration/signatures/ContextDNASignatures.ts(131,40): error TS2304: Cannot find name 'MonitoringConfiguration'.
src/dspy-integration/signatures/ContextDNASignatures.ts(176,30): error TS2304: Cannot find name 'TargetContext'.
src/dspy-integration/signatures/ContextDNASignatures.ts(177,36): error TS2304: Cannot find name 'ReplicationStrategy'.
src/dspy-integration/signatures/ContextDNASignatures.ts(178,48): error TS2304: Cannot find name 'AdaptationRequirement'.
src/dspy-integration/signatures/ContextDNASignatures.ts(179,36): error TS2304: Cannot find name 'TransferConstraints'.
src/dspy-integration/signatures/ContextDNASignatures.ts(180,44): error TS2304: Cannot find name 'ValidationCriteria'.
src/dspy-integration/signatures/ContextDNASignatures.ts(184,33): error TS2304: Cannot find name 'AdaptationReport'.
src/dspy-integration/signatures/ContextDNASignatures.ts(185,40): error TS2304: Cannot find name 'TransferSuccessMetrics'.
src/dspy-integration/signatures/ContextDNASignatures.ts(186,40): error TS2304: Cannot find name 'CompatibilityAssessment'.
src/dspy-integration/signatures/ContextDNASignatures.ts(187,43): error TS2304: Cannot find name 'ValidationResult'.
src/dspy-integration/signatures/ContextDNASignatures.ts(188,36): error TS2304: Cannot find name 'MaintenanceSchedule'.
src/dspy-integration/signatures/ContextDNASignatures.ts(227,47): error TS2304: Cannot find name 'ConsolidationTrigger'.
src/dspy-integration/signatures/ContextDNASignatures.ts(228,32): error TS2304: Cannot find name 'MemoryHierarchy'.
src/dspy-integration/signatures/ContextDNASignatures.ts(229,43): error TS2304: Cannot find name 'RetentionPolicy'.
src/dspy-integration/signatures/ContextDNASignatures.ts(230,38): error TS2304: Cannot find name 'ConsolidationStrategy'.
src/dspy-integration/signatures/ContextDNASignatures.ts(231,34): error TS2304: Cannot find name 'QualityThresholds'.
src/dspy-integration/signatures/ContextDNASignatures.ts(234,41): error TS2304: Cannot find name 'ConsolidatedDNA'.
src/dspy-integration/signatures/ContextDNASignatures.ts(235,35): error TS2304: Cannot find name 'MemoryOrganization'.
src/dspy-integration/signatures/ContextDNASignatures.ts(236,44): error TS2304: Cannot find name 'RetentionDecision'.
src/dspy-integration/signatures/ContextDNASignatures.ts(237,37): error TS2304: Cannot find name 'ConsolidationMetrics'.
src/dspy-integration/signatures/ContextDNASignatures.ts(238,48): error TS2304: Cannot find name 'PruningRecommendation'.
src/dspy-integration/signatures/ContextDNASignatures.ts(239,38): error TS2304: Cannot find name 'RetrievalOptimization'.
src/dspy-integration/signatures/ContextDNASignatures.ts(280,31): error TS2304: Cannot find name 'DomainMappings'.
src/dspy-integration/signatures/ContextDNASignatures.ts(281,44): error TS2304: Cannot find name 'TransferObjective'.
src/dspy-integration/signatures/ContextDNASignatures.ts(282,36): error TS2304: Cannot find name 'CompatibilityMatrix'.
src/dspy-integration/signatures/ContextDNASignatures.ts(286,29): error TS2304: Cannot find name 'DomainTransferPlan'.
src/dspy-integration/signatures/ContextDNASignatures.ts(288,35): error TS2304: Cannot find name 'TransferValidation'.
src/dspy-integration/signatures/ContextDNASignatures.ts(289,56): error TS2304: Cannot find name 'CrossPollinationOpportunity'.
src/dspy-integration/signatures/ContextDNASignatures.ts(290,41): error TS2304: Cannot find name 'DomainEnrichmentMetrics'.
src/dspy-integration/signatures/ContextDNASignatures.ts(291,35): error TS2304: Cannot find name 'ConflictResolution'.
src/dspy-integration/signatures/ContextDNASignatures.ts(350,25): error TS2304: Cannot find name 'SystemLoad'.
src/dspy-integration/signatures/ContextDNASignatures.ts(2056,3): error TS2693: 'ContextDNAExtraction' only refers to a type, but is being used as a value here.
src/dspy-integration/signatures/ContextDNASignatures.ts(2057,3): error TS2693: 'ContextDNAOptimization' only refers to a type, but is being used as a value here.
src/dspy-integration/signatures/ContextDNASignatures.ts(2058,3): error TS2693: 'ContextDNAReplication' only refers to a type, but is being used as a value here.
src/dspy-integration/signatures/ContextDNASignatures.ts(2059,3): error TS2693: 'ContextDNAConsolidation' only refers to a type, but is being used as a value here.
src/dspy-integration/signatures/ContextDNASignatures.ts(2060,3): error TS2693: 'ContextDNACrossDomainTransfer' only refers to a type, but is being used as a value here.
src/dspy-integration/signatures/PrincessDroneSignatures.ts(1797,43): error TS2304: Cannot find name 'ResourceAllocation'.
src/dspy-integration/signatures/PrincessDroneSignatures.ts(1826,3): error TS2693: 'PrincessToDroneAssignment' only refers to a type, but is being used as a value here.
src/dspy-integration/signatures/PrincessDroneSignatures.ts(1827,3): error TS2693: 'DroneToPrincessCompletion' only refers to a type, but is being used as a value here.
src/dspy-integration/signatures/PrincessDroneSignatures.ts(1828,3): error TS2693: 'PrincessToDroneFeedback' only refers to a type, but is being used as a value here.
src/dspy-integration/signatures/PrincessDroneSignatures.ts(1829,3): error TS2693: 'DroneToPrincessStatus' only refers to a type, but is being used as a value here.
src/dspy-integration/signatures/QueenPrincessSignatures.ts(432,38): error TS2344: Type 'PrincessDomain' does not satisfy the constraint 'string | number | symbol'.
src/dspy-integration/signatures/QueenPrincessSignatures.ts(529,3): error TS2693: 'QueenToPrincessDirective' only refers to a type, but is being used as a value here.
src/dspy-integration/signatures/QueenPrincessSignatures.ts(530,3): error TS2693: 'PrincessToQueenReport' only refers to a type, but is being used as a value here.
src/dspy-integration/signatures/QueenPrincessSignatures.ts(531,3): error TS2693: 'QueenToPrincessAllocation' only refers to a type, but is being used as a value here.
src/dspy-integration/templates/AgentTemplateGenerator.ts(43,14): error TS2323: Cannot redeclare exported variable 'AgentTemplateGenerator'.
src/dspy-integration/templates/AgentTemplateGenerator.ts(749,10): error TS2323: Cannot redeclare exported variable 'AgentTemplateGenerator'.
src/dspy-integration/templates/AgentTemplateGenerator.ts(749,10): error TS2484: Export declaration conflicts with exported declaration of 'AgentTemplateGenerator'.
src/dspy-integration/templates/BatchOptimizationEngine.ts(62,14): error TS2323: Cannot redeclare exported variable 'BatchOptimizationEngine'.
src/dspy-integration/templates/BatchOptimizationEngine.ts(281,62): error TS18046: 'error' is of type 'unknown'.
src/dspy-integration/templates/BatchOptimizationEngine.ts(365,29): error TS18046: 'error' is of type 'unknown'.
src/dspy-integration/templates/BatchOptimizationEngine.ts(618,3): error TS2323: Cannot redeclare exported variable 'BatchOptimizationEngine'.
src/dspy-integration/templates/BatchOptimizationEngine.ts(618,3): error TS2484: Export declaration conflicts with exported declaration of 'BatchOptimizationEngine'.
src/dspy-integration/templates/MasterAgentTemplate.ts(6,87): error TS2307: Cannot find module 'dspy' or its corresponding type declarations.
src/dspy-integration/templates/MasterAgentTemplate.ts(92,3): error TS2322: Type 'string' is not assignable to type 'AgentContext'.
src/dspy-integration/templates/MasterAgentTemplate.ts(95,3): error TS2322: Type 'string' is not assignable to type 'ComplianceRequirements'.
src/dspy-integration/templates/MasterAgentTemplate.ts(98,3): error TS2322: Type 'string' is not assignable to type 'AgentSpecialization'.
src/dspy-integration/templates/MasterAgentTemplate.ts(104,3): error TS2322: Type 'string' is not assignable to type 'ComplianceReport'.
src/dspy-integration/templates/MasterAgentTemplate.ts(107,3): error TS2322: Type 'string' is not assignable to type 'QualityMetrics'.
src/dspy-integration/templates/MasterAgentTemplate.ts(110,3): error TS2322: Type 'string' is not assignable to type 'FSMAnalysis'.
src/dspy-integration/templates/TemplateValidator.ts(56,14): error TS2323: Cannot redeclare exported variable 'TemplateValidator'.
src/dspy-integration/templates/TemplateValidator.ts(312,50): error TS18046: 'error' is of type 'unknown'.
src/dspy-integration/templates/TemplateValidator.ts(934,9): error TS2322: Type 'boolean' is not assignable to type 'number'.
src/dspy-integration/templates/TemplateValidator.ts(935,9): error TS2322: Type 'boolean' is not assignable to type 'number'.
src/dspy-integration/templates/TemplateValidator.ts(936,9): error TS2322: Type 'boolean' is not assignable to type 'number'.
src/dspy-integration/templates/TemplateValidator.ts(970,9): error TS2322: Type 'boolean' is not assignable to type 'number'.
src/dspy-integration/templates/TemplateValidator.ts(1007,9): error TS2322: Type 'boolean' is not assignable to type 'number'.
src/dspy-integration/templates/TemplateValidator.ts(1008,9): error TS2322: Type 'boolean' is not assignable to type 'number'.
src/dspy-integration/templates/TemplateValidator.ts(1220,3): error TS2323: Cannot redeclare exported variable 'TemplateValidator'.
src/dspy-integration/templates/TemplateValidator.ts(1220,3): error TS2484: Export declaration conflicts with exported declaration of 'TemplateValidator'.
src/dspy-integration/validation/ABTestingFramework.ts(664,11): error TS2564: Property 'testDesigner' has no initializer and is not definitely assigned in the constructor.
src/dspy-integration/validation/ABTestingFramework.ts(665,11): error TS2564: Property 'testExecutor' has no initializer and is not definitely assigned in the constructor.
src/dspy-integration/validation/ABTestingFramework.ts(666,11): error TS2564: Property 'dataCollector' has no initializer and is not definitely assigned in the constructor.
src/dspy-integration/validation/ABTestingFramework.ts(667,11): error TS2564: Property 'statisticalAnalyzer' has no initializer and is not definitely assigned in the constructor.
src/dspy-integration/validation/ABTestingFramework.ts(668,11): error TS2564: Property 'businessAnalyzer' has no initializer and is not definitely assigned in the constructor.
src/dspy-integration/validation/ABTestingFramework.ts(669,11): error TS2564: Property 'safetyMonitor' has no initializer and is not definitely assigned in the constructor.
src/dspy-integration/validation/ABTestingFramework.ts(695,56): error TS2345: Argument of type 'string' is not assignable to parameter of type 'number'.
src/dspy-integration/validation/ABTestingFramework.ts(783,52): error TS2345: Argument of type 'string' is not assignable to parameter of type 'number'.
  Type 'string' is not assignable to type 'number'.
src/dspy-integration/validation/ABTestingFramework.ts(1103,16): error TS2339: Property 'overall_risk_level' does not exist on type 'SafetyAnalysis'.
src/dspy-integration/validation/ABTestingFramework.ts(1103,58): error TS2339: Property 'overall_risk_level' does not exist on type 'SafetyAnalysis'.
src/dspy-integration/validation/ABTestingFramework.ts(1109,53): error TS2339: Property 'overall_risk_level' does not exist on type 'SafetyAnalysis'.
src/dspy-integration/validation/ABTestingFramework.ts(1208,32): error TS2339: Property 'overall_risk_level' does not exist on type 'SafetyAnalysis'.
src/dspy-integration/validation/ABTestingFramework.ts(1208,88): error TS2339: Property 'overall_risk_level' does not exist on type 'SafetyAnalysis'.
src/dspy-integration/validation/ABTestingFramework.ts(1211,42): error TS2339: Property 'overall_risk_level' does not exist on type 'SafetyAnalysis'.
src/dspy-integration/validation/ABTestingFramework.ts(1213,74): error TS2339: Property 'overall_risk_level' does not exist on type 'SafetyAnalysis'.
src/dspy-integration/validation/ABTestingFramework.ts(1216,52): error TS2339: Property 'overall_risk_level' does not exist on type 'SafetyAnalysis'.
src/dspy-integration/validation/ABTestingFramework.ts(1237,10): error TS2416: Property 'getCurrentState' in type 'ABTestingFramework' is not assignable to the same property in base type 'MonitoringHub<ABTestInput, ABTestResult>'.
  Type '() => ABTestingState' is not assignable to type '() => MonitorState'.
    Type 'ABTestingState' is not assignable to type 'MonitorState'.
src/dspy-integration/validation/BackwardCompatibilityLayer.ts(9,10): error TS2724: '"./CommunicationQualityScorer"' has no exported member named 'CommunicationQualityMetrics'. Did you mean 'CommunicationQualityScorer'?
src/dspy-integration/validation/BackwardCompatibilityLayer.ts(190,14): error TS2415: Class 'BackwardCompatibilityLayer' incorrectly extends base class 'MonitoringHub<CompatibilityInput, CompatibilityResult>'.
  Property 'checkThresholds' is private in type 'MonitoringHub<CompatibilityInput, CompatibilityResult>' but not in type 'BackwardCompatibilityLayer'.
src/dspy-integration/validation/BackwardCompatibilityLayer.ts(193,11): error TS2564: Property 'migrationProgress' has no initializer and is not definitely assigned in the constructor.
src/dspy-integration/validation/CommunicationQualityScorer.ts(313,11): error TS2564: Property 'clarityAnalyzer' has no initializer and is not definitely assigned in the constructor.
src/dspy-integration/validation/CommunicationQualityScorer.ts(314,11): error TS2564: Property 'actionabilityAnalyzer' has no initializer and is not definitely assigned in the constructor.
src/dspy-integration/validation/CommunicationQualityScorer.ts(315,11): error TS2564: Property 'completenessAnalyzer' has no initializer and is not definitely assigned in the constructor.
src/dspy-integration/validation/CommunicationQualityScorer.ts(316,11): error TS2564: Property 'efficiencyAnalyzer' has no initializer and is not definitely assigned in the constructor.
src/dspy-integration/validation/CommunicationQualityScorer.ts(317,11): error TS2564: Property 'trendAnalyzer' has no initializer and is not definitely assigned in the constructor.
src/dspy-integration/validation/CommunicationQualityScorer.ts(318,11): error TS2564: Property 'complianceChecker' has no initializer and is not definitely assigned in the constructor.
src/dspy-integration/validation/CommunicationQualityScorer.ts(954,10): error TS2416: Property 'getCurrentState' in type 'CommunicationQualityScorer' is not assignable to the same property in base type 'MonitoringHub<CommunicationScoringInput, CommunicationQualityScoringResult>'.
  Type '() => CommunicationScoringState' is not assignable to type '() => MonitorState'.
    Type 'CommunicationScoringState' is not assignable to type 'MonitorState'.
src/dspy-integration/validation/DSPyPrincessAuditIntegration.ts(340,11): error TS2564: Property 'communicationAnalyzer' has no initializer and is not definitely assigned in the constructor.
src/dspy-integration/validation/DSPyPrincessAuditIntegration.ts(341,11): error TS2564: Property 'qualityGateEnhancer' has no initializer and is not definitely assigned in the constructor.
src/dspy-integration/validation/DSPyPrincessAuditIntegration.ts(342,11): error TS2564: Property 'performanceOptimizer' has no initializer and is not definitely assigned in the constructor.
src/dspy-integration/validation/DSPyPrincessAuditIntegration.ts(343,11): error TS2564: Property 'dspyIntegrationEngine' has no initializer and is not definitely assigned in the constructor.
src/dspy-integration/validation/DSPyPrincessAuditIntegration.ts(781,10): error TS2416: Property 'getCurrentState' in type 'DSPyPrincessAuditIntegration' is not assignable to the same property in base type 'MonitoringHub<PrincessAuditInput, PrincessAuditResult>'.
  Type '() => PrincessAuditState' is not assignable to type '() => MonitorState'.
    Type 'PrincessAuditState' is not assignable to type 'MonitorState'.
src/dspy-integration/validation/DSPyTheaterDetector.ts(9,29): error TS2459: Module '"../../validation/theater/TheaterScannerFSM"' declares 'TheaterScanResult' locally, but it is not exported.
src/dspy-integration/validation/DSPyTheaterDetector.ts(9,48): error TS2459: Module '"../../validation/theater/TheaterScannerFSM"' declares 'TheaterPattern' locally, but it is not exported.
src/dspy-integration/validation/DSPyTheaterDetector.ts(173,11): error TS2564: Property 'theaterScanner' has no initializer and is not definitely assigned in the constructor.
src/dspy-integration/validation/DSPyTheaterDetector.ts(174,11): error TS2564: Property 'communicationAnalyzer' has no initializer and is not definitely assigned in the constructor.
src/dspy-integration/validation/DSPyTheaterDetector.ts(175,11): error TS2564: Property 'qualityScorer' has no initializer and is not definitely assigned in the constructor.
src/dspy-integration/validation/DSPyTheaterDetector.ts(176,11): error TS2564: Property 'optimizationTracker' has no initializer and is not definitely assigned in the constructor.
src/dspy-integration/validation/DSPyTheaterDetector.ts(177,11): error TS2564: Property 'performanceTracker' has no initializer and is not definitely assigned in the constructor.
src/dspy-integration/validation/DSPyTheaterDetector.ts(518,10): error TS2416: Property 'getCurrentState' in type 'DSPyTheaterDetector' is not assignable to the same property in base type 'MonitoringHub<DSPyTheaterDetectionInput, DSPyTheaterDetectionResult>'.
  Type '() => DSPyTheaterState' is not assignable to type '() => MonitorState'.
    Type 'DSPyTheaterState' is not assignable to type 'MonitorState'.
src/dspy-integration/validation/DSPyTheaterDetector.ts(540,9): error TS2740: Type '{}' is missing the following properties from type 'Record<CommunicationPatternType, number[]>': repetitive_low_value, lacks_actionable_content, bypasses_quality_gates, optimization_theater, and 2 more.
src/dspy-integration/validation/IntegrationTestSuite.ts(257,7): error TS2322: Type 'Map<any, any>' is not assignable to type 'Record<string, number>'.
  Index signature for type 'string' is missing in type 'Map<any, any>'.
src/dspy-integration/validation/IntegrationTestSuite.ts(370,73): error TS2345: Argument of type '{ content_to_analyze: string; dspy_config: { optimization_enabled: boolean; }; quality_thresholds: { theater_score_threshold: number; }; }' is not assignable to parameter of type 'DSPyTheaterDetectionInput'.
  Type '{ content_to_analyze: string; dspy_config: { optimization_enabled: boolean; }; quality_thresholds: { theater_score_threshold: number; }; }' is missing the following properties from type 'DSPyTheaterDetectionInput': project_root, communication_logs, optimization_history
src/dspy-integration/validation/IntegrationTestSuite.ts(385,41): error TS2339: Property 'overall_score' does not exist on type 'MonitorReport'.
src/dspy-integration/validation/IntegrationTestSuite.ts(447,80): error TS2345: Argument of type '{ communications: { content: string; timestamp: number; }[]; quality_criteria: { clarity_weight: number; actionability_weight: number; completeness_weight: number; efficiency_weight: number; }; }' is not assignable to parameter of type 'CommunicationScoringInput'.
  Type '{ communications: { content: string; timestamp: number; }[]; quality_criteria: { clarity_weight: number; actionability_weight: number; completeness_weight: number; efficiency_weight: number; }; }' is missing the following properties from type 'CommunicationScoringInput': communication_logs, quality_context, scoring_criteria
src/dspy-integration/validation/IntegrationTestSuite.ts(504,73): error TS2345: Argument of type '{ existing_gates: QualityGateConfig[]; dspy_metrics: { communication_quality: { clarity_score: number; actionability_score: number; }; }; enhancement_targets: string[]; }' is not assignable to parameter of type 'QualityGateEnhancementInput'.
  Property 'enhancement_config' is missing in type '{ existing_gates: QualityGateConfig[]; dspy_metrics: { communication_quality: { clarity_score: number; actionability_score: number; }; }; enhancement_targets: string[]; }' but required in type 'QualityGateEnhancementInput'.
src/dspy-integration/validation/IntegrationTestSuite.ts(554,74): error TS2345: Argument of type '{ theater_detection_results: { overall_score: number; patterns_found: number; }; communication_quality_metrics: { clarity_score: number; actionability_score: number; }; quality_gate_performance: { ...; }; optimization_targets: { ...; }; }' is not assignable to parameter of type 'OptimizationFeedbackInput'.
  Type '{ theater_detection_results: { overall_score: number; patterns_found: number; }; communication_quality_metrics: { clarity_score: number; actionability_score: number; }; quality_gate_performance: { ...; }; optimization_targets: { ...; }; }' is missing the following properties from type 'OptimizationFeedbackInput': quality_gate_results, system_performance_metrics, feedback_configuration
src/dspy-integration/validation/IntegrationTestSuite.ts(600,76): error TS2345: Argument of type '{ validation_sources: string[]; collection_config: { sampling_rate: number; aggregation_window: number; statistical_methods: string[]; }; }' is not assignable to parameter of type 'ValidationMetricsInput'.
  Type '{ validation_sources: string[]; collection_config: { sampling_rate: number; aggregation_window: number; statistical_methods: string[]; }; }' is missing the following properties from type 'ValidationMetricsInput': collection_period, metric_sources, validation_targets, collection_configuration
src/dspy-integration/validation/IntegrationTestSuite.ts(648,74): error TS2345: Argument of type '{ princess_communications: { domain: string; message: string; timestamp: number; }[]; audit_requirements: { communication_clarity_threshold: number; actionability_threshold: number; quality_gate_compliance: boolean; }; }' is not assignable to parameter of type 'PrincessAuditInput'.
  Type '{ princess_communications: { domain: string; message: string; timestamp: number; }[]; audit_requirements: { communication_clarity_threshold: number; actionability_threshold: number; quality_gate_compliance: boolean; }; }' is missing the following properties from type 'PrincessAuditInput': current_quality_gates, audit_configuration, dspy_metrics
src/dspy-integration/validation/IntegrationTestSuite.ts(698,68): error TS2345: Argument of type '{ experiment_config: { control_group: string; treatment_group: string; sample_size: number; success_metrics: string[]; }; test_data: { control_results: { accuracy: number; false_positive_rate: number; processing_time: number; }[]; treatment_results: { ...; }[]; }; }' is not assignable to parameter of type 'ABTestInput'.
  Type '{ experiment_config: { control_group: string; treatment_group: string; sample_size: number; success_metrics: string[]; }; test_data: { control_results: { accuracy: number; false_positive_rate: number; processing_time: number; }[]; treatment_results: { ...; }[]; }; }' is missing the following properties from type 'ABTestInput': test_hypothesis, test_configuration, baseline_system, treatment_system, and 2 more.
src/dspy-integration/validation/IntegrationTestSuite.ts(764,56): error TS2345: Argument of type '{ content_to_analyze: string; dspy_config: { optimization_enabled: boolean; }; quality_thresholds: { theater_score_threshold: number; }; }' is not assignable to parameter of type 'DSPyTheaterDetectionInput'.
  Type '{ content_to_analyze: string; dspy_config: { optimization_enabled: boolean; }; quality_thresholds: { theater_score_threshold: number; }; }' is missing the following properties from type 'DSPyTheaterDetectionInput': project_root, communication_logs, optimization_history
src/dspy-integration/validation/IntegrationTestSuite.ts(810,63): error TS2345: Argument of type '{ communications: { content: string; timestamp: number; }[]; quality_criteria: { clarity_weight: number; actionability_weight: number; completeness_weight: number; efficiency_weight: number; }; }' is not assignable to parameter of type 'CommunicationScoringInput'.
  Type '{ communications: { content: string; timestamp: number; }[]; quality_criteria: { clarity_weight: number; actionability_weight: number; completeness_weight: number; efficiency_weight: number; }; }' is missing the following properties from type 'CommunicationScoringInput': communication_logs, quality_context, scoring_criteria
src/dspy-integration/validation/IntegrationTestSuite.ts(853,78): error TS2345: Argument of type '{ content_to_analyze: string; dspy_config: { optimization_enabled: boolean; }; quality_thresholds: { theater_score_threshold: number; }; }' is not assignable to parameter of type 'DSPyTheaterDetectionInput'.
  Type '{ content_to_analyze: string; dspy_config: { optimization_enabled: boolean; }; quality_thresholds: { theater_score_threshold: number; }; }' is missing the following properties from type 'DSPyTheaterDetectionInput': project_root, communication_logs, optimization_history
src/dspy-integration/validation/IntegrationTestSuite.ts(865,63): error TS2345: Argument of type '{ communications: { content: string; timestamp: number; }[]; quality_criteria: { clarity_weight: number; actionability_weight: number; completeness_weight: number; efficiency_weight: number; }; }' is not assignable to parameter of type 'CommunicationScoringInput'.
  Type '{ communications: { content: string; timestamp: number; }[]; quality_criteria: { clarity_weight: number; actionability_weight: number; completeness_weight: number; efficiency_weight: number; }; }' is missing the following properties from type 'CommunicationScoringInput': communication_logs, quality_context, scoring_criteria
src/dspy-integration/validation/IntegrationTestSuite.ts(874,56): error TS2345: Argument of type '{ existing_gates: { gate_id: string; gate_name: string; thresholds: {}; enhanced_metrics: never[]; adaptation_rules: never[]; }[]; dspy_metrics: { communication_quality: { clarity_score: number; actionability_score: number; }; }; enhancement_targets: string[]; }' is not assignable to parameter of type 'QualityGateEnhancementInput'.
  Property 'enhancement_config' is missing in type '{ existing_gates: { gate_id: string; gate_name: string; thresholds: {}; enhanced_metrics: never[]; adaptation_rules: never[]; }[]; dspy_metrics: { communication_quality: { clarity_score: number; actionability_score: number; }; }; enhancement_targets: string[]; }' but required in type 'QualityGateEnhancementInput'.
src/dspy-integration/validation/IntegrationTestSuite.ts(931,76): error TS2345: Argument of type '{ content_to_analyze: string; dspy_config: { optimization_enabled: boolean; }; quality_thresholds: { theater_score_threshold: number; }; }' is not assignable to parameter of type 'DSPyTheaterDetectionInput'.
  Type '{ content_to_analyze: string; dspy_config: { optimization_enabled: boolean; }; quality_thresholds: { theater_score_threshold: number; }; }' is missing the following properties from type 'DSPyTheaterDetectionInput': project_root, communication_logs, optimization_history
src/dspy-integration/validation/IntegrationTestSuite.ts(946,89): error TS2345: Argument of type '{ communications: any[]; quality_criteria: { clarity_weight: number; actionability_weight: number; completeness_weight: number; efficiency_weight: number; }; }' is not assignable to parameter of type 'CommunicationScoringInput'.
  Type '{ communications: any[]; quality_criteria: { clarity_weight: number; actionability_weight: number; completeness_weight: number; efficiency_weight: number; }; }' is missing the following properties from type 'CommunicationScoringInput': communication_logs, quality_context, scoring_criteria
src/dspy-integration/validation/IntegrationTestSuite.ts(994,89): error TS2345: Argument of type '{ communications: { content: string; timestamp: number; }[]; quality_criteria: { clarity_weight: number; actionability_weight: number; completeness_weight: number; efficiency_weight: number; }; }' is not assignable to parameter of type 'CommunicationScoringInput'.
  Type '{ communications: { content: string; timestamp: number; }[]; quality_criteria: { clarity_weight: number; actionability_weight: number; completeness_weight: number; efficiency_weight: number; }; }' is missing the following properties from type 'CommunicationScoringInput': communication_logs, quality_context, scoring_criteria
src/dspy-integration/validation/IntegrationTestSuite.ts(998,68): error TS2339: Property 'overall_quality_score' does not exist on type 'MonitorReport'.
src/dspy-integration/validation/IntegrationTestSuite.ts(1002,80): error TS2345: Argument of type '{ existing_gates: { gate_id: string; gate_name: string; thresholds: {}; enhanced_metrics: never[]; adaptation_rules: never[]; }[]; dspy_metrics: { communication_quality: any; }; enhancement_targets: string[]; }' is not assignable to parameter of type 'QualityGateEnhancementInput'.
  Property 'enhancement_config' is missing in type '{ existing_gates: { gate_id: string; gate_name: string; thresholds: {}; enhanced_metrics: never[]; adaptation_rules: never[]; }[]; dspy_metrics: { communication_quality: any; }; enhancement_targets: string[]; }' but required in type 'QualityGateEnhancementInput'.
src/dspy-integration/validation/IntegrationTestSuite.ts(1045,80): error TS2345: Argument of type '{ existing_gates: { gate_id: string; gate_name: string; thresholds: {}; enhanced_metrics: never[]; adaptation_rules: never[]; }[]; dspy_metrics: { communication_quality: { clarity_score: number; actionability_score: number; }; }; enhancement_targets: string[]; }' is not assignable to parameter of type 'QualityGateEnhancementInput'.
  Property 'enhancement_config' is missing in type '{ existing_gates: { gate_id: string; gate_name: string; thresholds: {}; enhanced_metrics: never[]; adaptation_rules: never[]; }[]; dspy_metrics: { communication_quality: { clarity_score: number; actionability_score: number; }; }; enhancement_targets: string[]; }' but required in type 'QualityGateEnhancementInput'.
src/dspy-integration/validation/IntegrationTestSuite.ts(1054,86): error TS2345: Argument of type '{ theater_detection_results: { overall_score: number; patterns_found: number; }; communication_quality_metrics: { clarity_score: number; actionability_score: number; }; quality_gate_performance: { ...; }; optimization_targets: { ...; }; }' is not assignable to parameter of type 'OptimizationFeedbackInput'.
  Type '{ theater_detection_results: { overall_score: number; patterns_found: number; }; communication_quality_metrics: { clarity_score: number; actionability_score: number; }; quality_gate_performance: { ...; }; optimization_targets: { ...; }; }' is missing the following properties from type 'OptimizationFeedbackInput': quality_gate_results, system_performance_metrics, feedback_configuration
src/dspy-integration/validation/IntegrationTestSuite.ts(1103,89): error TS2345: Argument of type '{ legacy_theater_results: { score: number; patterns: string[]; }[]; legacy_quality_gates: { name: string; threshold: number; }[]; migration_mode: "gradual"; validation_requirements: { component: string; requirement_type: "COMPATIBILITY"; acceptance_criteria: string[]; test_scenarios: never[]; }[]; }' is not assignable to parameter of type 'CompatibilityInput'.
  Types of property 'validation_requirements' are incompatible.
    Type '{ component: string; requirement_type: "COMPATIBILITY"; acceptance_criteria: string[]; test_scenarios: never[]; }[]' is not assignable to type 'ValidationRequirement[]'.
      Type '{ component: string; requirement_type: "COMPATIBILITY"; acceptance_criteria: string[]; test_scenarios: never[]; }' is not assignable to type 'ValidationRequirement'.
        Types of property 'requirement_type' are incompatible.
          Type '"COMPATIBILITY"' is not assignable to type 'RequirementType'.
src/dspy-integration/validation/IntegrationTestSuite.ts(1105,55): error TS2339: Property 'compatibility_status' does not exist on type 'MonitorReport'.
src/dspy-integration/validation/IntegrationTestSuite.ts(1110,50): error TS2339: Property 'compatibility_status' does not exist on type 'MonitorReport'.
src/dspy-integration/validation/IntegrationTestSuite.ts(1170,77): error TS2345: Argument of type '{ content_to_analyze: string; dspy_config: { optimization_enabled: boolean; }; quality_thresholds: { theater_score_threshold: number; }; }' is not assignable to parameter of type 'DSPyTheaterDetectionInput'.
  Type '{ content_to_analyze: string; dspy_config: { optimization_enabled: boolean; }; quality_thresholds: { theater_score_threshold: number; }; }' is missing the following properties from type 'DSPyTheaterDetectionInput': project_root, communication_logs, optimization_history
src/dspy-integration/validation/OptimizationFeedbackLoop.ts(426,11): error TS2564: Property 'patternLearner' has no initializer and is not definitely assigned in the constructor.
src/dspy-integration/validation/OptimizationFeedbackLoop.ts(427,11): error TS2564: Property 'optimizationEngine' has no initializer and is not definitely assigned in the constructor.
src/dspy-integration/validation/OptimizationFeedbackLoop.ts(428,11): error TS2564: Property 'performanceAnalyzer' has no initializer and is not definitely assigned in the constructor.
src/dspy-integration/validation/OptimizationFeedbackLoop.ts(429,11): error TS2564: Property 'riskManager' has no initializer and is not definitely assigned in the constructor.
src/dspy-integration/validation/OptimizationFeedbackLoop.ts(430,11): error TS2564: Property 'validationEngine' has no initializer and is not definitely assigned in the constructor.
src/dspy-integration/validation/OptimizationFeedbackLoop.ts(1113,9): error TS2322: Type '"WARNING"' is not assignable to type '"LOW" | "MEDIUM" | "HIGH" | "CRITICAL"'.
src/dspy-integration/validation/OptimizationFeedbackLoop.ts(1139,10): error TS2416: Property 'getCurrentState' in type 'OptimizationFeedbackLoop' is not assignable to the same property in base type 'MonitoringHub<OptimizationFeedbackInput, OptimizationFeedbackResult>'.
  Type '() => OptimizationFeedbackState' is not assignable to type '() => MonitorState'.
    Type 'OptimizationFeedbackState' is not assignable to type 'MonitorState'.
src/dspy-integration/validation/PerformanceMonitoringDashboard.ts(386,14): error TS2415: Class 'PerformanceMonitoringDashboard' incorrectly extends base class 'MonitoringHub<DashboardConfig, DashboardState>'.
  Property 'checkThresholds' is private in type 'MonitoringHub<DashboardConfig, DashboardState>' but not in type 'PerformanceMonitoringDashboard'.
src/dspy-integration/validation/PerformanceMonitoringDashboard.ts(1011,5): error TS2739: Type 'MonitorReport' is missing the following properties from type 'DashboardState': current_metrics, historical_data, active_alerts, system_health, performance_trends
src/dspy-integration/validation/PerformanceValidator.ts(319,14): error TS2415: Class 'PerformanceValidator' incorrectly extends base class 'MonitoringHub<PerformanceInput, PerformanceResult>'.
  Property 'checkThresholds' is private in type 'MonitoringHub<PerformanceInput, PerformanceResult>' but not in type 'PerformanceValidator'.
src/dspy-integration/validation/PerformanceValidator.ts(393,11): error TS2393: Duplicate function implementation.
src/dspy-integration/validation/PerformanceValidator.ts(731,17): error TS2393: Duplicate function implementation.
src/dspy-integration/validation/QualityGateEnhancer.ts(380,11): error TS2564: Property 'thresholdAnalyzer' has no initializer and is not definitely assigned in the constructor.
src/dspy-integration/validation/QualityGateEnhancer.ts(381,11): error TS2564: Property 'ruleOptimizer' has no initializer and is not definitely assigned in the constructor.
src/dspy-integration/validation/QualityGateEnhancer.ts(382,11): error TS2564: Property 'performancePredictor' has no initializer and is not definitely assigned in the constructor.
src/dspy-integration/validation/QualityGateEnhancer.ts(383,11): error TS2564: Property 'riskAssessor' has no initializer and is not definitely assigned in the constructor.
src/dspy-integration/validation/QualityGateEnhancer.ts(384,11): error TS2564: Property 'integrationManager' has no initializer and is not definitely assigned in the constructor.
src/dspy-integration/validation/QualityGateEnhancer.ts(410,61): error TS2345: Argument of type 'string' is not assignable to parameter of type 'number'.
  Type 'string' is not assignable to type 'number'.
src/dspy-integration/validation/QualityGateEnhancer.ts(486,51): error TS2345: Argument of type 'string' is not assignable to parameter of type 'number'.
  Type 'string' is not assignable to type 'number'.
src/dspy-integration/validation/QualityGateEnhancer.ts(1180,10): error TS2416: Property 'getCurrentState' in type 'QualityGateEnhancer' is not assignable to the same property in base type 'MonitoringHub<QualityGateEnhancementInput, QualityGateEnhancementResult>'.
  Type '() => QualityGateEnhancementState' is not assignable to type '() => MonitorState'.
    Type 'QualityGateEnhancementState' is not assignable to type 'MonitorState'.
src/dspy-integration/validation/ValidationMetricsCollector.ts(564,11): error TS2564: Property 'dataCollector' has no initializer and is not definitely assigned in the constructor.
src/dspy-integration/validation/ValidationMetricsCollector.ts(565,11): error TS2564: Property 'metricsAggregator' has no initializer and is not definitely assigned in the constructor.
src/dspy-integration/validation/ValidationMetricsCollector.ts(566,11): error TS2564: Property 'validationAnalyzer' has no initializer and is not definitely assigned in the constructor.
src/dspy-integration/validation/ValidationMetricsCollector.ts(567,11): error TS2564: Property 'statisticalEngine' has no initializer and is not definitely assigned in the constructor.
src/dspy-integration/validation/ValidationMetricsCollector.ts(568,11): error TS2564: Property 'qualityAssuranceEngine' has no initializer and is not definitely assigned in the constructor.
src/dspy-integration/validation/ValidationMetricsCollector.ts(1052,10): error TS2416: Property 'getCurrentState' in type 'ValidationMetricsCollector' is not assignable to the same property in base type 'MonitoringHub<ValidationMetricsInput, ValidationMetricsResult>'.
  Type '() => ValidationMetricsState' is not assignable to type '() => MonitorState'.
    Type 'ValidationMetricsState' is not assignable to type 'MonitorState'.
src/events/fsm/components/EventAggregator.ts(8,15): error TS2307: Cannot find module './EventAggregatorFacade' or its corresponding type declarations.
src/events/fsm/components/EventLogger.ts(8,15): error TS2307: Cannot find module './EventLoggerFacade' or its corresponding type declarations.
src/events/fsm/components/EventValidator.ts(8,15): error TS2307: Cannot find module './EventValidatorFacade' or its corresponding type declarations.
src/events/fsm/facade/EventFSM.ts(8,15): error TS2307: Cannot find module './EventFSMFacade' or its corresponding type declarations.
src/fsm/FSMOrchestrator.ts(8,15): error TS2307: Cannot find module './FSMOrchestratorFacade' or its corresponding type declarations.
src/fsm/index.ts(7,10): error TS2305: Module '"./orchestration/SystemStateMachine"' has no exported member 'SystemStateMachine'.
src/fsm/index.ts(11,10): error TS2305: Module '"./orchestration/StateHistoryManager"' has no exported member 'StateHistoryManager'.
src/fsm/index.ts(14,10): error TS2724: '"./TransitionHub"' has no exported member named 'TransitionHub'. Did you mean 'TransitionId'?
src/fsm/index.ts(15,15): error TS2305: Module '"./TransitionHub"' has no exported member 'HubConfiguration'.
src/fsm/index.ts(15,33): error TS2724: '"./TransitionHub"' has no exported member named 'TransitionRequest'. Did you mean 'TransitionRule'?
src/fsm/index.ts(15,52): error TS2305: Module '"./TransitionHub"' has no exported member 'TransitionResponse'.
src/fsm/index.ts(15,72): error TS2305: Module '"./TransitionHub"' has no exported member 'FSMRegistry'.
src/fsm/index.ts(18,10): error TS2305: Module '"../langgraph/LangGraphAdapter"' has no exported member 'LangGraphAdapter'.
src/fsm/index.ts(19,10): error TS2305: Module '"../langgraph/GraphStateMapper"' has no exported member 'GraphStateMapper'.
src/fsm/index.ts(25,10): error TS2305: Module '"./monitoring/StateTransitionMonitor"' has no exported member 'StateTransitionMonitor'.
src/fsm/index.ts(27,3): error TS2305: Module '"./monitoring/StateTransitionMonitor"' has no exported member 'PerformanceAlert'.
src/fsm/index.ts(28,3): error TS2305: Module '"./monitoring/StateTransitionMonitor"' has no exported member 'RealTimeMetrics'.
src/fsm/index.ts(29,3): error TS2305: Module '"./monitoring/StateTransitionMonitor"' has no exported member 'MonitoringConfig'.
src/fsm/index.ts(36,10): error TS2305: Module '"./FSMOrchestrator"' has no exported member 'FSMOrchestrator'.
src/fsm/index.ts(37,15): error TS2305: Module '"./FSMOrchestrator"' has no exported member 'OrchestratorConfig'.
src/fsm/index.ts(37,35): error TS2305: Module '"./FSMOrchestrator"' has no exported member 'FSMSystemStatus'.
src/fsm/index.ts(40,10): error TS2305: Module '"./FSMOrchestrator"' has no exported member 'default'.
src/fsm/infrastructure/InfrastructureConfigManager.ts(16,15): error TS2339: Property 'EnterpriseConfiguration' does not exist on type 'typeof import("C:/Users/17175/Desktop/spek template/src/domains/quality-gates/config/EnterpriseConfiguration")'.
src/fsm/infrastructure/InfrastructureDeploymentManager.ts(17,28): error TS2554: Expected 1 arguments, but got 0.
src/fsm/infrastructure/InfrastructureDeploymentManager.ts(19,51): error TS2339: Property 'deployServices' does not exist on type 'ContainerOrchestrator'.
src/fsm/infrastructure/InfrastructureResourceManager.ts(51,28): error TS2554: Expected 1 arguments, but got 0.
src/fsm/infrastructure/InfrastructureResourceManager.ts(53,48): error TS2339: Property 'provisionComputeInstances' does not exist on type 'ContainerOrchestrator'.
src/fsm/monitoring/StateTransitionMonitor.ts(8,15): error TS2307: Cannot find module './StateTransitionMonitorFacade' or its corresponding type declarations.
src/fsm/orchestration/StateEventDispatcher-FSM.ts(8,10): error TS2305: Module '"../../events/fsm/facade/EventFSM"' has no exported member 'EventFSM'.
src/fsm/orchestration/StateEventDispatcher-FSM.ts(76,42): error TS7006: Parameter 'data' implicitly has an 'any' type.
src/fsm/orchestration/StateEventDispatcher-FSM.ts(80,38): error TS7006: Parameter 'data' implicitly has an 'any' type.
src/fsm/orchestration/StateEventDispatcher-FSM.ts(98,65): error TS2339: Property 'toString' does not exist on type 'never'.
src/fsm/orchestration/StateEventDispatcher-FSM.ts(133,65): error TS2339: Property 'toString' does not exist on type 'never'.
src/fsm/orchestration/StateEventDispatcher-FSM.ts(191,47): error TS2339: Property 'toString' does not exist on type 'never'.
src/fsm/orchestration/StateEventDispatcher-FSM.ts(273,65): error TS2339: Property 'toString' does not exist on type 'never'.
src/fsm/orchestration/StateEventDispatcher-ORIGINAL.ts(358,85): error TS2339: Property 'toString' does not exist on type 'never'.
src/fsm/orchestration/StateEventDispatcher.ts(8,10): error TS2305: Module '"../../events/fsm/facade/EventFSM"' has no exported member 'EventFSM'.
src/fsm/orchestration/StateEventDispatcher.ts(76,42): error TS7006: Parameter 'data' implicitly has an 'any' type.
src/fsm/orchestration/StateEventDispatcher.ts(80,38): error TS7006: Parameter 'data' implicitly has an 'any' type.
src/fsm/orchestration/StateEventDispatcher.ts(98,65): error TS2339: Property 'toString' does not exist on type 'never'.
src/fsm/orchestration/StateEventDispatcher.ts(133,65): error TS2339: Property 'toString' does not exist on type 'never'.
src/fsm/orchestration/StateEventDispatcher.ts(191,47): error TS2339: Property 'toString' does not exist on type 'never'.
src/fsm/orchestration/StateEventDispatcher.ts(273,65): error TS2339: Property 'toString' does not exist on type 'never'.
src/fsm/orchestration/StateGuardValidator.ts(100,35): error TS7006: Parameter 'dep' implicitly has an 'any' type.
src/fsm/orchestration/StateGuardValidator.ts(150,54): error TS7006: Parameter 'issue' implicitly has an 'any' type.
src/fsm/orchestration/StateHistoryManager.ts(8,15): error TS2307: Cannot find module './StateHistoryManagerFacade' or its corresponding type declarations.
src/fsm/orchestration/StateTransitionEngine.ts(184,16): error TS18046: 'error' is of type 'unknown'.
src/fsm/orchestration/SystemStateMachine.ts(5,15): error TS2307: Cannot find module './facade' or its corresponding type declarations.
src/fsm/princesses/analysis/ResearchAnalysisEngine.ts(29,5): error TS2322: Type 'any[]' is not assignable to type 'never[]'.
  Type 'any' is not assignable to type 'never'.
src/fsm/princesses/analysis/ResearchAnalysisEngine.ts(30,5): error TS2322: Type 'string[]' is not assignable to type 'never[]'.
  Type 'string' is not assignable to type 'never'.
src/fsm/princesses/core/PrincessBase.ts(30,13): error TS2564: Property 'transitionHub' has no initializer and is not definitely assigned in the constructor.
src/fsm/princesses/core/PrincessBase.ts(31,13): error TS2564: Property 'stateValidator' has no initializer and is not definitely assigned in the constructor.
src/fsm/princesses/core/PrincessBase.ts(32,13): error TS2564: Property 'logger' has no initializer and is not definitely assigned in the constructor.
src/fsm/princesses/core/PrincessBase.ts(48,12): error TS2352: Conversion of type '{ currentState: TState; data: {}; timestamp: number; transitionHistory: never[]; metadata: { principessType: string; workflowId: string; }; } & Partial<TContext>' to type 'TContext' may be a mistake because neither type sufficiently overlaps with the other. If this was intentional, convert the expression to 'unknown' first.
  '{ currentState: TState; data: {}; timestamp: number; transitionHistory: never[]; metadata: { principessType: string; workflowId: string; }; } & Partial<TContext>' is assignable to the constraint of type 'TContext', but 'TContext' could be instantiated with a different subtype of constraint 'FSMContext'.
src/fsm/princesses/core/PrincessBase.ts(167,25): error TS2322: Type 'TEvent | PrincessEvent' is not assignable to type 'string'.
  Type 'TEvent' is not assignable to type 'string'.
src/fsm/princesses/core/PrincessLogger.ts(156,5): error TS2322: Type 'PrincessChildLogger' is not assignable to type 'PrincessLogger'.
  Types have separate declarations of a private property 'getTimestamp'.
src/fsm/princesses/core/PrincessLogger.ts(163,7): error TS2415: Class 'PrincessChildLogger' incorrectly extends base class 'PrincessLogger'.
  Types have separate declarations of a private property 'getTimestamp'.
src/fsm/princesses/core/PrincessLogger.ts(176,29): error TS2341: Property 'principessType' is private and only accessible within class 'PrincessLogger'.
src/fsm/princesses/core/PrincessLogger.ts(190,29): error TS2341: Property 'principessType' is private and only accessible within class 'PrincessLogger'.
src/fsm/princesses/DeploymentPrincessFSM.ts(59,41): error TS2339: Property 'PIPELINE_CONFIGURATION' does not exist on type 'typeof DeploymentState'.
src/fsm/princesses/DeploymentPrincessFSM.ts(68,37): error TS2339: Property 'PIPELINE_CONFIGURATION' does not exist on type 'typeof DeploymentState'.
src/fsm/princesses/DeploymentPrincessFSM.ts(81,24): error TS2339: Property 'PIPELINE_CONFIGURATION' does not exist on type 'typeof DeploymentState'.
src/fsm/princesses/DeploymentPrincessFSM.ts(82,24): error TS2551: Property 'ENVIRONMENT_PREPARATION' does not exist on type 'typeof DeploymentState'. Did you mean 'ENVIRONMENT_PREP'?
src/fsm/princesses/DeploymentPrincessFSM.ts(83,24): error TS2551: Property 'ARTIFACT_BUILDING' does not exist on type 'typeof DeploymentState'. Did you mean 'ARTIFACT_BUILD'?
src/fsm/princesses/DeploymentPrincessFSM.ts(84,24): error TS2339: Property 'TESTING' does not exist on type 'typeof DeploymentState'.
src/fsm/princesses/DeploymentPrincessFSM.ts(85,24): error TS2339: Property 'SECURITY_SCANNING' does not exist on type 'typeof DeploymentState'.
src/fsm/princesses/DeploymentPrincessFSM.ts(103,28): error TS2339: Property 'ROLLBACK_COMPLETE' does not exist on type 'typeof DeploymentEvent'.
src/fsm/princesses/DeploymentPrincessFSM.ts(114,37): error TS2339: Property 'PIPELINE_CONFIGURATION' does not exist on type 'typeof DeploymentState'.
src/fsm/princesses/DeploymentPrincessFSM.ts(130,27): error TS2551: Property 'ENVIRONMENT_PREPARATION' does not exist on type 'typeof DeploymentState'. Did you mean 'ENVIRONMENT_PREP'?
src/fsm/princesses/DeploymentPrincessFSM.ts(138,27): error TS2551: Property 'ARTIFACT_BUILDING' does not exist on type 'typeof DeploymentState'. Did you mean 'ARTIFACT_BUILD'?
src/fsm/princesses/DeploymentPrincessFSM.ts(146,27): error TS2339: Property 'TESTING' does not exist on type 'typeof DeploymentState'.
src/fsm/princesses/domains/architecture/ArchitecturePrincessDomain.ts(64,14): error TS2515: Non-abstract class 'ArchitecturePrincessDomain' does not implement inherited abstract member getPrincessConfig from class 'PrincessBase<ArchitectureContext, string, any>'.
src/fsm/princesses/domains/architecture/ArchitecturePrincessDomain.ts(64,62): error TS2344: Type 'ArchitectureContext' does not satisfy the constraint 'FSMContext'.
  Type 'ArchitectureContext' is missing the following properties from type 'FSMContext': timestamp, transitionHistory, metadata
src/fsm/princesses/domains/architecture/ArchitecturePrincessDomain.ts(65,11): error TS2564: Property 'states' has no initializer and is not definitely assigned in the constructor.
src/fsm/princesses/domains/architecture/ArchitecturePrincessDomain.ts(66,11): error TS2564: Property 'eventHandlers' has no initializer and is not definitely assigned in the constructor.
src/fsm/princesses/domains/architecture/ArchitecturePrincessDomain.ts(67,11): error TS2564: Property 'validator' has no initializer and is not definitely assigned in the constructor.
src/fsm/princesses/domains/architecture/ArchitecturePrincessDomain.ts(68,11): error TS2564: Property 'reporter' has no initializer and is not definitely assigned in the constructor.
src/fsm/princesses/domains/architecture/ArchitecturePrincessDomain.ts(69,11): error TS2564: Property 'taskQueue' has no initializer and is not definitely assigned in the constructor.
src/fsm/princesses/domains/architecture/ArchitecturePrincessDomain.ts(82,25): error TS2565: Property 'states' is used before being assigned.
src/fsm/princesses/domains/architecture/ArchitecturePrincessDomain.ts(83,25): error TS2565: Property 'eventHandlers' is used before being assigned.
src/fsm/princesses/domains/documentation/DocumentationPrincessDomain.ts(53,14): error TS2515: Non-abstract class 'DocumentationPrincessDomain' does not implement inherited abstract member getPrincessConfig from class 'PrincessBase<DocumentationContext, string, any>'.
src/fsm/princesses/domains/documentation/DocumentationPrincessDomain.ts(53,63): error TS2344: Type 'DocumentationContext' does not satisfy the constraint 'FSMContext'.
  Type 'DocumentationContext' is missing the following properties from type 'FSMContext': timestamp, transitionHistory, metadata
src/fsm/princesses/domains/documentation/DocumentationPrincessDomain.ts(54,11): error TS2564: Property 'states' has no initializer and is not definitely assigned in the constructor.
src/fsm/princesses/domains/documentation/DocumentationPrincessDomain.ts(55,11): error TS2564: Property 'eventHandlers' has no initializer and is not definitely assigned in the constructor.
src/fsm/princesses/domains/documentation/DocumentationPrincessDomain.ts(56,11): error TS2564: Property 'validator' has no initializer and is not definitely assigned in the constructor.
src/fsm/princesses/domains/documentation/DocumentationPrincessDomain.ts(57,11): error TS2564: Property 'reporter' has no initializer and is not definitely assigned in the constructor.
src/fsm/princesses/domains/documentation/DocumentationPrincessDomain.ts(58,11): error TS2564: Property 'taskQueue' has no initializer and is not definitely assigned in the constructor.
src/fsm/princesses/domains/documentation/DocumentationPrincessDomain.ts(70,25): error TS2565: Property 'states' is used before being assigned.
src/fsm/princesses/domains/documentation/DocumentationPrincessDomain.ts(71,25): error TS2565: Property 'eventHandlers' is used before being assigned.
src/fsm/princesses/domains/performance/PerformancePrincessDomain.ts(85,14): error TS2515: Non-abstract class 'PerformancePrincessDomain' does not implement inherited abstract member getPrincessConfig from class 'PrincessBase<PerformanceContext, string, any>'.
src/fsm/princesses/domains/performance/PerformancePrincessDomain.ts(85,61): error TS2344: Type 'PerformanceContext' does not satisfy the constraint 'FSMContext'.
  Type 'PerformanceContext' is missing the following properties from type 'FSMContext': timestamp, transitionHistory, metadata
src/fsm/princesses/domains/performance/PerformancePrincessDomain.ts(86,11): error TS2564: Property 'states' has no initializer and is not definitely assigned in the constructor.
src/fsm/princesses/domains/performance/PerformancePrincessDomain.ts(87,11): error TS2564: Property 'eventHandlers' has no initializer and is not definitely assigned in the constructor.
src/fsm/princesses/domains/performance/PerformancePrincessDomain.ts(88,11): error TS2564: Property 'validator' has no initializer and is not definitely assigned in the constructor.
src/fsm/princesses/domains/performance/PerformancePrincessDomain.ts(89,11): error TS2564: Property 'reporter' has no initializer and is not definitely assigned in the constructor.
src/fsm/princesses/domains/performance/PerformancePrincessDomain.ts(90,11): error TS2564: Property 'taskQueue' has no initializer and is not definitely assigned in the constructor.
src/fsm/princesses/domains/performance/PerformancePrincessDomain.ts(104,25): error TS2565: Property 'states' is used before being assigned.
src/fsm/princesses/domains/performance/PerformancePrincessDomain.ts(105,25): error TS2565: Property 'eventHandlers' is used before being assigned.
src/fsm/princesses/domains/quality/QualityPrincessDomain.ts(92,14): error TS2515: Non-abstract class 'QualityPrincessDomain' does not implement inherited abstract member getPrincessConfig from class 'PrincessBase<QualityContext, string, any>'.
src/fsm/princesses/domains/quality/QualityPrincessDomain.ts(92,57): error TS2344: Type 'QualityContext' does not satisfy the constraint 'FSMContext'.
  Type 'QualityContext' is missing the following properties from type 'FSMContext': timestamp, transitionHistory, metadata
src/fsm/princesses/domains/quality/QualityPrincessDomain.ts(93,11): error TS2564: Property 'states' has no initializer and is not definitely assigned in the constructor.
src/fsm/princesses/domains/quality/QualityPrincessDomain.ts(94,11): error TS2564: Property 'eventHandlers' has no initializer and is not definitely assigned in the constructor.
src/fsm/princesses/domains/quality/QualityPrincessDomain.ts(95,11): error TS2564: Property 'validator' has no initializer and is not definitely assigned in the constructor.
src/fsm/princesses/domains/quality/QualityPrincessDomain.ts(96,11): error TS2564: Property 'reporter' has no initializer and is not definitely assigned in the constructor.
src/fsm/princesses/domains/quality/QualityPrincessDomain.ts(97,11): error TS2564: Property 'taskQueue' has no initializer and is not definitely assigned in the constructor.
src/fsm/princesses/domains/quality/QualityPrincessDomain.ts(110,25): error TS2565: Property 'states' is used before being assigned.
src/fsm/princesses/domains/quality/QualityPrincessDomain.ts(111,25): error TS2565: Property 'eventHandlers' is used before being assigned.
src/fsm/princesses/operations/ResearchWorkflowOperations.ts(41,29): error TS7006: Parameter 'f' implicitly has an 'any' type.
src/fsm/princesses/quality-components/QualityPrincessStateMachine.ts(5,15): error TS2307: Cannot find module './QualityPrincessStateMachineFacade' or its corresponding type declarations.
src/fsm/princesses/QualityPrincessFSM.ts(42,13): error TS2722: Cannot invoke an object which is possibly 'undefined'.
src/fsm/princesses/QualityPrincessFSM.ts(46,22): error TS2339: Property 'executeQualityWorkflow' does not exist on type 'QualityPrincessCore'.
src/fsm/princesses/QualityPrincessFSM.ts(54,11): error TS2722: Cannot invoke an object which is possibly 'undefined'.
src/fsm/princesses/QualityPrincessFSM.ts(64,5): error TS2322: Type 'string' is not assignable to type 'QualityState | PrincessState'.
src/fsm/princesses/QualityPrincessFSM.ts(68,22): error TS2339: Property 'isHealthy' does not exist on type 'QualityPrincessCore'.
src/fsm/princesses/QualityPrincessFSM.ts(72,22): error TS2339: Property 'getProgress' does not exist on type 'QualityPrincessCore'.
src/fsm/princesses/ResearchPrincessFSM.ts(77,26): error TS2339: Property 'REQUIREMENTS_ANALYZED' does not exist on type 'typeof ResearchEvent'.
src/fsm/princesses/ResearchPrincessFSM.ts(96,35): error TS2339: Property 'DATA_ANALYSIS' does not exist on type 'typeof ResearchState'.
src/fsm/princesses/ResearchPrincessFSM.ts(101,22): error TS2339: Property 'DATA_ANALYSIS' does not exist on type 'typeof ResearchState'.
src/fsm/princesses/ResearchPrincessFSM.ts(122,26): error TS2339: Property 'VALIDATION_COMPLETE' does not exist on type 'typeof ResearchEvent'.
src/fsm/princesses/ResearchPrincessFSM.ts(140,26): error TS2339: Property 'REPORT_COMPLETE' does not exist on type 'typeof ResearchEvent'.
src/fsm/princesses/SecurityPrincessFSM.ts(77,26): error TS2339: Property 'THREATS_ASSESSED' does not exist on type 'typeof SecurityEvent'.
src/fsm/princesses/SecurityPrincessFSM.ts(78,35): error TS2551: Property 'VULNERABILITY_SCANNING' does not exist on type 'typeof SecurityState'. Did you mean 'VULNERABILITY_SCAN'?
src/fsm/princesses/SecurityPrincessFSM.ts(83,22): error TS2551: Property 'VULNERABILITY_SCANNING' does not exist on type 'typeof SecurityState'. Did you mean 'VULNERABILITY_SCAN'?
src/fsm/princesses/SecurityPrincessFSM.ts(95,26): error TS2551: Property 'COMPLIANCE_VALIDATED' does not exist on type 'typeof SecurityEvent'. Did you mean 'COMPLIANCE_FAILED'?
src/fsm/princesses/SecurityPrincessFSM.ts(96,35): error TS2339: Property 'AUTHENTICATION_SETUP' does not exist on type 'typeof SecurityState'.
src/fsm/princesses/SecurityPrincessFSM.ts(101,22): error TS2339: Property 'AUTHENTICATION_SETUP' does not exist on type 'typeof SecurityState'.
src/fsm/princesses/SecurityPrincessFSM.ts(104,26): error TS2339: Property 'AUTHENTICATION_CONFIGURED' does not exist on type 'typeof SecurityEvent'.
src/fsm/princesses/SecurityPrincessFSM.ts(105,35): error TS2339: Property 'AUDIT_IMPLEMENTATION' does not exist on type 'typeof SecurityState'.
src/fsm/princesses/SecurityPrincessFSM.ts(110,22): error TS2339: Property 'AUDIT_IMPLEMENTATION' does not exist on type 'typeof SecurityState'.
src/fsm/princesses/services/CodeImplementor.ts(23,9): error TS2353: Object literal may only specify known properties, and 'codeQuality' does not exist in type '{ linesOfCode: number; filesModified: string[]; testsWritten: number; }'.
src/fsm/princesses/services/CodeImplementor.ts(36,9): error TS2353: Object literal may only specify known properties, and 'error' does not exist in type '{ linesOfCode: number; filesModified: string[]; testsWritten: number; }'.
src/fsm/princesses/services/CodeImplementor.ts(48,35): error TS7016: Could not find a declaration file for module 'glob'. 'C:/Users/17175/Desktop/spek template/node_modules/glob/glob.js' implicitly has an 'any' type.
  Try `npm i --save-dev @types/glob` if it exists or add a new declaration (.d.ts) file containing `declare module 'glob';`
src/fsm/princesses/services/CodeReviewer.ts(19,9): error TS2322: Type 'string' is not assignable to type '"pending" | "rejected" | "approved"'.
src/fsm/princesses/services/RefactoringService.ts(33,46): error TS2339: Property 'analyzeProject' does not exist on type 'RefactoredUnifiedAnalyzer'.
src/fsm/princesses/services/RequirementsAnalyzer.ts(24,9): error TS2353: Object literal may only specify known properties, and 'projectSize' does not exist in type '{ analyzed: boolean; complexity: "low" | "medium" | "high"; dependencies: string[]; }'.
src/fsm/princesses/services/RequirementsAnalyzer.ts(33,9): error TS2322: Type '"unknown"' is not assignable to type '"low" | "medium" | "high"'.
src/fsm/princesses/services/RequirementsAnalyzer.ts(48,35): error TS7016: Could not find a declaration file for module 'glob'. 'C:/Users/17175/Desktop/spek template/node_modules/glob/glob.js' implicitly has an 'any' type.
  Try `npm i --save-dev @types/glob` if it exists or add a new declaration (.d.ts) file containing `declare module 'glob';`
src/fsm/princesses/services/SecurityAuditService.ts(26,9): error TS2353: Object literal may only specify known properties, and 'auditLevel' does not exist in type '{ logsImplemented: boolean; trailComplete: boolean; retention: number; compliant: boolean; }'.
src/fsm/princesses/services/SecurityAuditService.ts(161,37): error TS7016: Could not find a declaration file for module 'glob'. 'C:/Users/17175/Desktop/spek template/node_modules/glob/glob.js' implicitly has an 'any' type.
  Try `npm i --save-dev @types/glob` if it exists or add a new declaration (.d.ts) file containing `declare module 'glob';`
src/fsm/princesses/services/SecurityAuditService.ts(274,37): error TS7016: Could not find a declaration file for module 'glob'. 'C:/Users/17175/Desktop/spek template/node_modules/glob/glob.js' implicitly has an 'any' type.
  Try `npm i --save-dev @types/glob` if it exists or add a new declaration (.d.ts) file containing `declare module 'glob';`
src/fsm/princesses/services/SecurityAuditService.ts(323,37): error TS7016: Could not find a declaration file for module 'glob'. 'C:/Users/17175/Desktop/spek template/node_modules/glob/glob.js' implicitly has an 'any' type.
  Try `npm i --save-dev @types/glob` if it exists or add a new declaration (.d.ts) file containing `declare module 'glob';`
src/fsm/princesses/services/SecurityAuditService.ts(343,37): error TS7006: Parameter 'file' implicitly has an 'any' type.
src/fsm/princesses/services/SecurityAuthenticationService.ts(26,9): error TS2353: Object literal may only specify known properties, and 'filesAnalyzed' does not exist in type '{ implemented: boolean; method: string; encryption: string; validated: boolean; }'.
src/fsm/princesses/services/SecurityAuthenticationService.ts(45,9): error TS2353: Object literal may only specify known properties, and 'error' does not exist in type '{ implemented: boolean; method: string; encryption: string; validated: boolean; }'.
src/fsm/princesses/services/SecurityAuthenticationService.ts(58,37): error TS7016: Could not find a declaration file for module 'glob'. 'C:/Users/17175/Desktop/spek template/node_modules/glob/glob.js' implicitly has an 'any' type.
  Try `npm i --save-dev @types/glob` if it exists or add a new declaration (.d.ts) file containing `declare module 'glob';`
src/fsm/princesses/services/SecurityAuthenticationService.ts(82,37): error TS7006: Parameter 'file' implicitly has an 'any' type.
src/fsm/princesses/services/SecurityAuthenticationService.ts(292,63): error TS7006: Parameter 'method' implicitly has an 'any' type.
src/fsm/princesses/services/SecurityAuthenticationService.ts(295,61): error TS7006: Parameter 'method' implicitly has an 'any' type.
src/fsm/princesses/services/SecurityAuthenticationService.ts(308,69): error TS7006: Parameter 'method' implicitly has an 'any' type.
src/fsm/princesses/services/SecurityAuthenticationService.ts(380,69): error TS7006: Parameter 'method' implicitly has an 'any' type.
src/fsm/princesses/services/SecurityComplianceService.ts(27,9): error TS2353: Object literal may only specify known properties, and 'nasaCompliance' does not exist in type '{ frameworks: string[]; scoreSOC2: number; scoreISO27001: number; scoreNIST: number; overallScore: number; }'.
src/fsm/princesses/services/SecurityComplianceService.ts(309,43): error TS2339: Property 'nasaCompliance' does not exist on type '{ frameworks: string[]; scoreSOC2: number; scoreISO27001: number; scoreNIST: number; overallScore: number; }'.
src/fsm/princesses/services/SecurityComplianceService.ts(319,9): error TS18048: 'context.vulnerabilities.critical' is possibly 'undefined'.
src/fsm/princesses/services/SecurityMachineBuilder.ts(22,16): error TS2693: 'SecurityState' only refers to a type, but is being used as a value here.
src/fsm/princesses/services/SecurityMachineBuilder.ts(28,7): error TS2353: Object literal may only specify known properties, and 'services' does not exist in type 'InternalMachineImplementations<ResolvedStateMachineTypes<SecurityContext, AnyEventObject, ProvidedActor, ParameterizedObject, ParameterizedObject, string, string, EventObject>>'.
src/fsm/princesses/services/SecurityMachineBuilder.ts(39,8): error TS2693: 'SecurityState' only refers to a type, but is being used as a value here.
src/fsm/princesses/services/SecurityMachineBuilder.ts(40,8): error TS2693: 'SecurityState' only refers to a type, but is being used as a value here.
src/fsm/princesses/services/SecurityMachineBuilder.ts(41,8): error TS2693: 'SecurityState' only refers to a type, but is being used as a value here.
src/fsm/princesses/services/SecurityMachineBuilder.ts(42,8): error TS2693: 'SecurityState' only refers to a type, but is being used as a value here.
src/fsm/princesses/services/SecurityMachineBuilder.ts(43,8): error TS2693: 'SecurityState' only refers to a type, but is being used as a value here.
src/fsm/princesses/services/SecurityMachineBuilder.ts(44,8): error TS2693: 'SecurityState' only refers to a type, but is being used as a value here.
src/fsm/princesses/services/SecurityMachineBuilder.ts(45,8): error TS2693: 'SecurityState' only refers to a type, but is being used as a value here.
src/fsm/princesses/services/SecurityMachineBuilder.ts(46,8): error TS2693: 'SecurityState' only refers to a type, but is being used as a value here.
src/fsm/princesses/services/SecurityMachineBuilder.ts(47,8): error TS2693: 'PrincessState' only refers to a type, but is being used as a value here.
src/fsm/princesses/services/SecurityMachineBuilder.ts(48,8): error TS2693: 'PrincessState' only refers to a type, but is being used as a value here.
src/fsm/princesses/services/SecurityMachineBuilder.ts(56,10): error TS2693: 'SecurityEvent' only refers to a type, but is being used as a value here.
src/fsm/princesses/services/SecurityMachineBuilder.ts(57,19): error TS2693: 'SecurityState' only refers to a type, but is being used as a value here.
src/fsm/princesses/services/SecurityMachineBuilder.ts(61,10): error TS2693: 'PrincessEvent' only refers to a type, but is being used as a value here.
src/fsm/princesses/services/SecurityMachineBuilder.ts(62,19): error TS2693: 'PrincessState' only refers to a type, but is being used as a value here.
src/fsm/princesses/services/SecurityMachineBuilder.ts(69,19): error TS2693: 'SecurityState' only refers to a type, but is being used as a value here.
src/fsm/princesses/services/SecurityMachineBuilder.ts(73,19): error TS2693: 'PrincessState' only refers to a type, but is being used as a value here.
src/fsm/princesses/services/SecurityMachineBuilder.ts(84,10): error TS2693: 'SecurityEvent' only refers to a type, but is being used as a value here.
src/fsm/princesses/services/SecurityMachineBuilder.ts(85,19): error TS2693: 'SecurityState' only refers to a type, but is being used as a value here.
src/fsm/princesses/services/SecurityMachineBuilder.ts(89,10): error TS2693: 'SecurityEvent' only refers to a type, but is being used as a value here.
src/fsm/princesses/services/SecurityMachineBuilder.ts(90,19): error TS2693: 'SecurityState' only refers to a type, but is being used as a value here.
src/fsm/princesses/services/SecurityMachineBuilder.ts(93,10): error TS2693: 'PrincessEvent' only refers to a type, but is being used as a value here.
src/fsm/princesses/services/SecurityMachineBuilder.ts(94,19): error TS2693: 'PrincessState' only refers to a type, but is being used as a value here.
src/fsm/princesses/services/SecurityMachineBuilder.ts(101,19): error TS2693: 'SecurityState' only refers to a type, but is being used as a value here.
src/fsm/princesses/services/SecurityMachineBuilder.ts(105,19): error TS2693: 'PrincessState' only refers to a type, but is being used as a value here.
src/fsm/princesses/services/SecurityMachineBuilder.ts(116,10): error TS2693: 'SecurityEvent' only refers to a type, but is being used as a value here.
src/fsm/princesses/services/SecurityMachineBuilder.ts(117,19): error TS2693: 'SecurityState' only refers to a type, but is being used as a value here.
src/fsm/princesses/services/SecurityMachineBuilder.ts(121,10): error TS2693: 'SecurityEvent' only refers to a type, but is being used as a value here.
src/fsm/princesses/services/SecurityMachineBuilder.ts(122,19): error TS2693: 'SecurityState' only refers to a type, but is being used as a value here.
src/fsm/princesses/services/SecurityMachineBuilder.ts(125,10): error TS2693: 'PrincessEvent' only refers to a type, but is being used as a value here.
src/fsm/princesses/services/SecurityMachineBuilder.ts(126,19): error TS2693: 'PrincessState' only refers to a type, but is being used as a value here.
src/fsm/princesses/services/SecurityMachineBuilder.ts(133,19): error TS2693: 'SecurityState' only refers to a type, but is being used as a value here.
src/fsm/princesses/services/SecurityMachineBuilder.ts(137,19): error TS2693: 'SecurityState' only refers to a type, but is being used as a value here.
src/fsm/princesses/services/SecurityMachineBuilder.ts(148,10): error TS2693: 'SecurityEvent' only refers to a type, but is being used as a value here.
src/fsm/princesses/services/SecurityMachineBuilder.ts(149,19): error TS2693: 'SecurityState' only refers to a type, but is being used as a value here.
src/fsm/princesses/services/SecurityMachineBuilder.ts(153,10): error TS2693: 'SecurityEvent' only refers to a type, but is being used as a value here.
src/fsm/princesses/services/SecurityMachineBuilder.ts(154,19): error TS2693: 'SecurityState' only refers to a type, but is being used as a value here.
src/fsm/princesses/services/SecurityMachineBuilder.ts(157,10): error TS2693: 'PrincessEvent' only refers to a type, but is being used as a value here.
src/fsm/princesses/services/SecurityMachineBuilder.ts(158,19): error TS2693: 'PrincessState' only refers to a type, but is being used as a value here.
src/fsm/princesses/services/SecurityMachineBuilder.ts(165,19): error TS2693: 'SecurityState' only refers to a type, but is being used as a value here.
src/fsm/princesses/services/SecurityMachineBuilder.ts(169,19): error TS2693: 'SecurityState' only refers to a type, but is being used as a value here.
src/fsm/princesses/services/SecurityMachineBuilder.ts(180,10): error TS2693: 'SecurityEvent' only refers to a type, but is being used as a value here.
src/fsm/princesses/services/SecurityMachineBuilder.ts(181,19): error TS2693: 'SecurityState' only refers to a type, but is being used as a value here.
src/fsm/princesses/services/SecurityMachineBuilder.ts(185,10): error TS2693: 'PrincessEvent' only refers to a type, but is being used as a value here.
src/fsm/princesses/services/SecurityMachineBuilder.ts(186,19): error TS2693: 'PrincessState' only refers to a type, but is being used as a value here.
src/fsm/princesses/services/SecurityMachineBuilder.ts(193,19): error TS2693: 'SecurityState' only refers to a type, but is being used as a value here.
src/fsm/princesses/services/SecurityMachineBuilder.ts(197,19): error TS2693: 'PrincessState' only refers to a type, but is being used as a value here.
src/fsm/princesses/services/SecurityMachineBuilder.ts(208,10): error TS2693: 'SecurityEvent' only refers to a type, but is being used as a value here.
src/fsm/princesses/services/SecurityMachineBuilder.ts(209,19): error TS2693: 'SecurityState' only refers to a type, but is being used as a value here.
src/fsm/princesses/services/SecurityMachineBuilder.ts(212,10): error TS2693: 'PrincessEvent' only refers to a type, but is being used as a value here.
src/fsm/princesses/services/SecurityMachineBuilder.ts(213,19): error TS2693: 'PrincessState' only refers to a type, but is being used as a value here.
src/fsm/princesses/services/SecurityMachineBuilder.ts(220,19): error TS2693: 'SecurityState' only refers to a type, but is being used as a value here.
src/fsm/princesses/services/SecurityMachineBuilder.ts(224,19): error TS2693: 'PrincessState' only refers to a type, but is being used as a value here.
src/fsm/princesses/services/SecurityMachineBuilder.ts(235,10): error TS2693: 'SecurityEvent' only refers to a type, but is being used as a value here.
src/fsm/princesses/services/SecurityMachineBuilder.ts(236,19): error TS2693: 'PrincessState' only refers to a type, but is being used as a value here.
src/fsm/princesses/services/SecurityMachineBuilder.ts(239,10): error TS2693: 'SecurityEvent' only refers to a type, but is being used as a value here.
src/fsm/princesses/services/SecurityMachineBuilder.ts(240,19): error TS2693: 'SecurityState' only refers to a type, but is being used as a value here.
src/fsm/princesses/services/SecurityMachineBuilder.ts(243,10): error TS2693: 'PrincessEvent' only refers to a type, but is being used as a value here.
src/fsm/princesses/services/SecurityMachineBuilder.ts(244,19): error TS2693: 'PrincessState' only refers to a type, but is being used as a value here.
src/fsm/princesses/services/SecurityMachineBuilder.ts(251,19): error TS2693: 'PrincessState' only refers to a type, but is being used as a value here.
src/fsm/princesses/services/SecurityMachineBuilder.ts(255,19): error TS2693: 'SecurityState' only refers to a type, but is being used as a value here.
src/fsm/princesses/services/SecurityMachineBuilder.ts(266,10): error TS2693: 'SecurityEvent' only refers to a type, but is being used as a value here.
src/fsm/princesses/services/SecurityMachineBuilder.ts(267,19): error TS2693: 'SecurityState' only refers to a type, but is being used as a value here.
src/fsm/princesses/services/SecurityMachineBuilder.ts(270,10): error TS2693: 'SecurityEvent' only refers to a type, but is being used as a value here.
src/fsm/princesses/services/SecurityMachineBuilder.ts(271,19): error TS2693: 'PrincessState' only refers to a type, but is being used as a value here.
src/fsm/princesses/services/SecurityMachineBuilder.ts(274,10): error TS2693: 'PrincessEvent' only refers to a type, but is being used as a value here.
src/fsm/princesses/services/SecurityMachineBuilder.ts(275,19): error TS2693: 'PrincessState' only refers to a type, but is being used as a value here.
src/fsm/princesses/services/SecurityMachineBuilder.ts(282,19): error TS2693: 'SecurityState' only refers to a type, but is being used as a value here.
src/fsm/princesses/services/SecurityMachineBuilder.ts(286,19): error TS2693: 'PrincessState' only refers to a type, but is being used as a value here.
src/fsm/princesses/services/SecurityMachineBuilder.ts(304,10): error TS2693: 'PrincessEvent' only refers to a type, but is being used as a value here.
src/fsm/princesses/services/SecurityMachineBuilder.ts(305,19): error TS2693: 'SecurityState' only refers to a type, but is being used as a value here.
src/fsm/princesses/services/SecurityMachineBuilder.ts(319,18): error TS7006: Parameter 'context' implicitly has an 'any' type.
src/fsm/princesses/services/SecurityMachineBuilder.ts(319,27): error TS7006: Parameter 'event' implicitly has an 'any' type.
src/fsm/princesses/services/SecurityMachineBuilder.ts(322,23): error TS7006: Parameter 'context' implicitly has an 'any' type.
src/fsm/princesses/services/SecurityMachineBuilder.ts(322,32): error TS7006: Parameter 'event' implicitly has an 'any' type.
src/fsm/princesses/services/SecurityMachineBuilder.ts(325,20): error TS7006: Parameter 'context' implicitly has an 'any' type.
src/fsm/princesses/services/SecurityMachineBuilder.ts(325,29): error TS7006: Parameter 'event' implicitly has an 'any' type.
src/fsm/princesses/services/SecurityMachineBuilder.ts(328,23): error TS7006: Parameter 'context' implicitly has an 'any' type.
src/fsm/princesses/services/SecurityMachineBuilder.ts(328,32): error TS7006: Parameter 'event' implicitly has an 'any' type.
src/fsm/princesses/services/SecurityMachineBuilder.ts(329,85): error TS2693: 'SecurityState' only refers to a type, but is being used as a value here.
src/fsm/princesses/services/SecurityMachineBuilder.ts(331,31): error TS7006: Parameter 'context' implicitly has an 'any' type.
src/fsm/princesses/services/SecurityMachineBuilder.ts(331,40): error TS7006: Parameter 'event' implicitly has an 'any' type.
src/fsm/princesses/services/SecurityMachineBuilder.ts(332,85): error TS2693: 'SecurityState' only refers to a type, but is being used as a value here.
src/fsm/princesses/services/SecurityMachineBuilder.ts(334,26): error TS7006: Parameter 'context' implicitly has an 'any' type.
src/fsm/princesses/services/SecurityMachineBuilder.ts(334,35): error TS7006: Parameter 'event' implicitly has an 'any' type.
src/fsm/princesses/services/SecurityMachineBuilder.ts(335,85): error TS2693: 'SecurityState' only refers to a type, but is being used as a value here.
src/fsm/princesses/services/SecurityMachineBuilder.ts(337,20): error TS7006: Parameter 'context' implicitly has an 'any' type.
src/fsm/princesses/services/SecurityMachineBuilder.ts(337,29): error TS7006: Parameter 'event' implicitly has an 'any' type.
src/fsm/princesses/services/SecurityMachineBuilder.ts(338,85): error TS2693: 'SecurityState' only refers to a type, but is being used as a value here.
src/fsm/princesses/services/SecurityMachineBuilder.ts(340,21): error TS7006: Parameter 'context' implicitly has an 'any' type.
src/fsm/princesses/services/SecurityMachineBuilder.ts(340,30): error TS7006: Parameter 'event' implicitly has an 'any' type.
src/fsm/princesses/services/SecurityMachineBuilder.ts(341,85): error TS2693: 'SecurityState' only refers to a type, but is being used as a value here.
src/fsm/princesses/services/SecurityMachineBuilder.ts(343,26): error TS7006: Parameter 'context' implicitly has an 'any' type.
src/fsm/princesses/services/SecurityMachineBuilder.ts(343,35): error TS7006: Parameter 'event' implicitly has an 'any' type.
src/fsm/princesses/services/SecurityMachineBuilder.ts(344,85): error TS2693: 'SecurityState' only refers to a type, but is being used as a value here.
src/fsm/princesses/services/SecurityMachineBuilder.ts(346,26): error TS7006: Parameter 'context' implicitly has an 'any' type.
src/fsm/princesses/services/SecurityMachineBuilder.ts(346,35): error TS7006: Parameter 'event' implicitly has an 'any' type.
src/fsm/princesses/services/SecurityMachineBuilder.ts(347,85): error TS2693: 'PrincessState' only refers to a type, but is being used as a value here.
src/fsm/princesses/services/SecurityMachineBuilder.ts(349,27): error TS7006: Parameter 'context' implicitly has an 'any' type.
src/fsm/princesses/services/SecurityMachineBuilder.ts(349,36): error TS7006: Parameter 'event' implicitly has an 'any' type.
src/fsm/princesses/services/SecurityMachineBuilder.ts(350,85): error TS2693: 'SecurityState' only refers to a type, but is being used as a value here.
src/fsm/princesses/services/SecurityMachineBuilder.ts(352,23): error TS7006: Parameter 'context' implicitly has an 'any' type.
src/fsm/princesses/services/SecurityMachineBuilder.ts(352,32): error TS7006: Parameter 'event' implicitly has an 'any' type.
src/fsm/princesses/services/SecurityMachineBuilder.ts(353,85): error TS2693: 'PrincessState' only refers to a type, but is being used as a value here.
src/fsm/princesses/services/SecurityMachineBuilder.ts(365,25): error TS7006: Parameter 'context' implicitly has an 'any' type.
src/fsm/princesses/services/SecurityMachineBuilder.ts(368,22): error TS7006: Parameter 'context' implicitly has an 'any' type.
src/fsm/princesses/services/SecurityMachineBuilder.ts(371,30): error TS7006: Parameter 'context' implicitly has an 'any' type.
src/fsm/princesses/services/SecurityMachineBuilder.ts(374,30): error TS7006: Parameter 'context' implicitly has an 'any' type.
src/fsm/princesses/services/SecurityMachineBuilder.ts(377,23): error TS7006: Parameter 'context' implicitly has an 'any' type.
src/fsm/princesses/services/SecurityMachineBuilder.ts(390,29): error TS7006: Parameter 'context' implicitly has an 'any' type.
src/fsm/princesses/services/SecurityMachineBuilder.ts(393,35): error TS7006: Parameter 'context' implicitly has an 'any' type.
src/fsm/princesses/services/SecurityMachineBuilder.ts(396,31): error TS7006: Parameter 'context' implicitly has an 'any' type.
src/fsm/princesses/services/SecurityMachineBuilder.ts(399,38): error TS7006: Parameter 'context' implicitly has an 'any' type.
src/fsm/princesses/services/SecurityMachineBuilder.ts(402,31): error TS7006: Parameter 'context' implicitly has an 'any' type.
src/fsm/princesses/services/SecurityMachineBuilder.ts(405,39): error TS7006: Parameter 'context' implicitly has an 'any' type.
src/fsm/princesses/services/SecurityMachineBuilder.ts(408,39): error TS7006: Parameter 'context' implicitly has an 'any' type.
src/fsm/princesses/services/SecurityMachineBuilder.ts(411,33): error TS7006: Parameter 'context' implicitly has an 'any' type.
src/fsm/princesses/services/SecurityMonitoringService.ts(5,15): error TS2307: Cannot find module './SecurityMonitoringServiceFacade' or its corresponding type declarations.
src/fsm/princesses/services/SecurityRemediationService.ts(5,15): error TS2307: Cannot find module './SecurityRemediationServiceFacade' or its corresponding type declarations.
src/fsm/princesses/services/SecurityThreatAssessmentService.ts(169,60): error TS7006: Parameter 't' implicitly has an 'any' type.
src/fsm/princesses/services/SecurityValidationService.ts(5,15): error TS2307: Cannot find module './SecurityValidationServiceFacade' or its corresponding type declarations.
src/fsm/princesses/services/SecurityVulnerabilityService.ts(69,11): error TS7034: Variable 'findings' implicitly has type 'any[]' in some locations where its type cannot be determined.
src/fsm/princesses/services/SecurityVulnerabilityService.ts(102,12): error TS7005: Variable 'findings' implicitly has an 'any[]' type.
src/fsm/princesses/services/SecurityVulnerabilityService.ts(115,37): error TS7016: Could not find a declaration file for module 'glob'. 'C:/Users/17175/Desktop/spek template/node_modules/glob/glob.js' implicitly has an 'any' type.
  Try `npm i --save-dev @types/glob` if it exists or add a new declaration (.d.ts) file containing `declare module 'glob';`
src/fsm/princesses/services/SecurityVulnerabilityService.ts(143,11): error TS7034: Variable 'issues' implicitly has type 'any[]' in some locations where its type cannot be determined.
src/fsm/princesses/services/SecurityVulnerabilityService.ts(207,12): error TS7005: Variable 'issues' implicitly has an 'any[]' type.
src/fsm/princesses/services/SecurityVulnerabilityService.ts(214,11): error TS7034: Variable 'findings' implicitly has type 'any[]' in some locations where its type cannot be determined.
src/fsm/princesses/services/SecurityVulnerabilityService.ts(251,12): error TS7005: Variable 'findings' implicitly has an 'any[]' type.
src/fsm/princesses/services/SecurityVulnerabilityService.ts(278,11): error TS7034: Variable 'findings' implicitly has type 'any[]' in some locations where its type cannot be determined.
src/fsm/princesses/services/SecurityVulnerabilityService.ts(281,12): error TS7005: Variable 'findings' implicitly has an 'any[]' type.
src/fsm/princesses/services/SecurityVulnerabilityService.ts(323,9): error TS7053: Element implicitly has an 'any' type because expression of type 'any' can't be used to index type '{ critical: number; high: number; medium: number; low: number; }'.
src/fsm/princesses/services/SolutionDesigner.ts(24,9): error TS2353: Object literal may only specify known properties, and 'currentArchitecture' does not exist in type '{ approved: boolean; architecture: string; patterns: string[]; }'.
src/fsm/princesses/services/SolutionDesigner.ts(35,9): error TS2353: Object literal may only specify known properties, and 'error' does not exist in type '{ approved: boolean; architecture: string; patterns: string[]; }'.
src/fsm/princesses/services/SolutionDesigner.ts(48,35): error TS7016: Could not find a declaration file for module 'glob'. 'C:/Users/17175/Desktop/spek template/node_modules/glob/glob.js' implicitly has an 'any' type.
  Try `npm i --save-dev @types/glob` if it exists or add a new declaration (.d.ts) file containing `declare module 'glob';`
src/fsm/princesses/services/SolutionDesigner.ts(64,27): error TS7006: Parameter 'file' implicitly has an 'any' type.
src/fsm/princesses/services/SolutionDesigner.ts(132,35): error TS7016: Could not find a declaration file for module 'glob'. 'C:/Users/17175/Desktop/spek template/node_modules/glob/glob.js' implicitly has an 'any' type.
  Try `npm i --save-dev @types/glob` if it exists or add a new declaration (.d.ts) file containing `declare module 'glob';`
src/fsm/princesses/services/TestExecutor.ts(46,31): error TS2339: Property 'runAllTests' does not exist on type 'TestRunner'.
src/fsm/princesses/states/DeploymentStateHandlers.ts(19,35): error TS2551: Property 'ENVIRONMENT_PREPARATION' does not exist on type 'typeof DeploymentState'. Did you mean 'ENVIRONMENT_PREP'?
src/fsm/princesses/states/DeploymentStateHandlers.ts(23,26): error TS2339: Property 'CONFIGURATION_FAILED' does not exist on type 'typeof DeploymentEvent'.
src/fsm/princesses/states/DeploymentStateHandlers.ts(31,35): error TS2551: Property 'ENVIRONMENT_PREPARATION' does not exist on type 'typeof DeploymentState'. Did you mean 'ENVIRONMENT_PREP'?
src/fsm/princesses/states/DeploymentStateHandlers.ts(82,35): error TS2551: Property 'ARTIFACT_BUILDING' does not exist on type 'typeof DeploymentState'. Did you mean 'ARTIFACT_BUILD'?
src/fsm/princesses/states/DeploymentStateHandlers.ts(87,35): error TS2339: Property 'PIPELINE_CONFIGURATION' does not exist on type 'typeof DeploymentState'.
src/fsm/princesses/states/DeploymentStateHandlers.ts(94,35): error TS2551: Property 'ARTIFACT_BUILDING' does not exist on type 'typeof DeploymentState'. Did you mean 'ARTIFACT_BUILD'?
src/fsm/princesses/states/DeploymentStateHandlers.ts(98,35): error TS2339: Property 'PIPELINE_CONFIGURATION' does not exist on type 'typeof DeploymentState'.
src/fsm/princesses/states/DeploymentStateHandlers.ts(143,26): error TS2339: Property 'ARTIFACTS_BUILT' does not exist on type 'typeof DeploymentEvent'.
src/fsm/princesses/states/DeploymentStateHandlers.ts(144,35): error TS2339: Property 'TESTING' does not exist on type 'typeof DeploymentState'.
src/fsm/princesses/states/DeploymentStateHandlers.ts(149,35): error TS2551: Property 'ENVIRONMENT_PREPARATION' does not exist on type 'typeof DeploymentState'. Did you mean 'ENVIRONMENT_PREP'?
src/fsm/princesses/states/DeploymentStateHandlers.ts(156,35): error TS2339: Property 'TESTING' does not exist on type 'typeof DeploymentState'.
src/fsm/princesses/states/DeploymentStateHandlers.ts(160,35): error TS2551: Property 'ENVIRONMENT_PREPARATION' does not exist on type 'typeof DeploymentState'. Did you mean 'ENVIRONMENT_PREP'?
src/fsm/princesses/states/DeploymentStateHandlers.ts(202,26): error TS2339: Property 'TESTS_PASSED' does not exist on type 'typeof DeploymentEvent'.
src/fsm/princesses/states/DeploymentStateHandlers.ts(203,35): error TS2339: Property 'SECURITY_SCANNING' does not exist on type 'typeof DeploymentState'.
src/fsm/princesses/states/DeploymentStateHandlers.ts(207,26): error TS2339: Property 'TESTS_FAILED' does not exist on type 'typeof DeploymentEvent'.
src/fsm/princesses/states/DeploymentStateHandlers.ts(208,35): error TS2551: Property 'ARTIFACT_BUILDING' does not exist on type 'typeof DeploymentState'. Did you mean 'ARTIFACT_BUILD'?
src/fsm/princesses/states/DeploymentStateHandlers.ts(215,35): error TS2339: Property 'SECURITY_SCANNING' does not exist on type 'typeof DeploymentState'.
src/fsm/princesses/states/DeploymentStateHandlers.ts(219,35): error TS2551: Property 'ARTIFACT_BUILDING' does not exist on type 'typeof DeploymentState'. Did you mean 'ARTIFACT_BUILD'?
src/fsm/princesses/states/DeploymentStateHandlers.ts(253,26): error TS2339: Property 'SECURITY_SCAN_PASSED' does not exist on type 'typeof DeploymentEvent'.
src/fsm/princesses/states/DeploymentStateHandlers.ts(258,26): error TS2339: Property 'SECURITY_SCAN_FAILED' does not exist on type 'typeof DeploymentEvent'.
src/fsm/princesses/states/DeploymentStateHandlers.ts(259,35): error TS2551: Property 'ARTIFACT_BUILDING' does not exist on type 'typeof DeploymentState'. Did you mean 'ARTIFACT_BUILD'?
src/fsm/princesses/states/DeploymentStateHandlers.ts(270,35): error TS2551: Property 'ARTIFACT_BUILDING' does not exist on type 'typeof DeploymentState'. Did you mean 'ARTIFACT_BUILD'?
src/fsm/services/validation/ComplianceValidator.ts(78,71): error TS7006: Parameter 'f' implicitly has an 'any' type.
src/fsm/services/validation/PenetrationTester.ts(13,37): error TS7016: Could not find a declaration file for module 'glob'. 'C:/Users/17175/Desktop/spek template/node_modules/glob/glob.js' implicitly has an 'any' type.
  Try `npm i --save-dev @types/glob` if it exists or add a new declaration (.d.ts) file containing `declare module 'glob';`
src/fsm/services/validation/PenetrationTester.ts(54,37): error TS7016: Could not find a declaration file for module 'glob'. 'C:/Users/17175/Desktop/spek template/node_modules/glob/glob.js' implicitly has an 'any' type.
  Try `npm i --save-dev @types/glob` if it exists or add a new declaration (.d.ts) file containing `declare module 'glob';`
src/fsm/services/validation/PenetrationTester.ts(112,37): error TS7016: Could not find a declaration file for module 'glob'. 'C:/Users/17175/Desktop/spek template/node_modules/glob/glob.js' implicitly has an 'any' type.
  Try `npm i --save-dev @types/glob` if it exists or add a new declaration (.d.ts) file containing `declare module 'glob';`
src/fsm/services/validation/PenetrationTester.ts(139,37): error TS7016: Could not find a declaration file for module 'glob'. 'C:/Users/17175/Desktop/spek template/node_modules/glob/glob.js' implicitly has an 'any' type.
  Try `npm i --save-dev @types/glob` if it exists or add a new declaration (.d.ts) file containing `declare module 'glob';`
src/fsm/shared/MidRangeFSM.ts(218,12): error TS1243: 'async' modifier cannot be used with 'abstract' modifier.
src/fsm/shared/MidRangeFSM.ts(223,12): error TS1243: 'async' modifier cannot be used with 'abstract' modifier.
src/fsm/shared/MidRangeFSM.ts(228,12): error TS1243: 'async' modifier cannot be used with 'abstract' modifier.
src/fsm/templates/UniversalRangeFSM.ts(38,13): error TS2564: Property 'transitions' has no initializer and is not definitely assigned in the constructor.
src/fsm/templates/UniversalRangeFSM.ts(51,36): error TS2769: No overload matches this call.
  Overload 1 of 4, '(iterable?: Iterable<readonly [string, Map<UniversalRangeEvents.START, string>]> | null | undefined): Map<string, Map<UniversalRangeEvents.START, string>>', gave the following error.
    Argument of type '([string, Map<UniversalRangeEvents.START, string>] | [string, Map<UniversalRangeEvents.ANALYZE | UniversalRangeEvents.DECOMPOSE | UniversalRangeEvents.ERROR, string>] | [...] | [...] | [...])[]' is not assignable to parameter of type 'Iterable<readonly [string, Map<UniversalRangeEvents.START, string>]>'.
      The types returned by '[Symbol.iterator]().next(...)' are incompatible between these types.
        Type 'IteratorResult<[string, Map<UniversalRangeEvents.START, string>] | [string, Map<UniversalRangeEvents.ANALYZE | UniversalRangeEvents.DECOMPOSE | UniversalRangeEvents.ERROR, string>] | [...] | [...] | [...], undefined>' is not assignable to type 'IteratorResult<readonly [string, Map<UniversalRangeEvents.START, string>], any>'.
          Type 'IteratorYieldResult<[string, Map<UniversalRangeEvents.START, string>] | [string, Map<UniversalRangeEvents.ANALYZE | UniversalRangeEvents.DECOMPOSE | UniversalRangeEvents.ERROR, string>] | [...] | [...] | [...]>' is not assignable to type 'IteratorResult<readonly [string, Map<UniversalRangeEvents.START, string>], any>'.
            Type 'IteratorYieldResult<[string, Map<UniversalRangeEvents.START, string>] | [string, Map<UniversalRangeEvents.ANALYZE | UniversalRangeEvents.DECOMPOSE | UniversalRangeEvents.ERROR, string>] | [...] | [...] | [...]>' is not assignable to type 'IteratorYieldResult<readonly [string, Map<UniversalRangeEvents.START, string>]>'.
              Type '[string, Map<UniversalRangeEvents.START, string>] | [string, Map<UniversalRangeEvents.ANALYZE | UniversalRangeEvents.DECOMPOSE | UniversalRangeEvents.ERROR, string>] | [...] | [...] | [...]' is not assignable to type 'readonly [string, Map<UniversalRangeEvents.START, string>]'.
                Type '[string, Map<UniversalRangeEvents.ANALYZE | UniversalRangeEvents.DECOMPOSE | UniversalRangeEvents.ERROR, string>]' is not assignable to type 'readonly [string, Map<UniversalRangeEvents.START, string>]'.
                  Type at position 1 in source is not compatible with type at position 1 in target.
                    Type 'Map<UniversalRangeEvents.ANALYZE | UniversalRangeEvents.DECOMPOSE | UniversalRangeEvents.ERROR, string>' is not assignable to type 'Map<UniversalRangeEvents.START, string>'.
                      Type 'UniversalRangeEvents.ANALYZE | UniversalRangeEvents.DECOMPOSE | UniversalRangeEvents.ERROR' is not assignable to type 'UniversalRangeEvents.START'.
                        Type 'UniversalRangeEvents.ANALYZE' is not assignable to type 'UniversalRangeEvents.START'.
src/FSMOrchestrator.ts(7,21): error TS2459: Module '"../types/base/primitives"' declares 'Milliseconds' locally, but it is not exported.
src/github/api/GitHubAPIOptimizer.ts(3,10): error TS2724: '"../types/api.types"' has no exported member named 'APIRequest'. Did you mean 'ApiRequest'?
src/github/api/GitHubAPIOptimizer.ts(3,22): error TS2724: '"../types/api.types"' has no exported member named 'APIResponse'. Did you mean 'ApiResponse'?
src/github/api/GitHubAPIOptimizer.ts(4,39): error TS2307: Cannot find module './BatchOperationManager' or its corresponding type declarations.
src/github/api/GitHubAPIOptimizer.ts(5,37): error TS2307: Cannot find module './CachingLayerManager' or its corresponding type declarations.
src/github/api/GitHubAPIOptimizer.ts(6,39): error TS2307: Cannot find module './WebhookEventProcessor' or its corresponding type declarations.
src/github/api/GitHubAPIOptimizer.ts(49,7): error TS2353: Object literal may only specify known properties, and 'endpoint' does not exist in type 'Partial<LogContext>'.
src/github/api/GitHubAPIOptimizer.ts(60,58): error TS2353: Object literal may only specify known properties, and 'endpoint' does not exist in type 'Partial<LogContext>'.
src/github/api/GitHubAPIOptimizer.ts(85,59): error TS2353: Object literal may only specify known properties, and 'error' does not exist in type 'Partial<LogContext>'.
src/github/api/GitHubAPIOptimizer.ts(94,54): error TS2353: Object literal may only specify known properties, and 'count' does not exist in type 'Partial<LogContext>'.
src/github/api/GitHubAPIOptimizer.ts(109,9): error TS2353: Object literal may only specify known properties, and 'total' does not exist in type 'Partial<LogContext>'.
src/github/api/GitHubAPIOptimizer.ts(115,54): error TS2353: Object literal may only specify known properties, and 'error' does not exist in type 'Partial<LogContext>'.
src/github/api/GitHubAPIOptimizer.ts(150,64): error TS2353: Object literal may only specify known properties, and 'error' does not exist in type 'Partial<LogContext>'.
src/github/api/GitHubAPIOptimizer.ts(170,28): error TS2339: Property 'search' does not exist on type '{ resources: { core: { limit: number; remaining: number; reset: number; used: number; }; graphql?: { limit: number; remaining: number; reset: number; used: number; } | undefined; search: { limit: number; remaining: number; reset: number; used: number; }; ... 8 more ...; code_scanning_autofix?: { ...; } | undefined; ...'.
src/github/api/GitHubAPIOptimizer.ts(171,32): error TS2339: Property 'search' does not exist on type '{ resources: { core: { limit: number; remaining: number; reset: number; used: number; }; graphql?: { limit: number; remaining: number; reset: number; used: number; } | undefined; search: { limit: number; remaining: number; reset: number; used: number; }; ... 8 more ...; code_scanning_autofix?: { ...; } | undefined; ...'.
src/github/api/GitHubAPIOptimizer.ts(172,28): error TS2339: Property 'search' does not exist on type '{ resources: { core: { limit: number; remaining: number; reset: number; used: number; }; graphql?: { limit: number; remaining: number; reset: number; used: number; } | undefined; search: { limit: number; remaining: number; reset: number; used: number; }; ... 8 more ...; code_scanning_autofix?: { ...; } | undefined; ...'.
src/github/api/GitHubAPIOptimizer.ts(175,28): error TS2339: Property 'graphql' does not exist on type '{ resources: { core: { limit: number; remaining: number; reset: number; used: number; }; graphql?: { limit: number; remaining: number; reset: number; used: number; } | undefined; search: { limit: number; remaining: number; reset: number; used: number; }; ... 8 more ...; code_scanning_autofix?: { ...; } | undefined; ...'.
src/github/api/GitHubAPIOptimizer.ts(176,32): error TS2339: Property 'graphql' does not exist on type '{ resources: { core: { limit: number; remaining: number; reset: number; used: number; }; graphql?: { limit: number; remaining: number; reset: number; used: number; } | undefined; search: { limit: number; remaining: number; reset: number; used: number; }; ... 8 more ...; code_scanning_autofix?: { ...; } | undefined; ...'.
src/github/api/GitHubAPIOptimizer.ts(177,28): error TS2339: Property 'graphql' does not exist on type '{ resources: { core: { limit: number; remaining: number; reset: number; used: number; }; graphql?: { limit: number; remaining: number; reset: number; used: number; } | undefined; search: { limit: number; remaining: number; reset: number; used: number; }; ... 8 more ...; code_scanning_autofix?: { ...; } | undefined; ...'.
src/github/api/GitHubAPIOptimizer.ts(186,59): error TS2353: Object literal may only specify known properties, and 'error' does not exist in type 'Partial<LogContext>'.
src/github/api/GitHubAPIOptimizer.ts(195,52): error TS2353: Object literal may only specify known properties, and 'type' does not exist in type 'Partial<LogContext>'.
src/github/api/GitHubAPIOptimizer.ts(218,62): error TS2353: Object literal may only specify known properties, and 'error' does not exist in type 'Partial<LogContext>'.
src/github/api/GitHubAPIOptimizer.ts(271,61): error TS2353: Object literal may only specify known properties, and 'error' does not exist in type 'Partial<LogContext>'.
src/github/api/GitHubAPIOptimizer.ts(290,11): error TS2353: Object literal may only specify known properties, and 'limitType' does not exist in type 'Partial<LogContext>'.
src/github/api/GitHubAPIOptimizer.ts(317,9): error TS2322: Type 'unknown' is not assignable to type 'Error'.
src/github/api/GitHubAPIOptimizer.ts(322,13): error TS2353: Object literal may only specify known properties, and 'attempt' does not exist in type 'Partial<LogContext>'.
src/github/api/GitHubAPIOptimizer.ts(331,11): error TS2454: Variable 'lastError' is used before being assigned.
src/github/api/GitHubAPIOptimizer.ts(374,14): error TS7053: Element implicitly has an 'any' type because expression of type 'any' can't be used to index type '{ high: number; medium: number; low: number; }'.
src/github/api/GitHubAPIOptimizer.ts(374,43): error TS7053: Element implicitly has an 'any' type because expression of type 'any' can't be used to index type '{ high: number; medium: number; low: number; }'.
src/github/api/GitHubAPIOptimizer.ts(498,54): error TS2353: Object literal may only specify known properties, and 'error' does not exist in type 'Partial<LogContext>'.
src/github/api/GitHubAuthenticationManager.ts(49,54): error TS2353: Object literal may only specify known properties, and 'type' does not exist in type 'Partial<LogContext>'.
src/github/api/GitHubAuthenticationManager.ts(91,9): error TS2353: Object literal may only specify known properties, and 'type' does not exist in type 'Partial<LogContext>'.
src/github/api/GitHubAuthenticationManager.ts(99,59): error TS2353: Object literal may only specify known properties, and 'error' does not exist in type 'Partial<LogContext>'.
src/github/api/GitHubAuthenticationManager.ts(105,18): error TS18046: 'error' is of type 'unknown'.
src/github/api/GitHubAuthenticationManager.ts(163,53): error TS2353: Object literal may only specify known properties, and 'appName' does not exist in type 'Partial<LogContext>'.
src/github/api/GitHubAuthenticationManager.ts(163,62): error TS18047: 'app' is possibly 'null'.
src/github/api/GitHubAuthenticationManager.ts(163,79): error TS18047: 'app' is possibly 'null'.
src/github/api/GitHubAuthenticationManager.ts(225,18): error TS18047: 'app' is possibly 'null'.
src/github/api/GitHubAuthenticationManager.ts(226,15): error TS18047: 'app' is possibly 'null'.
src/github/api/GitHubAuthenticationManager.ts(264,27): error TS2339: Property 'search' does not exist on type '{ resources: { core: { limit: number; remaining: number; reset: number; used: number; }; graphql?: { limit: number; remaining: number; reset: number; used: number; } | undefined; search: { limit: number; remaining: number; reset: number; used: number; }; ... 8 more ...; code_scanning_autofix?: { ...; } | undefined; ...'.
src/github/api/GitHubAuthenticationManager.ts(265,28): error TS2339: Property 'graphql' does not exist on type '{ resources: { core: { limit: number; remaining: number; reset: number; used: number; }; graphql?: { limit: number; remaining: number; reset: number; used: number; } | undefined; search: { limit: number; remaining: number; reset: number; used: number; }; ... 8 more ...; code_scanning_autofix?: { ...; } | undefined; ...'.
src/github/api/GitHubAuthenticationManager.ts(269,55): error TS2353: Object literal may only specify known properties, and 'error' does not exist in type 'Partial<LogContext>'.
src/github/api/GitHubAuthenticationManager.ts(286,63): error TS2353: Object literal may only specify known properties, and 'error' does not exist in type 'Partial<LogContext>'.
src/github/api/GitHubAuthenticationManager.ts(343,66): error TS2353: Object literal may only specify known properties, and 'error' does not exist in type 'Partial<LogContext>'.
src/github/api/GitHubAuthenticationManager.ts(360,62): error TS2353: Object literal may only specify known properties, and 'error' does not exist in type 'Partial<LogContext>'.
src/github/api/GitHubAuthenticationManager.ts(378,62): error TS2353: Object literal may only specify known properties, and 'error' does not exist in type 'Partial<LogContext>'.
src/github/api/GitHubAuthenticationManager.ts(397,11): error TS18046: 'error' is of type 'unknown'.
src/github/api/GitHubGraphQLClient.ts(5,15): error TS2307: Cannot find module './GitHubGraphQLClientFacade' or its corresponding type declarations.
src/github/GitHubAPICalculator.ts(102,53): error TS2345: Argument of type 'unknown' is not assignable to parameter of type 'Error | undefined'.
src/github/GitHubAPICalculator.ts(147,49): error TS7006: Parameter 'issue' implicitly has an 'any' type.
src/github/GitHubAPICalculator.ts(151,51): error TS7006: Parameter 'issue' implicitly has an 'any' type.
src/github/GitHubAPICalculator.ts(156,83): error TS7006: Parameter 'i' implicitly has an 'any' type.
src/github/GitHubAPICalculator.ts(157,78): error TS7006: Parameter 'p' implicitly has an 'any' type.
src/github/GitHubAPICalculator.ts(174,54): error TS2345: Argument of type 'unknown' is not assignable to parameter of type 'Error | undefined'.
src/github/GitHubAPICalculator.ts(206,54): error TS2345: Argument of type 'unknown' is not assignable to parameter of type 'Error | undefined'.
src/github/GitHubAPICalculator.ts(241,53): error TS2345: Argument of type 'unknown' is not assignable to parameter of type 'Error | undefined'.
src/github/GitHubAPIClient.ts(10,3): error TS2724: '"../types/github-types"' has no exported member named 'GitHubAPIConfig'. Did you mean 'GitHubConfig'?
src/github/GitHubAPIClient.ts(16,11): error TS2564: Property 'octokit' has no initializer and is not definitely assigned in the constructor.
src/github/GitHubAPIClient.ts(17,11): error TS2564: Property 'graphqlClient' has no initializer and is not definitely assigned in the constructor.
src/github/GitHubAPIClient.ts(207,14): error TS2315: Type 'GitHubAPIResponse' is not generic.
src/github/GitHubAPIClient.ts(322,60): error TS2345: Argument of type '{ workflow_id?: string | number; actor?: string; branch?: string; event?: string; status?: string; per_page?: number; page?: number; owner: string; repo: string; }' is not assignable to parameter of type 'RequestParameters & { owner: string; repo: string; actor?: string | undefined; branch?: string | undefined; event?: string | undefined; status?: "completed" | "success" | ... 12 more ... | undefined; ... 5 more ...; head_sha?: string | undefined; }'.
  Type '{ workflow_id?: string | number; actor?: string; branch?: string; event?: string; status?: string; per_page?: number; page?: number; owner: string; repo: string; }' is not assignable to type '{ owner: string; repo: string; actor?: string | undefined; branch?: string | undefined; event?: string | undefined; status?: "completed" | "success" | "pending" | "queued" | "cancelled" | ... 9 more ... | undefined; ... 5 more ...; head_sha?: string | undefined; }'.
    Types of property 'status' are incompatible.
      Type 'string | undefined' is not assignable to type '"completed" | "success" | "pending" | "queued" | "cancelled" | "skipped" | "failure" | "in_progress" | "neutral" | "action_required" | "stale" | "timed_out" | "requested" | "waiting" | undefined'.
        Type 'string' is not assignable to type '"completed" | "success" | "pending" | "queued" | "cancelled" | "skipped" | "failure" | "in_progress" | "neutral" | "action_required" | "stale" | "timed_out" | "requested" | "waiting" | undefined'.
src/github/GitHubIntegration.ts(10,10): error TS2305: Module '"./GitHubPRManager"' has no exported member 'GitHubPRManager'.
src/github/GitHubIntegration.ts(11,10): error TS2305: Module '"./GitHubWorkflowManager"' has no exported member 'GitHubWorkflowManager'.
src/github/GitHubIntegration.ts(31,11): error TS2322: Type 'string' is not assignable to type 'GitHubIntegrationStatus'.
src/github/GitHubIntegration.ts(52,7): error TS2322: Type 'string' is not assignable to type 'GitHubIntegrationStatus'.
src/github/GitHubIntegration.ts(62,15): error TS2722: Cannot invoke an object which is possibly 'undefined'.
src/github/GitHubIntegration.ts(68,7): error TS2322: Type 'string' is not assignable to type 'GitHubIntegrationStatus'.
src/github/GitHubIntegration.ts(71,7): error TS2322: Type 'string' is not assignable to type 'GitHubIntegrationStatus'.
src/github/GitHubIntegration.ts(222,5): error TS2322: Type 'string' is not assignable to type 'GitHubIntegrationStatus'.
src/github/GitHubIntegration.ts(224,11): error TS2722: Cannot invoke an object which is possibly 'undefined'.
src/github/GitHubIntegration.ts(227,5): error TS2322: Type 'string' is not assignable to type 'GitHubIntegrationStatus'.
src/github/GitHubIssueManager.ts(371,61): error TS7006: Parameter 'label' implicitly has an 'any' type.
src/github/GitHubIssueManager.ts(380,61): error TS7006: Parameter 'label' implicitly has an 'any' type.
src/github/GitHubIssueManager.ts(477,29): error TS7006: Parameter 'label' implicitly has an 'any' type.
src/github/GitHubIssueManager.ts(486,32): error TS7006: Parameter 'assignee' implicitly has an 'any' type.
src/github/GitHubPRManager.ts(5,15): error TS2307: Cannot find module './GitHubPRManagerFacade' or its corresponding type declarations.
src/github/GitHubProjectManager.ts(281,7): error TS7006: Parameter 'field' implicitly has an 'any' type.
src/github/GitHubProjectManager.ts(410,9): error TS7006: Parameter 'fv' implicitly has an 'any' type.
src/github/GitHubWorkflowManager.ts(5,15): error TS2307: Cannot find module './GitHubWorkflowManagerFacade' or its corresponding type declarations.
src/github/integration/GitHubProjectManager.ts(26,53): error TS2345: Argument of type 'GitHubAuthenticationManager' is not assignable to parameter of type 'string'.
src/github/integration/GitHubProjectManager.ts(39,30): error TS2339: Property 'initialize' does not exist on type 'RealGitHubProjectManager'.
src/github/integration/GitHubProjectManager.ts(44,74): error TS2353: Object literal may only specify known properties, and 'error' does not exist in type 'Partial<LogContext>'.
src/github/integration/GitHubProjectManager.ts(54,7): error TS2353: Object literal may only specify known properties, and 'projectName' does not exist in type 'Partial<LogContext>'.
src/github/integration/GitHubProjectManager.ts(65,51): error TS2339: Property 'createIntelligentProject' does not exist on type 'RealGitHubProjectManager'.
src/github/integration/GitHubProjectManager.ts(68,9): error TS2353: Object literal may only specify known properties, and 'projectId' does not exist in type 'Partial<LogContext>'.
src/github/integration/GitHubProjectManager.ts(77,67): error TS2353: Object literal may only specify known properties, and 'error' does not exist in type 'Partial<LogContext>'.
src/github/integration/GitHubProjectManager.ts(86,56): error TS2353: Object literal may only specify known properties, and 'projectId' does not exist in type 'Partial<LogContext>'.
src/github/integration/GitHubProjectManager.ts(93,52): error TS2339: Property 'getRealProjectMetrics' does not exist on type 'RealGitHubProjectManager'.
src/github/integration/GitHubProjectManager.ts(176,9): error TS2353: Object literal may only specify known properties, and 'projectId' does not exist in type 'Partial<LogContext>'.
src/github/integration/GitHubProjectManager.ts(185,65): error TS2353: Object literal may only specify known properties, and 'error' does not exist in type 'Partial<LogContext>'.
src/github/integration/GitHubProjectManager.ts(194,71): error TS2353: Object literal may only specify known properties, and 'projectId' does not exist in type 'Partial<LogContext>'.
src/github/integration/GitHubProjectManager.ts(201,48): error TS2339: Property 'getRealProjectMetrics' does not exist on type 'RealGitHubProjectManager'.
src/github/integration/GitHubProjectManager.ts(206,11): error TS2353: Object literal may only specify known properties, and 'projectId' does not exist in type 'Partial<LogContext>'.
src/github/integration/GitHubProjectManager.ts(213,11): error TS2353: Object literal may only specify known properties, and 'blockedItems' does not exist in type 'Partial<LogContext>'.
src/github/integration/GitHubProjectManager.ts(219,85): error TS2353: Object literal may only specify known properties, and 'projectId' does not exist in type 'Partial<LogContext>'.
src/github/integration/GitHubProjectManager.ts(223,82): error TS2353: Object literal may only specify known properties, and 'error' does not exist in type 'Partial<LogContext>'.
src/github/integration/GitHubProjectManager.ts(283,63): error TS2353: Object literal may only specify known properties, and 'error' does not exist in type 'Partial<LogContext>'.
src/github/integration/WorkflowOrchestrator.ts(5,15): error TS2307: Cannot find module './facade' or its corresponding type declarations.
src/github/issues/IssueIntelligence.ts(5,15): error TS2307: Cannot find module './IssueIntelligenceFacade' or its corresponding type declarations.
src/github/pr/PRLifecycleManager.ts(43,64): error TS2353: Object literal may only specify known properties, and 'owner' does not exist in type 'Partial<LogContext>'.
src/github/projects/ProjectBoardIntelligence.ts(4,39): error TS2307: Cannot find module './AutomatedTaskTracking' or its corresponding type declarations.
src/github/projects/ProjectBoardIntelligence.ts(5,37): error TS2307: Cannot find module './MilestoneManagement' or its corresponding type declarations.
src/github/projects/ProjectBoardIntelligence.ts(6,41): error TS2307: Cannot find module './BurndownChartGeneration' or its corresponding type declarations.
src/github/projects/ProjectBoardIntelligence.ts(31,64): error TS2353: Object literal may only specify known properties, and 'projectId' does not exist in type 'Partial<LogContext>'.
src/github/projects/ProjectBoardIntelligence.ts(50,9): error TS2353: Object literal may only specify known properties, and 'projectId' does not exist in type 'Partial<LogContext>'.
src/github/projects/ProjectBoardIntelligence.ts(67,64): error TS2353: Object literal may only specify known properties, and 'error' does not exist in type 'Partial<LogContext>'.
src/github/projects/ProjectBoardIntelligence.ts(76,55): error TS2353: Object literal may only specify known properties, and 'projectId' does not exist in type 'Partial<LogContext>'.
src/github/projects/ProjectBoardIntelligence.ts(115,66): error TS2353: Object literal may only specify known properties, and 'error' does not exist in type 'Partial<LogContext>'.
src/github/projects/ProjectBoardIntelligence.ts(124,57): error TS2353: Object literal may only specify known properties, and 'projectId' does not exist in type 'Partial<LogContext>'.
src/github/projects/ProjectBoardIntelligence.ts(167,68): error TS2353: Object literal may only specify known properties, and 'error' does not exist in type 'Partial<LogContext>'.
src/github/projects/ProjectBoardIntelligence.ts(176,59): error TS2353: Object literal may only specify known properties, and 'projectId' does not exist in type 'Partial<LogContext>'.
src/github/projects/ProjectBoardIntelligence.ts(211,70): error TS2353: Object literal may only specify known properties, and 'error' does not exist in type 'Partial<LogContext>'.
src/github/projects/ProjectBoardIntelligence.ts(220,55): error TS2353: Object literal may only specify known properties, and 'projectId' does not exist in type 'Partial<LogContext>'.
src/github/projects/ProjectBoardIntelligence.ts(255,66): error TS2353: Object literal may only specify known properties, and 'error' does not exist in type 'Partial<LogContext>'.
src/github/projects/ProjectBoardIntelligence.ts(330,20): error TS7053: Element implicitly has an 'any' type because expression of type 'string' can't be used to index type '{ Backlog: { purpose: string; automation: string[]; capacity: string; }; 'Sprint Planning': { purpose: string; automation: string[]; capacity: number; }; 'In Progress': { purpose: string; automation: string[]; capacity: number; }; 'Code Review': { ...; }; Testing: { ...; }; Done: { ...; }; }'.
  No index signature with a parameter of type 'string' was found on type '{ Backlog: { purpose: string; automation: string[]; capacity: string; }; 'Sprint Planning': { purpose: string; automation: string[]; capacity: number; }; 'In Progress': { purpose: string; automation: string[]; capacity: number; }; 'Code Review': { ...; }; Testing: { ...; }; Done: { ...; }; }'.
src/github/repos/CrossRepoSynchronization.ts(27,7): error TS2561: Object literal may only specify known properties, but 'operationId' does not exist in type 'Partial<LogContext>'. Did you mean to write 'operation'?
src/github/repos/CrossRepoSynchronization.ts(48,9): error TS2561: Object literal may only specify known properties, but 'operationId' does not exist in type 'Partial<LogContext>'. Did you mean to write 'operation'?
src/github/repos/CrossRepoSynchronization.ts(55,70): error TS2353: Object literal may only specify known properties, and 'error' does not exist in type 'Partial<LogContext>'.
src/github/repos/CrossRepoSynchronization.ts(64,63): error TS2353: Object literal may only specify known properties, and 'repositories' does not exist in type 'Partial<LogContext>'.
src/github/repos/CrossRepoSynchronization.ts(96,71): error TS2353: Object literal may only specify known properties, and 'error' does not exist in type 'Partial<LogContext>'.
src/github/repos/CrossRepoSynchronization.ts(106,7): error TS2353: Object literal may only specify known properties, and 'repositories' does not exist in type 'Partial<LogContext>'.
src/github/repos/CrossRepoSynchronization.ts(132,60): error TS2353: Object literal may only specify known properties, and 'error' does not exist in type 'Partial<LogContext>'.
src/github/repos/CrossRepoSynchronization.ts(142,7): error TS2353: Object literal may only specify known properties, and 'repositories' does not exist in type 'Partial<LogContext>'.
src/github/repos/CrossRepoSynchronization.ts(173,67): error TS2353: Object literal may only specify known properties, and 'error' does not exist in type 'Partial<LogContext>'.
src/github/repos/CrossRepoSynchronization.ts(257,59): error TS2353: Object literal may only specify known properties, and 'error' does not exist in type 'Partial<LogContext>'.
src/github/repos/CrossRepoSynchronization.ts(367,67): error TS2561: Object literal may only specify known properties, but 'operationId' does not exist in type 'Partial<LogContext>'. Did you mean to write 'operation'?
src/github/repos/CrossRepoSynchronization.ts(395,63): error TS2353: Object literal may only specify known properties, and 'error' does not exist in type 'Partial<LogContext>'.
src/github/security/SecurityPolicyAutomation.ts(5,15): error TS2307: Cannot find module './SecurityPolicyAutomationFacade' or its corresponding type declarations.
src/github/types/integration.types-fsm/integration.typesTypes.ts(32,24): error TS2304: Cannot find name 'SynchronizationPoint'.
src/github/types/integration.types-fsm/integration.typesTypes.ts(33,24): error TS2304: Cannot find name 'CommunicationChannel'.
src/github/types/integration.types-fsm/integration.typesTypes.ts(34,18): error TS2304: Cannot find name 'SharedResource'.
src/github/types/integration.types-fsm/integration.typesTypes.ts(35,21): error TS2304: Cannot find name 'ConflictResolution'.
src/github/types/real-github-api.typesFacade.ts(7,10): error TS2551: Property '_config' does not exist on type 'RealGithubApiTypesFacade'. Did you mean 'config'?
src/github/webhooks/RealWebhookEventProcessor.ts(5,15): error TS2307: Cannot find module './RealWebhookEventProcessorFacade' or its corresponding type declarations.
src/github/workflows/ActionWorkflowBuilder.ts(2,10): error TS2305: Module '"./RealActionWorkflowBuilder"' has no exported member 'RealActionWorkflowBuilder'.
src/github/workflows/ActionWorkflowBuilder.ts(2,37): error TS2305: Module '"./RealActionWorkflowBuilder"' has no exported member 'WorkflowTemplate'.
src/github/workflows/ActionWorkflowBuilder.ts(13,11): error TS2564: Property 'authManager' has no initializer and is not definitely assigned in the constructor.
src/github/workflows/ActionWorkflowBuilder.ts(31,7): error TS2353: Object literal may only specify known properties, and 'codebase' does not exist in type 'Partial<LogContext>'.
src/github/workflows/ActionWorkflowBuilder.ts(44,9): error TS2353: Object literal may only specify known properties, and 'workflowName' does not exist in type 'Partial<LogContext>'.
src/github/workflows/ActionWorkflowBuilder.ts(52,66): error TS2353: Object literal may only specify known properties, and 'error' does not exist in type 'Partial<LogContext>'.
src/github/workflows/ActionWorkflowBuilder.ts(61,57): error TS2353: Object literal may only specify known properties, and 'requirements' does not exist in type 'Partial<LogContext>'.
src/github/workflows/ActionWorkflowBuilder.ts(74,68): error TS2353: Object literal may only specify known properties, and 'error' does not exist in type 'Partial<LogContext>'.
src/github/workflows/ActionWorkflowBuilder.ts(230,66): error TS2353: Object literal may only specify known properties, and 'error' does not exist in type 'Partial<LogContext>'.
src/github/workflows/RealActionWorkflowBuilder.ts(5,15): error TS2307: Cannot find module './RealActionWorkflowBuilderFacade' or its corresponding type declarations.
src/github/workflows/WorkflowBuilderFSM.ts(8,38): error TS2307: Cannot find module './states/TemplateStateHandler' or its corresponding type declarations.
src/github/workflows/WorkflowBuilderFSM.ts(9,38): error TS2307: Cannot find module './states/BuildingStateHandler' or its corresponding type declarations.
src/github/workflows/WorkflowBuilderFSM.ts(10,40): error TS2307: Cannot find module './states/DeploymentStateHandler' or its corresponding type declarations.
src/github/workflows/WorkflowBuilderFSM.ts(11,40): error TS2307: Cannot find module './states/MonitoringStateHandler' or its corresponding type declarations.
src/github/workflows/WorkflowBuilderFSM.ts(12,38): error TS2307: Cannot find module './core/WorkflowErrorHandler' or its corresponding type declarations.
src/github/workflows/WorkflowBuilderFSM.ts(13,41): error TS2307: Cannot find module './core/WorkflowTransitionGuard' or its corresponding type declarations.
src/github/workflows/WorkflowBuilderFSM.ts(103,40): error TS2345: Argument of type 'unknown' is not assignable to parameter of type 'Error'.
src/integration/SPEKTheaterIntegration.ts(7,21): error TS2459: Module '"../../types/base/primitives"' declares 'Milliseconds' locally, but it is not exported.
src/integrations/ArtifactSystemIntegration.ts(7,21): error TS2459: Module '"../../types/base/primitives"' declares 'Milliseconds' locally, but it is not exported.
src/interfaces/cli/src/mcp/server.ts(14,15): error TS2307: Cannot find module './serverFacade' or its corresponding type declarations.
src/KellyCriterionEngine.ts(7,21): error TS2459: Module '"../types/base/primitives"' declares 'Milliseconds' locally, but it is not exported.
src/langgraph/GraphStateMapper.ts(5,15): error TS2307: Cannot find module './GraphStateMapperFacade' or its corresponding type declarations.
src/langgraph/LangGraphAdapter.ts(5,15): error TS2307: Cannot find module './LangGraphAdapterFacade' or its corresponding type declarations.
src/linter-integration/fsm/ApiEndpointHandlers.ts(15,3): error TS2459: Module '"../integration-api"' declares 'RealTimeLinterIngestionEngine' locally, but it is not exported.
src/linter-integration/fsm/ApiEndpointHandlers.ts(16,3): error TS2459: Module '"../integration-api"' declares 'ToolManagementSystem' locally, but it is not exported.
src/linter-integration/fsm/ApiEndpointHandlers.ts(17,3): error TS2459: Module '"../integration-api"' declares 'ResultCorrelationFramework' locally, but it is not exported.
src/linter-integration/fsm/index.ts(52,10): error TS2305: Module '"./IntegrationApiFacade"' has no exported member 'IntegrationApiFacade'.
src/linter-integration/fsm/index.ts(61,14): error TS2304: Cannot find name 'IntegrationApiFacade'.
src/linter-integration/fsm/IntegrationApiFacade.ts(5,15): error TS2307: Cannot find module './IntegrationApiFacadeFacade' or its corresponding type declarations.
src/linter-integration/fsm/IntegrationApiStateMachine.ts(29,55): error TS2304: Cannot find name 'TEvent'.
src/linter-integration/fsm/IntegrationApiStateMachine.ts(37,40): error TS2304: Cannot find name 'TEvent'.
src/linter-integration/fsm/IntegrationApiStateMachine.ts(74,31): error TS2304: Cannot find name 'TEvent'.
src/linter-integration/fsm/IntegrationApiStateMachine.ts(96,34): error TS2304: Cannot find name 'TEvent'.
src/linter-integration/fsm/IntegrationApiStateMachine.ts(147,12): error TS2304: Cannot find name 'TEvent'.
src/linter-integration/fsm/IntegrationApiStateMachine.ts(174,57): error TS2304: Cannot find name 'TEvent'.
src/linter-integration/fsm/IntegrationApiStateMachine.ts(192,56): error TS2304: Cannot find name 'TEvent'.
src/linter-integration/fsm/IntegrationApiStateMachine.ts(245,12): error TS2304: Cannot find name 'TEvent'.
src/linter-integration/fsm/IntegrationApiStateMachine.ts(275,60): error TS2304: Cannot find name 'TEvent'.
src/linter-integration/integration-api.ts(17,3): error TS2305: Module '"./real-time-ingestion-engine"' has no exported member 'RealTimeLinterIngestionEngine'.
src/linter-integration/integration-api.ts(18,3): error TS2305: Module '"./real-time-ingestion-engine"' has no exported member 'StreamingResult'.
src/linter-integration/integration-api.ts(19,3): error TS2305: Module '"./real-time-ingestion-engine"' has no exported member 'LinterResult'.
src/linter-integration/integration-api.ts(20,3): error TS2305: Module '"./real-time-ingestion-engine"' has no exported member 'Violation'.
src/linter-integration/integration-api.ts(23,3): error TS2305: Module '"./tool-management-system"' has no exported member 'ToolManagementSystem'.
src/linter-integration/integration-api.ts(24,3): error TS2305: Module '"./tool-management-system"' has no exported member 'ToolStatus'.
src/linter-integration/integration-api.ts(25,3): error TS2305: Module '"./tool-management-system"' has no exported member 'ToolExecutionResult'.
src/linter-integration/integration-api.ts(31,8): error TS2307: Cannot find module './result-correlation-framework' or its corresponding type declarations.
src/linter-integration/integration-api.ts(120,14): error TS2323: Cannot redeclare exported variable 'IntegrationApiServer'.
src/linter-integration/integration-api.ts(152,42): error TS7006: Parameter 'data' implicitly has an 'any' type.
src/linter-integration/integration-api.ts(154,45): error TS7006: Parameter 'data' implicitly has an 'any' type.
src/linter-integration/integration-api.ts(155,41): error TS7006: Parameter 'data' implicitly has an 'any' type.
src/linter-integration/integration-api.ts(201,3): error TS2323: Cannot redeclare exported variable 'IntegrationApiServer'.
src/linter-integration/integration-api.ts(201,3): error TS2484: Export declaration conflicts with exported declaration of 'IntegrationApiServer'.
src/linter-integration/real-time-ingestion-engine.ts(5,15): error TS2307: Cannot find module './real-time-ingestion-engineFacade' or its corresponding type declarations.
src/linter-integration/result-correlation-framework-fsm/result-correlation-frameworkCore.ts(5,15): error TS2307: Cannot find module './result-correlation-frameworkCoreFacade' or its corresponding type declarations.
src/linter-integration/result-correlation-framework-fsm/result-correlation-frameworkFacade.ts(4,48): error TS2307: Cannot find module './ResultCorrelationFrameworkCore' or its corresponding type declarations.
src/linter-integration/result-correlation-framework-fsm/result-correlation-frameworkFacade.ts(5,56): error TS2307: Cannot find module './ResultCorrelationFrameworkStateMachine' or its corresponding type declarations.
src/linter-integration/result-correlation-framework-fsm/result-correlation-frameworkFacade.ts(26,16): error TS2304: Cannot find name 'result'.
src/linter-integration/result-correlation-framework-fsm/result-correlation-frameworkFacade.ts(26,23): error TS2304: Cannot find name 'correlation'.
src/linter-integration/result-correlation-framework-fsm/result-correlation-frameworkFacade.ts(26,35): error TS2304: Cannot find name 'frameworkFacade'.
src/linter-integration/tool-management-system.ts(5,15): error TS2307: Cannot find module './tool-management-systemFacade' or its corresponding type declarations.
src/management/core/ManagementHub.ts(41,11): error TS2564: Property 'transitionHub' has no initializer and is not definitely assigned in the constructor.
src/management/core/ManagementHub.ts(42,11): error TS2564: Property 'resourceAllocator' has no initializer and is not definitely assigned in the constructor.
src/management/core/ManagementHub.ts(43,11): error TS2564: Property 'taskScheduler' has no initializer and is not definitely assigned in the constructor.
src/management/core/ManagementHub.ts(44,11): error TS2564: Property 'stateCoordinator' has no initializer and is not definitely assigned in the constructor.
src/management/core/ManagementHub.ts(45,11): error TS2564: Property 'dependencyResolver' has no initializer and is not definitely assigned in the constructor.
src/management/core/ManagementHub.ts(46,11): error TS2564: Property 'lifecycleHandler' has no initializer and is not definitely assigned in the constructor.
src/memory/adapters/ResearchMemoryAdapter.ts(5,15): error TS2307: Cannot find module './ResearchMemoryAdapterFacade' or its corresponding type declarations.
src/memory/adapters/SharedMemoryProtocolFacade.ts(78,56): error TS2345: Argument of type 'import("C:/Users/17175/Desktop/spek template/src/memory/coordinator/MemoryCoordinator").PrincessDomain' is not assignable to parameter of type 'import("C:/Users/17175/Desktop/spek template/src/coordinator/MemoryCoordinator").PrincessDomain'.
  Each declaration of 'PrincessDomain.INFRASTRUCTURE' differs in its value, where '"INFRASTRUCTURE"' was expected but '"infrastructure"' was given.
src/memory/adapters/SharedMemoryProtocolFacade.ts(87,40): error TS2345: Argument of type 'import("C:/Users/17175/Desktop/spek template/src/memory/coordinator/MemoryCoordinator").PrincessDomain' is not assignable to parameter of type 'import("C:/Users/17175/Desktop/spek template/src/coordinator/MemoryCoordinator").PrincessDomain'.
  Each declaration of 'PrincessDomain.INFRASTRUCTURE' differs in its value, where '"INFRASTRUCTURE"' was expected but '"infrastructure"' was given.
src/memory/adapters/SharedMemoryProtocolFacade.ts(123,9): error TS2322: Type 'import("C:/Users/17175/Desktop/spek template/src/memory/coordinator/MemoryCoordinator").PrincessDomain' is not assignable to type 'import("C:/Users/17175/Desktop/spek template/src/coordinator/MemoryCoordinator").PrincessDomain'.
  Each declaration of 'PrincessDomain.INFRASTRUCTURE' differs in its value, where '"INFRASTRUCTURE"' was expected but '"infrastructure"' was given.
src/memory/adapters/SharedMemoryProtocolFacade.ts(140,36): error TS2345: Argument of type 'import("C:/Users/17175/Desktop/spek template/src/memory/coordinator/MemoryCoordinator").PrincessDomain' is not assignable to parameter of type 'import("C:/Users/17175/Desktop/spek template/src/coordinator/MemoryCoordinator").PrincessDomain'.
  Each declaration of 'PrincessDomain.INFRASTRUCTURE' differs in its value, where '"INFRASTRUCTURE"' was expected but '"infrastructure"' was given.
src/memory/adapters/SharedMemoryProtocolFacade.ts(166,70): error TS2345: Argument of type 'import("C:/Users/17175/Desktop/spek template/src/memory/coordinator/MemoryCoordinator").PrincessDomain' is not assignable to parameter of type 'import("C:/Users/17175/Desktop/spek template/src/coordinator/MemoryCoordinator").PrincessDomain'.
  Each declaration of 'PrincessDomain.INFRASTRUCTURE' differs in its value, where '"INFRASTRUCTURE"' was expected but '"infrastructure"' was given.
src/memory/adapters/SharedMemoryProtocolFacade.ts(168,43): error TS2345: Argument of type 'import("C:/Users/17175/Desktop/spek template/src/memory/coordinator/MemoryCoordinator").PrincessDomain' is not assignable to parameter of type 'import("C:/Users/17175/Desktop/spek template/src/coordinator/MemoryCoordinator").PrincessDomain'.
  Each declaration of 'PrincessDomain.INFRASTRUCTURE' differs in its value, where '"INFRASTRUCTURE"' was expected but '"infrastructure"' was given.
src/memory/adapters/SharedMemoryProtocolFacade.ts(174,41): error TS2345: Argument of type 'import("C:/Users/17175/Desktop/spek template/src/memory/coordinator/MemoryCoordinator").PrincessDomain' is not assignable to parameter of type 'import("C:/Users/17175/Desktop/spek template/src/coordinator/MemoryCoordinator").PrincessDomain'.
  Each declaration of 'PrincessDomain.INFRASTRUCTURE' differs in its value, where '"INFRASTRUCTURE"' was expected but '"infrastructure"' was given.
src/memory/adapters/SharedMemoryProtocolFacade.ts(198,47): error TS2345: Argument of type 'import("C:/Users/17175/Desktop/spek template/src/coordinator/MemoryCoordinator").PrincessDomain' is not assignable to parameter of type 'import("C:/Users/17175/Desktop/spek template/src/memory/coordinator/MemoryCoordinator").PrincessDomain'.
  Property 'ARCHITECTURE' is missing in type 'import("C:/Users/17175/Desktop/spek template/src/memory/coordinator/MemoryCoordinator").PrincessDomain'.
src/memory/adapters/SharedMemoryProtocolFacade.ts(206,29): error TS2345: Argument of type 'import("C:/Users/17175/Desktop/spek template/src/coordinator/MemoryCoordinator").PrincessDomain' is not assignable to parameter of type 'import("C:/Users/17175/Desktop/spek template/src/memory/coordinator/MemoryCoordinator").PrincessDomain'.
  Property 'ARCHITECTURE' is missing in type 'import("C:/Users/17175/Desktop/spek template/src/memory/coordinator/MemoryCoordinator").PrincessDomain'.
src/memory/adapters/SharedMemoryProtocolFacade.ts(249,73): error TS2345: Argument of type 'import("C:/Users/17175/Desktop/spek template/src/memory/coordinator/MemoryCoordinator").PrincessDomain' is not assignable to parameter of type 'import("C:/Users/17175/Desktop/spek template/src/coordinator/MemoryCoordinator").PrincessDomain'.
  Type 'PrincessDomain.INFRASTRUCTURE' is not assignable to type 'PrincessDomain'. Did you mean 'PrincessDomain.INFRASTRUCTURE'?
src/memory/adapters/SharedMemoryProtocolFacade.ts(268,58): error TS2345: Argument of type 'import("C:/Users/17175/Desktop/spek template/src/memory/coordinator/MemoryCoordinator").PrincessDomain' is not assignable to parameter of type 'import("C:/Users/17175/Desktop/spek template/src/coordinator/MemoryCoordinator").PrincessDomain'.
  Type 'PrincessDomain.INFRASTRUCTURE' is not assignable to type 'PrincessDomain'. Did you mean 'PrincessDomain.INFRASTRUCTURE'?
src/memory/analytics/MemoryUsageAnalyzer.ts(5,15): error TS2307: Cannot find module './MemoryUsageAnalyzerFacade' or its corresponding type declarations.
src/memory/coordination/CrossPrincessMemoryCoordinator.ts(5,15): error TS2307: Cannot find module './CrossPrincessMemoryCoordinatorFacade' or its corresponding type declarations.
src/memory/coordinator/MemoryCoordinator.ts(4,10): error TS2305: Module '"../monitoring/MemoryMetrics"' has no exported member 'MemoryMetrics'.
src/memory/coordinator/MemoryCoordinator.ts(5,10): error TS2305: Module '"../optimization/MemoryOptimizer"' has no exported member 'MemoryOptimizer'.
src/memory/coordinator/MemoryCoordinator.ts(6,10): error TS2305: Module '"../security/MemoryEncryption"' has no exported member 'MemoryEncryption'.
src/memory/coordinator/MemoryCoordinator.ts(66,11): error TS2564: Property 'memoryPool' has no initializer and is not definitely assigned in the constructor.
src/memory/coordinator/MemoryCoordinator.ts(67,11): error TS2564: Property 'ttlManager' has no initializer and is not definitely assigned in the constructor.
src/memory/coordinator/MemoryCoordinator.ts(68,11): error TS2564: Property 'partitioner' has no initializer and is not definitely assigned in the constructor.
src/memory/coordinator/MemoryCoordinator.ts(72,11): error TS2564: Property 'langroidManager' has no initializer and is not definitely assigned in the constructor.
src/memory/coordinator/MemoryCoordinator.ts(73,11): error TS2564: Property 'compressor' has no initializer and is not definitely assigned in the constructor.
src/memory/coordinator/RealLanceDBStorage.ts(37,14): error TS2415: Class 'RealLanceDBStorage' incorrectly extends base class 'import("C:/Users/17175/Desktop/spek template/node_modules/@types/node/events.d.ts")<DefaultEventMap>'.
  Property 'initialize' is private in type 'RealLanceDBStorage' but not in type 'import("C:/Users/17175/Desktop/spek template/node_modules/@types/node/events.d.ts")<DefaultEventMap>'.
src/memory/coordinator/RealLangroidMemoryManager.ts(239,35): error TS2339: Property 'cosineSimilarity' does not exist on type 'LangroidClient'.
src/memory/coordinator/RealLangroidMemoryManager.ts(248,7): error TS2353: Object literal may only specify known properties, and 'cosineSimilarity' does not exist in type 'LangroidClient'.
src/memory/langroid/MemoryPersistence.ts(1,26): error TS2307: Cannot find module 'sqlite3' or its corresponding type declarations.
src/memory/langroid/MemoryPersistence.ts(120,54): error TS18046: 'parseError' is of type 'unknown'.
src/memory/langroid/MemoryPersistence.ts(142,17): error TS2683: 'this' implicitly has type 'any' because it does not have a type annotation.
src/memory/langroid/MemoryPersistence.ts(180,63): error TS18046: 'parseError' is of type 'unknown'.
src/memory/langroid/MemoryPersistence.ts(279,17): error TS2683: 'this' implicitly has type 'any' because it does not have a type annotation.
src/memory/langroid/MemorySerializer.ts(68,49): error TS2345: Argument of type 'string' is not assignable to parameter of type 'BufferEncoding | undefined'.
src/memory/langroid/RealMemoryCompressor.ts(1,17): error TS7016: Could not find a declaration file for module 'lz4'. 'C:/Users/17175/Desktop/spek template/node_modules/lz4/lib/lz4.js' implicitly has an 'any' type.
  Try `npm i --save-dev @types/lz4` if it exists or add a new declaration (.d.ts) file containing `declare module 'lz4';`
src/memory/langroid/RealMemoryCompressor.ts(2,24): error TS1149: File name 'C:/Users/17175/Desktop/spek template/src/utils/logger.ts' differs from already included file name 'C:/Users/17175/Desktop/spek template/src/utils/Logger.ts' only in casing.
  The file is in the program because:
    Imported via '../utils/Logger' from file 'C:/Users/17175/Desktop/spek template/src/commands/init-swarm-hierarchy.ts'
    Imported via '../../../utils/logger' from file 'C:/Users/17175/Desktop/spek template/src/swarm/memory/development/LangroidMemory.ts'
    Imported via '../../utils/logger' from file 'C:/Users/17175/Desktop/spek template/src/swarm/queen/KingLogicAdapter.ts'
    Imported via '../../utils/Logger' from file 'C:/Users/17175/Desktop/spek template/src/github/api/GitHubAPIOptimizer.ts'
    Imported via '../../utils/Logger' from file 'C:/Users/17175/Desktop/spek template/src/github/api/GitHubAuthenticationManager.ts'
    Imported via '../../utils/Logger' from file 'C:/Users/17175/Desktop/spek template/src/github/integration/GitHubProjectManager.ts'
    Imported via '../../utils/Logger' from file 'C:/Users/17175/Desktop/spek template/src/github/integration/RealGitHubProjectManager.ts'
    Imported via '../../utils/Logger' from file 'C:/Users/17175/Desktop/spek template/src/github/integration/QueenGitHubOrchestrator.ts'
    Imported via '../../utils/Logger' from file 'C:/Users/17175/Desktop/spek template/src/github/integration/RepositoryCoordinator.ts'
    Imported via '../../utils/Logger' from file 'C:/Users/17175/Desktop/spek template/src/github/pr/PRLifecycleManager.ts'
    Imported via '../../utils/Logger' from file 'C:/Users/17175/Desktop/spek template/src/github/projects/ProjectBoardIntelligence.ts'
    Imported via '../../utils/Logger' from file 'C:/Users/17175/Desktop/spek template/src/github/repos/CrossRepoSynchronization.ts'
    Imported via '../../utils/Logger' from file 'C:/Users/17175/Desktop/spek template/src/github/workflows/ActionWorkflowBuilder.ts'
    Imported via '../utils/Logger' from file 'C:/Users/17175/Desktop/spek template/src/memory/RealLangroidMemory.ts'
    Imported via '../../utils/logger' from file 'C:/Users/17175/Desktop/spek template/src/memory/langroid/RealMemoryCompressor.ts'
    Imported via '../../utils/Logger' from file 'C:/Users/17175/Desktop/spek template/src/migration/core/ActivationEngine.ts'
    Imported via '../../../utils/Logger' from file 'C:/Users/17175/Desktop/spek template/src/migration/core/states/FallbackStateMachine.ts'
    Imported via '../../../utils/Logger' from file 'C:/Users/17175/Desktop/spek template/src/migration/core/core/TransitionHub.ts'
    Imported via '../../utils/Logger' from file 'C:/Users/17175/Desktop/spek template/src/migration/core/FallbackChainFacade.ts'
    Imported via '../../../utils/Logger' from file 'C:/Users/17175/Desktop/spek template/src/migration/core/builders/ChainBuilder.ts'
    Imported via '../../../utils/Logger' from file 'C:/Users/17175/Desktop/spek template/src/migration/core/monitoring/HealthMonitor.ts'
    Imported via '../../utils/Logger' from file 'C:/Users/17175/Desktop/spek template/src/migration/core/ProtocolRegistry.ts'
    Imported via '../../utils/Logger' from file 'C:/Users/17175/Desktop/spek template/src/migration/core/MigrationOrchestrator.ts'
    Imported via '../../../utils/Logger' from file 'C:/Users/17175/Desktop/spek template/src/migration/core/validators/ActivationValidator.ts'
    Imported via '../../utils/Logger' from file 'C:/Users/17175/Desktop/spek template/src/migration/fallback/FallbackProtocolManager.ts'
    Imported via '../../../utils/Logger' from file 'C:/Users/17175/Desktop/spek template/src/migration/fsm/states/CompletedState.ts'
    Imported via '../../../utils/Logger' from file 'C:/Users/17175/Desktop/spek template/src/migration/fsm/states/ExecutingPhaseState.ts'
    Imported via '../../../utils/Logger' from file 'C:/Users/17175/Desktop/spek template/src/migration/fsm/states/ExecutingStepState.ts'
    Imported via '../../../utils/Logger' from file 'C:/Users/17175/Desktop/spek template/src/migration/fsm/states/IdleState.ts'
    Imported via '../../../utils/Logger' from file 'C:/Users/17175/Desktop/spek template/src/migration/fsm/states/RollingBackState.ts'
    Imported via '../../../utils/Logger' from file 'C:/Users/17175/Desktop/spek template/src/migration/fsm/states/ValidatingStepState.ts'
    Imported via '../../../utils/Logger' from file 'C:/Users/17175/Desktop/spek template/src/migration/fsm/transitions/TransitionHub.ts'
    Imported via '../../utils/Logger' from file 'C:/Users/17175/Desktop/spek template/src/migration/orchestration/MigrationExecutor.ts'
    Imported via '../../../utils/Logger' from file 'C:/Users/17175/Desktop/spek template/src/migration/planning/dependencies/DependencyMapper.ts'
    Imported via '../../../utils/Logger' from file 'C:/Users/17175/Desktop/spek template/src/migration/planning/fsm/AnalysisStateMachine.ts'
    Imported via '../../../utils/Logger' from file 'C:/Users/17175/Desktop/spek template/src/migration/planning/fsm/AnalysisStateMachineRefactored.ts'
    Imported via '../../../../utils/Logger' from file 'C:/Users/17175/Desktop/spek template/src/migration/planning/fsm/core/TransitionHub.ts'
    Imported via '../../../../utils/Logger' from file 'C:/Users/17175/Desktop/spek template/src/migration/planning/fsm/core/BaseStateHandler.ts'
    Imported via '../../utils/Logger' from file 'C:/Users/17175/Desktop/spek template/src/migration/strategies/CanaryProtocolMigration.ts'
    Imported via '../../../utils/Logger' from file 'C:/Users/17175/Desktop/spek template/src/migration/strategies/canary/CanaryMigrationFacade.ts'
    Imported via '../../../utils/Logger' from file 'C:/Users/17175/Desktop/spek template/src/migration/strategies/canary/CanaryMigrationStateMachine.ts'
    Imported via '../../../../utils/Logger' from file 'C:/Users/17175/Desktop/spek template/src/migration/strategies/canary/handlers/CanaryDeploymentHandler.ts'
    Imported via '../../../../utils/Logger' from file 'C:/Users/17175/Desktop/spek template/src/migration/strategies/canary/handlers/CanaryTrafficHandler.ts'
    Imported via '../../../../utils/Logger' from file 'C:/Users/17175/Desktop/spek template/src/migration/strategies/canary/handlers/CanaryValidationHandler.ts'
    Imported via '../../../../utils/Logger' from file 'C:/Users/17175/Desktop/spek template/src/migration/strategies/canary/handlers/CanaryRollbackHandler.ts'
    Imported via '../../utils/Logger' from file 'C:/Users/17175/Desktop/spek template/src/migration/translation/ProtocolFacade.ts'
    Imported via '../../utils/Logger' from file 'C:/Users/17175/Desktop/spek template/src/migration/translation/ProtocolParser.ts'
    Imported via '../../utils/Logger' from file 'C:/Users/17175/Desktop/spek template/src/migration/translation/ProtocolSerializer.ts'
    Imported via '../../utils/Logger' from file 'C:/Users/17175/Desktop/spek template/src/migration/translation/ProtocolStateMachine.ts'
    Imported via '../../utils/Logger' from file 'C:/Users/17175/Desktop/spek template/src/migration/translation/ProtocolValidator.ts'
    Imported via '../../../utils/Logger' from file 'C:/Users/17175/Desktop/spek template/src/migration/translation/fsm/FormatRegistry.ts'
    Imported via '../../../utils/Logger' from file 'C:/Users/17175/Desktop/spek template/src/migration/translation/fsm/RuleProcessor.ts'
    Imported via '../../../utils/Logger' from file 'C:/Users/17175/Desktop/spek template/src/migration/translation/fsm/ValidationOrchestrator.ts'
    Imported via '../../../utils/Logger' from file 'C:/Users/17175/Desktop/spek template/src/migration/translation/fsm/PerformanceMonitor.ts'
    Imported via '../../../utils/Logger' from file 'C:/Users/17175/Desktop/spek template/src/migration/translation/fsm/ConversionEngine.ts'
    Imported via '../../../utils/Logger' from file 'C:/Users/17175/Desktop/spek template/src/migration/translation/fsm/BatchProcessor.ts'
    Imported via '../utils/Logger' from file 'C:/Users/17175/Desktop/spek template/src/networking/RealWebSocketServer.ts'
    Imported via '../../utils/Logger' from file 'C:/Users/17175/Desktop/spek template/src/princesses/deployment/BlueGreenDeployment.ts'
    Imported via '../../utils/Logger' from file 'C:/Users/17175/Desktop/spek template/src/princesses/deployment/ContainerOrchestrator.ts'
    Imported via '../../utils/Logger' from file 'C:/Users/17175/Desktop/spek template/src/princesses/deployment/DeploymentPrincess.ts'
    Imported via '../../utils/logger' from file 'C:/Users/17175/Desktop/spek template/src/protocols/a2a/A2AProtocolEngine.ts'
    Imported via '../../utils/logger' from file 'C:/Users/17175/Desktop/spek template/src/protocols/a2a/MessageRouter.ts'
    Imported via '../../utils/logger' from file 'C:/Users/17175/Desktop/spek template/src/protocols/a2a/ProtocolRegistry.ts'
    Imported via '../../utils/logger' from file 'C:/Users/17175/Desktop/spek template/src/protocols/docs/A2ADocumentationGenerator.ts'
    Imported via '../../../utils/logger' from file 'C:/Users/17175/Desktop/spek template/src/protocols/docs/fsm/DocGeneratorTypes.ts'
    Imported via '../../../utils/logger' from file 'C:/Users/17175/Desktop/spek template/src/protocols/docs/metrics/DocGeneratorMetrics.ts'
    Imported via '../../utils/logger' from file 'C:/Users/17175/Desktop/spek template/src/protocols/mcp/MCPBridge.ts'
    Imported via '../../utils/logger' from file 'C:/Users/17175/Desktop/spek template/src/swarm/coordination/TaskDistributor.ts'
    Imported via '../../../utils/logger' from file 'C:/Users/17175/Desktop/spek template/src/swarm/memory/development/ContextDNA.ts'
    Imported via '../../../utils/logger' from file 'C:/Users/17175/Desktop/spek template/src/swarm/memory/development/VectorStore.ts'
    Imported via '../../utils/logger' from file 'C:/Users/17175/Desktop/spek template/src/swarm/orchestration/SwarmInitializer.ts'
    Imported via '../../utils/logger' from file 'C:/Users/17175/Desktop/spek template/src/swarm/orchestration/GodObjectOrchestrator.ts'
    Imported via '../../utils/logger' from file 'C:/Users/17175/Desktop/spek template/src/swarm/queen/ShardingCoordinator.ts'
    Imported via '../../../utils/Logger' from file 'C:/Users/17175/Desktop/spek template/src/swarm/validation/fsm/DomainBoundaryManager.ts'
    Imported via '../../../utils/Logger' from file 'C:/Users/17175/Desktop/spek template/src/swarm/validation/fsm/ExclusivityValidator.ts'
    Imported via '../../../utils/Logger' from file 'C:/Users/17175/Desktop/spek template/src/swarm/validation/fsm/HandoffCoordinator.ts'
    Imported via '../../../utils/Logger' from file 'C:/Users/17175/Desktop/spek template/src/swarm/validation/fsm/ValidationEngine.ts'
    Matched by include pattern 'src/**/*' in 'C:/Users/17175/Desktop/spek template/tsconfig.json'
src/memory/langroid/RealMemoryCompressor.ts(77,52): error TS2345: Argument of type 'unknown' is not assignable to parameter of type 'Partial<LogContext> | undefined'.
src/memory/langroid/RealMemoryCompressor.ts(101,54): error TS2345: Argument of type 'unknown' is not assignable to parameter of type 'Partial<LogContext> | undefined'.
src/memory/langroid/RealMemoryCompressor.ts(221,68): error TS2345: Argument of type 'unknown' is not assignable to parameter of type 'Partial<LogContext> | undefined'.
src/memory/monitoring/MemoryMetrics.ts(5,15): error TS2307: Cannot find module './MemoryMetricsFacade' or its corresponding type declarations.
src/memory/optimization/fsm/CacheFSMFacade.ts(10,10): error TS2440: Import declaration conflicts with local declaration of 'CacheMetrics'.
src/memory/optimization/fsm/CacheFSMFacade.ts(64,11): error TS2564: Property 'fsm' has no initializer and is not definitely assigned in the constructor.
src/memory/optimization/fsm/CacheFSMFacade.ts(65,11): error TS2300: Duplicate identifier 'store'.
src/memory/optimization/fsm/CacheFSMFacade.ts(65,11): error TS2564: Property 'store' has no initializer and is not definitely assigned in the constructor.
src/memory/optimization/fsm/CacheFSMFacade.ts(66,11): error TS2564: Property 'retriever' has no initializer and is not definitely assigned in the constructor.
src/memory/optimization/fsm/CacheFSMFacade.ts(67,11): error TS2564: Property 'evictor' has no initializer and is not definitely assigned in the constructor.
src/memory/optimization/fsm/CacheFSMFacade.ts(68,11): error TS2564: Property 'metrics' has no initializer and is not definitely assigned in the constructor.
src/memory/optimization/fsm/CacheFSMFacade.ts(69,11): error TS2564: Property 'context' has no initializer and is not definitely assigned in the constructor.
src/memory/optimization/fsm/CacheFSMFacade.ts(85,9): error TS2300: Duplicate identifier 'store'.
src/memory/optimization/MemoryCacheStrategy.ts(11,86): error TS2341: Property 'store' is private and only accessible within class 'CacheFSMFacade'.
src/memory/optimization/MemoryCacheStrategy.ts(11,86): error TS2349: This expression is not callable.
  Type 'CacheStore' has no call signatures.
src/memory/optimization/MemoryOptimizer.ts(5,15): error TS2307: Cannot find module './MemoryOptimizerFacade' or its corresponding type declarations.
src/memory/RealLangroidMemory.ts(87,9): error TS2353: Object literal may only specify known properties, and 'maxSizeBytes' does not exist in type 'Partial<LogContext>'.
src/memory/RealLangroidMemory.ts(113,57): error TS2353: Object literal may only specify known properties, and 'key' does not exist in type 'Partial<LogContext>'.
src/memory/RealLangroidMemory.ts(144,9): error TS2353: Object literal may only specify known properties, and 'key' does not exist in type 'Partial<LogContext>'.
src/memory/RealLangroidMemory.ts(153,52): error TS2353: Object literal may only specify known properties, and 'key' does not exist in type 'Partial<LogContext>'.
src/memory/RealLangroidMemory.ts(167,42): error TS2353: Object literal may only specify known properties, and 'key' does not exist in type 'Partial<LogContext>'.
src/memory/RealLangroidMemory.ts(175,51): error TS2353: Object literal may only specify known properties, and 'key' does not exist in type 'Partial<LogContext>'.
src/memory/RealLangroidMemory.ts(182,39): error TS2353: Object literal may only specify known properties, and 'key' does not exist in type 'Partial<LogContext>'.
src/memory/RealLangroidMemory.ts(211,7): error TS2353: Object literal may only specify known properties, and 'key' does not exist in type 'Partial<LogContext>'.
src/memory/RealLangroidMemory.ts(231,64): error TS2353: Object literal may only specify known properties, and 'sourceKey' does not exist in type 'Partial<LogContext>'.
src/memory/RealLangroidMemory.ts(240,11): error TS2353: Object literal may only specify known properties, and 'sourceKey' does not exist in type 'Partial<LogContext>'.
src/memory/RealLangroidMemory.ts(251,9): error TS2353: Object literal may only specify known properties, and 'sourceKey' does not exist in type 'Partial<LogContext>'.
src/memory/RealLangroidMemory.ts(303,60): error TS2353: Object literal may only specify known properties, and 'principalityId' does not exist in type 'Partial<LogContext>'.
src/memory/RealLangroidMemory.ts(311,55): error TS2353: Object literal may only specify known properties, and 'principalityId' does not exist in type 'Partial<LogContext>'.
src/memory/RealLangroidMemory.ts(377,7): error TS2353: Object literal may only specify known properties, and 'principalityId' does not exist in type 'Partial<LogContext>'.
src/memory/RealLangroidMemory.ts(416,57): error TS2353: Object literal may only specify known properties, and 'cleaned' does not exist in type 'Partial<LogContext>'.
src/memory/security/MemoryEncryption.ts(5,15): error TS2307: Cannot find module './MemoryEncryptionFacade' or its corresponding type declarations.
src/memory/sharing/broadcaster-fsm/components/MessageProcessor.ts(2,46): error TS2307: Cannot find module '../SharedMemoryBus' or its corresponding type declarations.
src/memory/sharing/broadcaster-fsm/core/BroadcasterFacade.ts(2,46): error TS2307: Cannot find module '../SharedMemoryBus' or its corresponding type declarations.
src/memory/sharing/broadcaster-fsm/core/BroadcasterFacade.ts(22,14): error TS2415: Class 'BroadcasterFacade' incorrectly extends base class 'import("C:/Users/17175/Desktop/spek template/node_modules/@types/node/events.d.ts")<DefaultEventMap>'.
  Property 'initialize' is private in type 'BroadcasterFacade' but not in type 'import("C:/Users/17175/Desktop/spek template/node_modules/@types/node/events.d.ts")<DefaultEventMap>'.
src/memory/sharing/broadcaster-fsm/states/BroadcasterStateMachine.ts(21,14): error TS2420: Class 'BroadcasterStateMachineImpl' incorrectly implements interface 'BroadcasterStateMachine'.
  Type 'BroadcasterStateMachineImpl' is missing the following properties from type 'BroadcasterStateMachine': currentState, context
src/memory/sharing/broadcaster-fsm/types/BroadcasterTypes.ts(2,29): error TS2307: Cannot find module '../SharedMemoryBus' or its corresponding type declarations.
src/memory/sharing/MemoryVersionController.ts(63,5): error TS2322: Type 'void' is not assignable to type 'number'.
src/memory/sharing/MemoryVersionController.ts(63,18): error TS2722: Cannot invoke an object which is possibly 'undefined'.
src/memory/sharing/subscriber-fsm/SubscriberFSMFacade.ts(37,11): error TS2416: Property 'initialize' in type 'SubscriberFSMFacade' is not assignable to the same property in base type 'import("C:/Users/17175/Desktop/spek template/node_modules/@types/node/events.d.ts")<DefaultEventMap>'.
  Type '() => void' is not assignable to type '() => Promise<void>'.
    Type 'void' is not assignable to type 'Promise<void>'.
src/memory/sync/DistributedMemorySync.ts(84,5): error TS2322: Type 'Promise<boolean>' is not assignable to type 'boolean'.
src/memory/sync/fsm/states/SyncingState.ts(171,64): error TS2345: Argument of type 'Map<string, unknown>' is not assignable to parameter of type 'Map<string, MemoryEntry>'.
  Type 'unknown' is not assignable to type 'MemoryEntry'.
src/memory/version/components/VersionStore.ts(70,5): error TS18048: 'keyVersions' is possibly 'undefined'.
src/memory/version/components/VersionStore.ts(73,9): error TS18048: 'keyVersions' is possibly 'undefined'.
src/memory/version/components/VersionTracker.ts(27,59): error TS2339: Property 'partitionId' does not exist on type 'VersionInfo'.
src/memory/version/core/MemoryVersionFacade.ts(23,11): error TS2564: Property 'fsm' has no initializer and is not definitely assigned in the constructor.
src/memory/version/core/MemoryVersionFacade.ts(24,11): error TS2564: Property 'tracker' has no initializer and is not definitely assigned in the constructor.
src/memory/version/core/MemoryVersionFacade.ts(25,11): error TS2564: Property 'store' has no initializer and is not definitely assigned in the constructor.
src/memory/version/core/MemoryVersionFacade.ts(26,11): error TS2564: Property 'cleaner' has no initializer and is not definitely assigned in the constructor.
src/memory/version/core/MemoryVersionFacade.ts(27,11): error TS2564: Property 'snapshots' has no initializer and is not definitely assigned in the constructor.
src/memory/version/core/MemoryVersionFacade.ts(136,11): error TS2722: Cannot invoke an object which is possibly 'undefined'.
src/metrics/SixSigmaMetrics.ts(7,21): error TS2459: Module '"../../types/base/primitives"' declares 'Milliseconds' locally, but it is not exported.
src/migration/alerting/AlertManager.ts(5,15): error TS2307: Cannot find module './AlertManagerFacade' or its corresponding type declarations.
src/migration/core/ActivationEngine.ts(14,3): error TS2305: Module '"./types/FallbackChainTypes"' has no exported member 'ActivationHistoryFilters'.
src/migration/core/ActivationEngine.ts(17,14): error TS2415: Class 'ActivationEngine' incorrectly extends base class 'import("C:/Users/17175/Desktop/spek template/node_modules/@types/node/events.d.ts")<DefaultEventMap>'.
  Property 'logger' is private in type 'ActivationEngine' but not in type 'import("C:/Users/17175/Desktop/spek template/node_modules/@types/node/events.d.ts")<DefaultEventMap>'.
src/migration/core/ActivationEngine.ts(43,47): error TS2353: Object literal may only specify known properties, and 'protocolId' does not exist in type 'Partial<LogContext>'.
src/migration/core/ActivationEngine.ts(80,54): error TS2345: Argument of type 'unknown' is not assignable to parameter of type 'Error'.
src/migration/core/ActivationEngine.ts(90,49): error TS2353: Object literal may only specify known properties, and 'protocolId' does not exist in type 'Partial<LogContext>'.
src/migration/core/ActivationEngine.ts(117,9): error TS2353: Object literal may only specify known properties, and 'protocolId' does not exist in type 'Partial<LogContext>'.
src/migration/core/ActivationEngine.ts(244,7): error TS2353: Object literal may only specify known properties, and 'protocolId' does not exist in type 'Partial<LogContext>'.
src/migration/core/ActivationEngine.ts(258,7): error TS2353: Object literal may only specify known properties, and 'protocolId' does not exist in type 'Partial<LogContext>'.
src/migration/core/builders/ChainBuilder.ts(7,10): error TS2305: Module '"../factories/ProtocolFactory"' has no exported member 'ProtocolFactory'.
src/migration/core/builders/ChainBuilder.ts(27,51): error TS2353: Object literal may only specify known properties, and 'sourceVersion' does not exist in type 'Partial<LogContext>'.
src/migration/core/core/TransitionHub.ts(9,14): error TS2415: Class 'TransitionHub' incorrectly extends base class 'import("C:/Users/17175/Desktop/spek template/node_modules/@types/node/events.d.ts")<DefaultEventMap>'.
  Property 'logger' is private in type 'TransitionHub' but not in type 'import("C:/Users/17175/Desktop/spek template/node_modules/@types/node/events.d.ts")<DefaultEventMap>'.
src/migration/core/core/TransitionHub.ts(27,49): error TS2353: Object literal may only specify known properties, and 'event' does not exist in type 'Partial<LogContext>'.
src/migration/core/core/TransitionHub.ts(39,9): error TS2353: Object literal may only specify known properties, and 'event' does not exist in type 'Partial<LogContext>'.
src/migration/core/core/TransitionHub.ts(54,7): error TS2353: Object literal may only specify known properties, and 'from' does not exist in type 'Partial<LogContext>'.
src/migration/core/core/TransitionHub.ts(78,9): error TS2353: Object literal may only specify known properties, and 'context' does not exist in type 'Partial<LogContext>'.
src/migration/core/core/TransitionHub.ts(195,7): error TS2353: Object literal may only specify known properties, and 'event' does not exist in type 'Partial<LogContext>'.
src/migration/core/core/TransitionHub.ts(210,7): error TS2353: Object literal may only specify known properties, and 'event' does not exist in type 'Partial<LogContext>'.
src/migration/core/factories/ProtocolFactory.ts(5,15): error TS2307: Cannot find module './ProtocolFactoryFacade' or its corresponding type declarations.
src/migration/core/FallbackChainFacade.ts(20,3): error TS2305: Module '"./types/FallbackChainTypes"' has no exported member 'ProtocolHealth'.
src/migration/core/FallbackChainFacade.ts(21,3): error TS2305: Module '"./types/FallbackChainTypes"' has no exported member 'ChainHealthStatus'.
src/migration/core/FallbackChainFacade.ts(22,3): error TS2305: Module '"./types/FallbackChainTypes"' has no exported member 'TestResult'.
src/migration/core/FallbackChainFacade.ts(23,3): error TS2305: Module '"./types/FallbackChainTypes"' has no exported member 'TestOptions'.
src/migration/core/FallbackChainFacade.ts(25,3): error TS2305: Module '"./types/FallbackChainTypes"' has no exported member 'ActivationHistoryFilters'.
src/migration/core/FallbackChainFacade.ts(32,14): error TS2415: Class 'FallbackChainFacade' incorrectly extends base class 'import("C:/Users/17175/Desktop/spek template/node_modules/@types/node/events.d.ts")<DefaultEventMap>'.
  Property 'logger' is private in type 'FallbackChainFacade' but not in type 'import("C:/Users/17175/Desktop/spek template/node_modules/@types/node/events.d.ts")<DefaultEventMap>'.
src/migration/core/FallbackChainFacade.ts(65,51): error TS2353: Object literal may only specify known properties, and 'sourceVersion' does not exist in type 'Partial<LogContext>'.
src/migration/core/FallbackChainFacade.ts(67,5): error TS2740: Type 'FallbackChain' is missing the following properties from type 'FallbackProtocol[]': length, pop, push, concat, and 29 more.
src/migration/core/FallbackChainFacade.ts(79,48): error TS2353: Object literal may only specify known properties, and 'protocolId' does not exist in type 'Partial<LogContext>'.
src/migration/core/FallbackChainFacade.ts(94,47): error TS2353: Object literal may only specify known properties, and 'protocolId' does not exist in type 'Partial<LogContext>'.
src/migration/core/FallbackChainFacade.ts(104,49): error TS2353: Object literal may only specify known properties, and 'protocolId' does not exist in type 'Partial<LogContext>'.
src/migration/core/FallbackChainFacade.ts(114,31): error TS2339: Property 'getProtocolHealth' does not exist on type 'HealthMonitor'.
src/migration/core/FallbackChainFacade.ts(122,31): error TS2339: Property 'getChainHealth' does not exist on type 'HealthMonitor'.
src/migration/core/FallbackChainFacade.ts(133,50): error TS2353: Object literal may only specify known properties, and 'chainId' does not exist in type 'Partial<LogContext>'.
src/migration/core/FallbackChainFacade.ts(159,30): error TS2339: Property 'getRegisteredChains' does not exist on type 'ChainBuilder'.
src/migration/core/FallbackChainFacade.ts(184,37): error TS2339: Property 'getChainCount' does not exist on type 'ChainBuilder'.
src/migration/core/FallbackChainFacade.ts(196,5): error TS2722: Cannot invoke an object which is possibly 'undefined'.
src/migration/core/FallbackChainFSM.ts(8,39): error TS2307: Cannot find module './states/AnalyzingStateHandler' or its corresponding type declarations.
src/migration/core/FallbackChainFSM.ts(9,40): error TS2307: Cannot find module './states/ActivatingStateHandler' or its corresponding type declarations.
src/migration/core/FallbackChainFSM.ts(10,36): error TS2307: Cannot find module './states/ActiveStateHandler' or its corresponding type declarations.
src/migration/core/FallbackChainFSM.ts(11,41): error TS2307: Cannot find module './states/FailingOverStateHandler' or its corresponding type declarations.
src/migration/core/FallbackChainFSM.ts(12,40): error TS2307: Cannot find module './states/RecoveringStateHandler' or its corresponding type declarations.
src/migration/core/FallbackChainFSM.ts(13,38): error TS2307: Cannot find module './core/FallbackErrorHandler' or its corresponding type declarations.
src/migration/core/FallbackChainFSM.ts(14,41): error TS2307: Cannot find module './core/FallbackTransitionGuard' or its corresponding type declarations.
src/migration/core/FallbackChainFSM.ts(107,40): error TS2345: Argument of type 'unknown' is not assignable to parameter of type 'Error'.
src/migration/core/FallbackChainManager.ts(27,3): error TS2305: Module '"./types/FallbackChainTypes"' has no exported member 'ProtocolHealth'.
src/migration/core/FallbackChainManager.ts(28,3): error TS2305: Module '"./types/FallbackChainTypes"' has no exported member 'ChainHealthStatus'.
src/migration/core/FallbackChainManager.ts(29,3): error TS2305: Module '"./types/FallbackChainTypes"' has no exported member 'TestOptions'.
src/migration/core/FallbackChainManager.ts(30,3): error TS2305: Module '"./types/FallbackChainTypes"' has no exported member 'TestResult'.
src/migration/core/FallbackChainManager.ts(31,3): error TS2305: Module '"./types/FallbackChainTypes"' has no exported member 'ProtocolTestResult'.
src/migration/core/FallbackChainManager.ts(32,3): error TS2305: Module '"./types/FallbackChainTypes"' has no exported member 'ActivationHistoryFilters'.
src/migration/core/FallbackChainManager.ts(99,34): error TS2345: Argument of type 'Function' is not assignable to parameter of type '(...args: any[]) => void'.
  Type 'Function' provides no match for the signature '(...args: any[]): void'.
src/migration/core/MigrationOrchestrator.ts(102,14): error TS2415: Class 'MigrationOrchestrator' incorrectly extends base class 'import("C:/Users/17175/Desktop/spek template/node_modules/@types/node/events.d.ts")<DefaultEventMap>'.
  Property 'logger' is private in type 'MigrationOrchestrator' but not in type 'import("C:/Users/17175/Desktop/spek template/node_modules/@types/node/events.d.ts")<DefaultEventMap>'.
src/migration/core/MigrationOrchestrator.ts(116,10): error TS2339: Property 'initializeDefaultExecutors' does not exist on type 'MigrationOrchestrator'.
src/migration/core/MigrationOrchestrator.ts(117,10): error TS2339: Property 'initializeDefaultValidators' does not exist on type 'MigrationOrchestrator'.
src/migration/core/MigrationOrchestratorFSM.ts(5,15): error TS2307: Cannot find module './MigrationOrchestratorFSMFacade' or its corresponding type declarations.
src/migration/core/MigrationPlanner-fsm/MigrationPlannerCore.ts(5,15): error TS2307: Cannot find module './MigrationPlannerCoreFacade' or its corresponding type declarations.
src/migration/core/MigrationPlanner-fsm/MigrationPlannerFacade.ts(4,10): error TS2305: Module '"./MigrationPlannerCore"' has no exported member 'MigrationPlannerCore'.
src/migration/core/MigrationPlanner-fsm/MigrationPlannerFacade.ts(18,29): error TS2345: Argument of type '"START"' is not assignable to parameter of type 'MigrationPlannerEvents'.
src/migration/core/MigrationPlanner-fsm/MigrationPlannerFacade.ts(20,29): error TS2345: Argument of type '"COMPLETE"' is not assignable to parameter of type 'MigrationPlannerEvents'.
src/migration/core/MigrationPlanner-fsm/MigrationPlannerTypes.ts(9,11): error TS2304: Cannot find name 'MigrationStrategy'.
src/migration/core/MigrationPlanner-fsm/MigrationPlannerTypes.ts(11,19): error TS2304: Cannot find name 'RollbackStrategy'.
src/migration/core/MigrationPlanner-fsm/MigrationPlannerTypes.ts(12,18): error TS2304: Cannot find name 'ValidationRule'.
src/migration/core/MigrationPlanner-fsm/MigrationPlannerTypes.ts(13,11): error TS2304: Cannot find name 'MigrationTimeline'.
src/migration/core/MigrationPlanner-fsm/MigrationPlannerTypes.ts(14,17): error TS2304: Cannot find name 'RiskAssessment'.
src/migration/core/MigrationPlanner-fsm/MigrationPlannerTypes.ts(15,16): error TS2304: Cannot find name 'FallbackProtocol'.
src/migration/core/MigrationPlanner-fsm/MigrationPlannerTypes.ts(16,15): error TS2304: Cannot find name 'MigrationDependency'.
src/migration/core/MigrationPlanner-fsm/MigrationPlannerTypes.ts(35,14): error TS2304: Cannot find name 'RetryPolicy'.
src/migration/core/MigrationPlanner-fsm/MigrationPlannerTypes.ts(36,19): error TS2304: Cannot find name 'ValidationCheck'.
src/migration/core/monitoring/HealthMonitor.ts(8,14): error TS2415: Class 'HealthMonitor' incorrectly extends base class 'import("C:/Users/17175/Desktop/spek template/node_modules/@types/node/events.d.ts")<DefaultEventMap>'.
  Property 'logger' is private in type 'HealthMonitor' but not in type 'import("C:/Users/17175/Desktop/spek template/node_modules/@types/node/events.d.ts")<DefaultEventMap>'.
src/migration/core/monitoring/HealthMonitor.ts(35,57): error TS2353: Object literal may only specify known properties, and 'protocolId' does not exist in type 'Partial<LogContext>'.
src/migration/core/monitoring/HealthMonitor.ts(53,9): error TS2393: Duplicate function implementation.
src/migration/core/monitoring/HealthMonitor.ts(54,60): error TS2353: Object literal may only specify known properties, and 'protocolId' does not exist in type 'Partial<LogContext>'.
src/migration/core/monitoring/HealthMonitor.ts(71,9): error TS2393: Duplicate function implementation.
src/migration/core/monitoring/HealthMonitor.ts(72,60): error TS2353: Object literal may only specify known properties, and 'protocolId' does not exist in type 'Partial<LogContext>'.
src/migration/core/monitoring/HealthMonitor.ts(85,50): error TS2353: Object literal may only specify known properties, and 'chainId' does not exist in type 'Partial<LogContext>'.
src/migration/core/monitoring/HealthMonitor.ts(104,41): error TS2353: Object literal may only specify known properties, and 'chainId' does not exist in type 'Partial<LogContext>'.
src/migration/core/monitoring/HealthMonitor.ts(127,3): error TS2393: Duplicate function implementation.
src/migration/core/monitoring/HealthMonitor.ts(137,3): error TS2393: Duplicate function implementation.
src/migration/core/monitoring/HealthMonitor.ts(174,7): error TS2353: Object literal may only specify known properties, and 'interval' does not exist in type 'Partial<LogContext>'.
src/migration/core/monitoring/HealthMonitor.ts(192,11): error TS2353: Object literal may only specify known properties, and 'protocolId' does not exist in type 'Partial<LogContext>'.
src/migration/core/ProtocolRegistry.ts(9,14): error TS2415: Class 'ProtocolRegistry' incorrectly extends base class 'import("C:/Users/17175/Desktop/spek template/node_modules/@types/node/events.d.ts")<DefaultEventMap>'.
  Property 'logger' is private in type 'ProtocolRegistry' but not in type 'import("C:/Users/17175/Desktop/spek template/node_modules/@types/node/events.d.ts")<DefaultEventMap>'.
src/migration/core/ProtocolRegistry.ts(42,7): error TS2353: Object literal may only specify known properties, and 'protocolId' does not exist in type 'Partial<LogContext>'.
src/migration/core/ProtocolRegistry.ts(62,49): error TS2353: Object literal may only specify known properties, and 'protocolId' does not exist in type 'Partial<LogContext>'.
src/migration/core/ProtocolRegistry.ts(142,55): error TS2353: Object literal may only specify known properties, and 'protocolId' does not exist in type 'Partial<LogContext>'.
src/migration/core/ProtocolVersionManager-fsm/ProtocolVersionManagerCore.ts(5,15): error TS2307: Cannot find module './ProtocolVersionManagerCoreFacade' or its corresponding type declarations.
src/migration/core/ProtocolVersionManager-fsm/ProtocolVersionManagerFacade.ts(4,10): error TS2305: Module '"./ProtocolVersionManagerCore"' has no exported member 'ProtocolVersionManagerCore'.
src/migration/core/ProtocolVersionManager-fsm/ProtocolVersionManagerFacade.ts(18,29): error TS2345: Argument of type '"START"' is not assignable to parameter of type 'ProtocolVersionManagerEvents'.
src/migration/core/ProtocolVersionManager-fsm/ProtocolVersionManagerFacade.ts(20,29): error TS2345: Argument of type '"COMPLETE"' is not assignable to parameter of type 'ProtocolVersionManagerEvents'.
src/migration/core/ProtocolVersionManager-fsm/ProtocolVersionManagerTypes.ts(15,15): error TS2304: Cannot find name 'VersionDependency'.
src/migration/core/ProtocolVersionManager-fsm/ProtocolVersionManagerTypes.ts(16,16): error TS2304: Cannot find name 'CompatibilityInfo'.
src/migration/core/ProtocolVersionManager-fsm/ProtocolVersionManagerTypes.ts(17,15): error TS2304: Cannot find name 'Deprecation'.
src/migration/core/ProtocolVersionManager-fsm/ProtocolVersionManagerTypes.ts(18,11): error TS2304: Cannot find name 'SecurityInfo'.
src/migration/core/RealProtocolMigrator.ts(5,15): error TS2307: Cannot find module './RealProtocolMigratorFacade' or its corresponding type declarations.
src/migration/core/states/FallbackStateMachine.ts(10,14): error TS2415: Class 'FallbackStateMachine' incorrectly extends base class 'import("C:/Users/17175/Desktop/spek template/node_modules/@types/node/events.d.ts")<DefaultEventMap>'.
  Property 'logger' is private in type 'FallbackStateMachine' but not in type 'import("C:/Users/17175/Desktop/spek template/node_modules/@types/node/events.d.ts")<DefaultEventMap>'.
src/migration/core/states/FallbackStateMachine.ts(34,7): error TS2353: Object literal may only specify known properties, and 'initialState' does not exist in type 'Partial<LogContext>'.
src/migration/core/states/FallbackStateMachine.ts(115,9): error TS2353: Object literal may only specify known properties, and 'from' does not exist in type 'Partial<LogContext>'.
src/migration/core/states/FallbackStateMachine.ts(126,9): error TS2353: Object literal may only specify known properties, and 'from' does not exist in type 'Partial<LogContext>'.
src/migration/core/states/FallbackStateMachine.ts(134,51): error TS2345: Argument of type 'unknown' is not assignable to parameter of type 'Error'.
src/migration/core/types/FallbackTypes.ts(74,3): error TS2693: 'ActivationGuards' only refers to a type, but is being used as a value here.
src/migration/core/types/FallbackTypes.ts(75,3): error TS2693: 'TransitionContext' only refers to a type, but is being used as a value here.
src/migration/core/types/FallbackTypes.ts(76,3): error TS2693: 'StateInvariants' only refers to a type, but is being used as a value here.
src/migration/core/types/FallbackTypes.ts(77,3): error TS2693: 'ErrorRecoveryPattern' only refers to a type, but is being used as a value here.
src/migration/core/validators/ActivationValidator.ts(19,48): error TS2353: Object literal may only specify known properties, and 'protocolId' does not exist in type 'Partial<LogContext>'.
src/migration/core/validators/ActivationValidator.ts(48,7): error TS2353: Object literal may only specify known properties, and 'protocolId' does not exist in type 'Partial<LogContext>'.
src/migration/core/validators/ActivationValidator.ts(62,7): error TS2353: Object literal may only specify known properties, and 'protocolId' does not exist in type 'Partial<LogContext>'.
src/migration/dashboard/aggregators/DashboardDataAggregator.ts(7,10): error TS2305: Module '"../../monitoring/MigrationMonitor"' has no exported member 'MigrationMetrics'.
src/migration/dashboard/aggregators/DashboardDataAggregator.ts(7,28): error TS2305: Module '"../../monitoring/MigrationMonitor"' has no exported member 'AggregatedMetrics'.
src/migration/dashboard/core/DashboardCore.ts(8,10): error TS2305: Module '"../../monitoring/MigrationMonitor"' has no exported member 'MigrationMonitor'.
src/migration/dashboard/core/DashboardCore.ts(8,28): error TS2305: Module '"../../monitoring/MigrationMonitor"' has no exported member 'MigrationMetrics'.
src/migration/dashboard/core/DashboardCore.ts(8,46): error TS2305: Module '"../../monitoring/MigrationMonitor"' has no exported member 'MigrationHealthCheck'.
src/migration/dashboard/core/DashboardCore.ts(9,10): error TS2305: Module '"../../alerting/AlertManager"' has no exported member 'AlertManager'.
src/migration/dashboard/core/DashboardCore.ts(9,24): error TS2305: Module '"../../alerting/AlertManager"' has no exported member 'Alert'.
src/migration/dashboard/core/DashboardCore.ts(314,21): error TS2769: No overload matches this call.
  Overload 1 of 2, '(timeout: string | number | Timeout | undefined): void', gave the following error.
    Argument of type 'Timer' is not assignable to parameter of type 'string | number | Timeout | undefined'.
      Type 'Timer' is missing the following properties from type 'Timeout': close, _onTimeout, [Symbol.dispose]
  Overload 2 of 2, '(id: number | undefined): void', gave the following error.
    Argument of type 'Timer' is not assignable to parameter of type 'number'.
src/migration/dashboard/core/DashboardCore.ts(327,21): error TS2769: No overload matches this call.
  Overload 1 of 2, '(timeout: string | number | Timeout | undefined): void', gave the following error.
    Argument of type 'Timer' is not assignable to parameter of type 'string | number | Timeout | undefined'.
      Type 'Timer' is missing the following properties from type 'Timeout': close, _onTimeout, [Symbol.dispose]
  Overload 2 of 2, '(id: number | undefined): void', gave the following error.
    Argument of type 'Timer' is not assignable to parameter of type 'number'.
src/migration/dashboard/facade/DashboardFacade.ts(13,10): error TS2305: Module '"../../monitoring/MigrationMonitor"' has no exported member 'MigrationMonitor'.
src/migration/dashboard/facade/DashboardFacade.ts(14,10): error TS2305: Module '"../../alerting/AlertManager"' has no exported member 'AlertManager'.
src/migration/dashboard/facade/DashboardFacade.ts(402,5): error TS2722: Cannot invoke an object which is possibly 'undefined'.
src/migration/dashboard/fsm/DashboardStateMachine.ts(269,21): error TS2769: No overload matches this call.
  Overload 1 of 2, '(timeout: string | number | Timeout | undefined): void', gave the following error.
    Argument of type 'Timer' is not assignable to parameter of type 'string | number | Timeout | undefined'.
      Type 'Timer' is missing the following properties from type 'Timeout': close, _onTimeout, [Symbol.dispose]
  Overload 2 of 2, '(id: number | undefined): void', gave the following error.
    Argument of type 'Timer' is not assignable to parameter of type 'number'.
src/migration/dashboard/MigrationDashboard.ts(12,10): error TS2305: Module '"../monitoring/MigrationMonitor"' has no exported member 'MigrationMonitor'.
src/migration/dashboard/MigrationDashboard.ts(12,28): error TS2305: Module '"../monitoring/MigrationMonitor"' has no exported member 'MigrationMetrics'.
src/migration/dashboard/MigrationDashboard.ts(12,46): error TS2305: Module '"../monitoring/MigrationMonitor"' has no exported member 'MigrationHealthCheck'.
src/migration/dashboard/MigrationDashboard.ts(12,68): error TS2305: Module '"../monitoring/MigrationMonitor"' has no exported member 'AggregatedMetrics'.
src/migration/dashboard/MigrationDashboard.ts(13,10): error TS2305: Module '"../alerting/AlertManager"' has no exported member 'AlertManager'.
src/migration/dashboard/MigrationDashboard.ts(13,24): error TS2305: Module '"../alerting/AlertManager"' has no exported member 'Alert'.
src/migration/dashboard/MigrationDashboard.ts(131,5): error TS2722: Cannot invoke an object which is possibly 'undefined'.
src/migration/dashboard/renderers/WidgetRenderer.ts(7,10): error TS2305: Module '"../../monitoring/MigrationMonitor"' has no exported member 'MigrationMetrics'.
src/migration/dashboard/renderers/WidgetRenderer.ts(7,28): error TS2305: Module '"../../monitoring/MigrationMonitor"' has no exported member 'MigrationHealthCheck'.
src/migration/dashboard/types/DashboardTypes.ts(6,10): error TS2305: Module '"../../monitoring/MigrationMonitor"' has no exported member 'MigrationMetrics'.
src/migration/dashboard/types/DashboardTypes.ts(6,28): error TS2305: Module '"../../monitoring/MigrationMonitor"' has no exported member 'MigrationHealthCheck'.
src/migration/dashboard/types/DashboardTypes.ts(6,50): error TS2305: Module '"../../monitoring/MigrationMonitor"' has no exported member 'AggregatedMetrics'.
src/migration/dashboard/types/DashboardTypes.ts(7,10): error TS2305: Module '"../../alerting/AlertManager"' has no exported member 'Alert'.
src/migration/fallback/FallbackProtocolManager.ts(9,10): error TS2305: Module '"../core/factories/ProtocolFactory"' has no exported member 'ProtocolFactory'.
src/migration/fallback/FallbackProtocolManager.ts(45,14): error TS2415: Class 'FallbackProtocolManager' incorrectly extends base class 'import("C:/Users/17175/Desktop/spek template/node_modules/@types/node/events.d.ts")<DefaultEventMap>'.
  Property 'logger' is private in type 'FallbackProtocolManager' but not in type 'import("C:/Users/17175/Desktop/spek template/node_modules/@types/node/events.d.ts")<DefaultEventMap>'.
src/migration/fallback/FallbackProtocolManager.ts(86,57): error TS2353: Object literal may only specify known properties, and 'protocolId' does not exist in type 'Partial<LogContext>'.
src/migration/fallback/FallbackProtocolManager.ts(148,58): error TS2353: Object literal may only specify known properties, and 'protocolId' does not exist in type 'Partial<LogContext>'.
src/migration/fallback/FallbackProtocolManager.ts(161,9): error TS2353: Object literal may only specify known properties, and 'protocolId' does not exist in type 'Partial<LogContext>'.
src/migration/fallback/FallbackProtocolManager.ts(184,36): error TS2339: Property 'getProtocolHealth' does not exist on type 'HealthMonitor'.
src/migration/fallback/FallbackProtocolManager.ts(198,36): error TS2339: Property 'getProtocolHealth' does not exist on type 'HealthMonitor'.
src/migration/fallback/FallbackProtocolManager.ts(263,7): error TS2353: Object literal may only specify known properties, and 'protocolId' does not exist in type 'Partial<LogContext>'.
src/migration/fsm/guards/MigrationGuards.ts(5,15): error TS2307: Cannot find module './facade' or its corresponding type declarations.
src/migration/fsm/states/CompletedState.ts(22,7): error TS2353: Object literal may only specify known properties, and 'executionId' does not exist in type 'Partial<LogContext>'.
src/migration/fsm/states/CompletedState.ts(46,7): error TS2353: Object literal may only specify known properties, and 'executionId' does not exist in type 'Partial<LogContext>'.
src/migration/fsm/states/CompletedState.ts(94,7): error TS2353: Object literal may only specify known properties, and 'executionId' does not exist in type 'Partial<LogContext>'.
src/migration/fsm/states/CompletedState.ts(175,7): error TS2353: Object literal may only specify known properties, and 'executionId' does not exist in type 'Partial<LogContext>'.
src/migration/fsm/states/CompletedState.ts(319,9): error TS2353: Object literal may only specify known properties, and 'executionId' does not exist in type 'Partial<LogContext>'.
src/migration/fsm/states/CompletedState.ts(325,9): error TS2353: Object literal may only specify known properties, and 'executionId' does not exist in type 'Partial<LogContext>'.
src/migration/fsm/states/CompletedState.ts(350,7): error TS2353: Object literal may only specify known properties, and 'executionId' does not exist in type 'Partial<LogContext>'.
src/migration/fsm/states/CompletedState.ts(372,7): error TS2353: Object literal may only specify known properties, and 'executionId' does not exist in type 'Partial<LogContext>'.
src/migration/fsm/states/ExecutingPhaseState.ts(26,7): error TS2353: Object literal may only specify known properties, and 'executionId' does not exist in type 'Partial<LogContext>'.
src/migration/fsm/states/ExecutingPhaseState.ts(49,7): error TS2353: Object literal may only specify known properties, and 'executionId' does not exist in type 'Partial<LogContext>'.
src/migration/fsm/states/ExecutingPhaseState.ts(120,7): error TS2353: Object literal may only specify known properties, and 'executionId' does not exist in type 'Partial<LogContext>'.
src/migration/fsm/states/ExecutingPhaseState.ts(148,7): error TS2353: Object literal may only specify known properties, and 'executionId' does not exist in type 'Partial<LogContext>'.
src/migration/fsm/states/ExecutingPhaseState.ts(175,7): error TS2353: Object literal may only specify known properties, and 'executionId' does not exist in type 'Partial<LogContext>'.
src/migration/fsm/states/ExecutingPhaseState.ts(194,9): error TS2353: Object literal may only specify known properties, and 'executionId' does not exist in type 'Partial<LogContext>'.
src/migration/fsm/states/ExecutingPhaseState.ts(201,9): error TS2353: Object literal may only specify known properties, and 'executionId' does not exist in type 'Partial<LogContext>'.
src/migration/fsm/states/ExecutingPhaseState.ts(311,7): error TS2353: Object literal may only specify known properties, and 'executionId' does not exist in type 'Partial<LogContext>'.
src/migration/fsm/states/ExecutingPhaseState.ts(341,7): error TS2353: Object literal may only specify known properties, and 'executionId' does not exist in type 'Partial<LogContext>'.
src/migration/fsm/states/ExecutingStepState.ts(29,7): error TS2353: Object literal may only specify known properties, and 'executionId' does not exist in type 'Partial<LogContext>'.
src/migration/fsm/states/ExecutingStepState.ts(52,7): error TS2353: Object literal may only specify known properties, and 'executionId' does not exist in type 'Partial<LogContext>'.
src/migration/fsm/states/ExecutingStepState.ts(131,7): error TS2353: Object literal may only specify known properties, and 'executionId' does not exist in type 'Partial<LogContext>'.
src/migration/fsm/states/ExecutingStepState.ts(153,7): error TS2353: Object literal may only specify known properties, and 'executionId' does not exist in type 'Partial<LogContext>'.
src/migration/fsm/states/ExecutingStepState.ts(172,9): error TS2353: Object literal may only specify known properties, and 'executionId' does not exist in type 'Partial<LogContext>'.
src/migration/fsm/states/ExecutingStepState.ts(179,9): error TS2353: Object literal may only specify known properties, and 'executionId' does not exist in type 'Partial<LogContext>'.
src/migration/fsm/states/ExecutingStepState.ts(208,9): error TS2353: Object literal may only specify known properties, and 'executionId' does not exist in type 'Partial<LogContext>'.
src/migration/fsm/states/ExecutingStepState.ts(215,51): error TS2345: Argument of type 'unknown' is not assignable to parameter of type 'Error | undefined'.
src/migration/fsm/states/ExecutingStepState.ts(290,7): error TS2353: Object literal may only specify known properties, and 'executionId' does not exist in type 'Partial<LogContext>'.
src/migration/fsm/states/ExecutingStepState.ts(347,7): error TS2353: Object literal may only specify known properties, and 'executionId' does not exist in type 'Partial<LogContext>'.
src/migration/fsm/states/ExecutingStepState.ts(394,7): error TS2353: Object literal may only specify known properties, and 'executionId' does not exist in type 'Partial<LogContext>'.
src/migration/fsm/states/ExecutingStepState.ts(409,7): error TS2353: Object literal may only specify known properties, and 'executionId' does not exist in type 'Partial<LogContext>'.
src/migration/fsm/states/FailedState.ts(5,15): error TS2307: Cannot find module './FailedStateFacade' or its corresponding type declarations.
src/migration/fsm/states/IdleState.ts(22,7): error TS2353: Object literal may only specify known properties, and 'executionId' does not exist in type 'Partial<LogContext>'.
src/migration/fsm/states/IdleState.ts(41,7): error TS2353: Object literal may only specify known properties, and 'executionId' does not exist in type 'Partial<LogContext>'.
src/migration/fsm/states/IdleState.ts(90,7): error TS2353: Object literal may only specify known properties, and 'executionId' does not exist in type 'Partial<LogContext>'.
src/migration/fsm/states/IdleState.ts(114,7): error TS2353: Object literal may only specify known properties, and 'executionId' does not exist in type 'Partial<LogContext>'.
src/migration/fsm/states/IdleState.ts(128,7): error TS2353: Object literal may only specify known properties, and 'executionId' does not exist in type 'Partial<LogContext>'.
src/migration/fsm/states/IdleState.ts(153,7): error TS2353: Object literal may only specify known properties, and 'executionId' does not exist in type 'Partial<LogContext>'.
src/migration/fsm/states/IdleState.ts(194,7): error TS2353: Object literal may only specify known properties, and 'executionId' does not exist in type 'Partial<LogContext>'.
src/migration/fsm/states/IdleState.ts(204,7): error TS2353: Object literal may only specify known properties, and 'executionId' does not exist in type 'Partial<LogContext>'.
src/migration/fsm/states/IdleState.ts(230,9): error TS2353: Object literal may only specify known properties, and 'executionId' does not exist in type 'Partial<LogContext>'.
src/migration/fsm/states/IdleState.ts(256,9): error TS2353: Object literal may only specify known properties, and 'executionId' does not exist in type 'Partial<LogContext>'.
src/migration/fsm/states/RollingBackState.ts(29,7): error TS2353: Object literal may only specify known properties, and 'executionId' does not exist in type 'Partial<LogContext>'.
src/migration/fsm/states/RollingBackState.ts(49,7): error TS2353: Object literal may only specify known properties, and 'executionId' does not exist in type 'Partial<LogContext>'.
src/migration/fsm/states/RollingBackState.ts(72,9): error TS2353: Object literal may only specify known properties, and 'executionId' does not exist in type 'Partial<LogContext>'.
src/migration/fsm/states/RollingBackState.ts(109,9): error TS2353: Object literal may only specify known properties, and 'executionId' does not exist in type 'Partial<LogContext>'.
src/migration/fsm/states/RollingBackState.ts(126,7): error TS2353: Object literal may only specify known properties, and 'executionId' does not exist in type 'Partial<LogContext>'.
src/migration/fsm/states/RollingBackState.ts(246,7): error TS2353: Object literal may only specify known properties, and 'executionId' does not exist in type 'Partial<LogContext>'.
src/migration/fsm/states/RollingBackState.ts(258,9): error TS2353: Object literal may only specify known properties, and 'executionId' does not exist in type 'Partial<LogContext>'.
src/migration/fsm/states/RollingBackState.ts(264,7): error TS2353: Object literal may only specify known properties, and 'executionId' does not exist in type 'Partial<LogContext>'.
src/migration/fsm/states/RollingBackState.ts(285,7): error TS2353: Object literal may only specify known properties, and 'executionId' does not exist in type 'Partial<LogContext>'.
src/migration/fsm/states/RollingBackState.ts(298,9): error TS2353: Object literal may only specify known properties, and 'executionId' does not exist in type 'Partial<LogContext>'.
src/migration/fsm/states/RollingBackState.ts(303,49): error TS2345: Argument of type 'unknown' is not assignable to parameter of type 'Error'.
src/migration/fsm/states/RollingBackState.ts(355,7): error TS2353: Object literal may only specify known properties, and 'executionId' does not exist in type 'Partial<LogContext>'.
src/migration/fsm/states/RollingBackState.ts(431,7): error TS2353: Object literal may only specify known properties, and 'executionId' does not exist in type 'Partial<LogContext>'.
src/migration/fsm/states/RollingBackState.ts(456,7): error TS2353: Object literal may only specify known properties, and 'executionId' does not exist in type 'Partial<LogContext>'.
src/migration/fsm/states/ValidatingStepState.ts(29,7): error TS2353: Object literal may only specify known properties, and 'executionId' does not exist in type 'Partial<LogContext>'.
src/migration/fsm/states/ValidatingStepState.ts(49,7): error TS2353: Object literal may only specify known properties, and 'executionId' does not exist in type 'Partial<LogContext>'.
src/migration/fsm/states/ValidatingStepState.ts(73,9): error TS2353: Object literal may only specify known properties, and 'executionId' does not exist in type 'Partial<LogContext>'.
src/migration/fsm/states/ValidatingStepState.ts(124,7): error TS2353: Object literal may only specify known properties, and 'executionId' does not exist in type 'Partial<LogContext>'.
src/migration/fsm/states/ValidatingStepState.ts(152,7): error TS2353: Object literal may only specify known properties, and 'executionId' does not exist in type 'Partial<LogContext>'.
src/migration/fsm/states/ValidatingStepState.ts(165,9): error TS2353: Object literal may only specify known properties, and 'executionId' does not exist in type 'Partial<LogContext>'.
src/migration/fsm/states/ValidatingStepState.ts(172,7): error TS2353: Object literal may only specify known properties, and 'executionId' does not exist in type 'Partial<LogContext>'.
src/migration/fsm/states/ValidatingStepState.ts(193,7): error TS2353: Object literal may only specify known properties, and 'executionId' does not exist in type 'Partial<LogContext>'.
src/migration/fsm/states/ValidatingStepState.ts(206,9): error TS2353: Object literal may only specify known properties, and 'executionId' does not exist in type 'Partial<LogContext>'.
src/migration/fsm/states/ValidatingStepState.ts(212,60): error TS2345: Argument of type 'unknown' is not assignable to parameter of type 'Error'.
src/migration/fsm/states/ValidatingStepState.ts(297,7): error TS2353: Object literal may only specify known properties, and 'executionId' does not exist in type 'Partial<LogContext>'.
src/migration/fsm/states/ValidatingStepState.ts(403,7): error TS2353: Object literal may only specify known properties, and 'executionId' does not exist in type 'Partial<LogContext>'.
src/migration/fsm/states/ValidatingStepState.ts(431,9): error TS2353: Object literal may only specify known properties, and 'executionId' does not exist in type 'Partial<LogContext>'.
src/migration/fsm/transitions/TransitionHub.ts(45,9): error TS2353: Object literal may only specify known properties, and 'currentState' does not exist in type 'Partial<LogContext>'.
src/migration/fsm/transitions/TransitionHub.ts(55,9): error TS2353: Object literal may only specify known properties, and 'currentState' does not exist in type 'Partial<LogContext>'.
src/migration/fsm/transitions/TransitionHub.ts(87,9): error TS2353: Object literal may only specify known properties, and 'from' does not exist in type 'Partial<LogContext>'.
src/migration/fsm/transitions/TransitionHub.ts(98,9): error TS2353: Object literal may only specify known properties, and 'from' does not exist in type 'Partial<LogContext>'.
src/migration/fsm/transitions/TransitionHub.ts(130,9): error TS2353: Object literal may only specify known properties, and 'error' does not exist in type 'Partial<LogContext>'.
src/migration/fsm/transitions/TransitionHub.ts(152,41): error TS2353: Object literal may only specify known properties, and 'state' does not exist in type 'Partial<LogContext>'.
src/migration/fsm/transitions/TransitionHub.ts(166,42): error TS2353: Object literal may only specify known properties, and 'state' does not exist in type 'Partial<LogContext>'.
src/migration/fsm/transitions/TransitionHub.ts(179,11): error TS2353: Object literal may only specify known properties, and 'key' does not exist in type 'Partial<LogContext>'.
src/migration/fsm/transitions/TransitionHub.ts(189,7): error TS2353: Object literal may only specify known properties, and 'totalTransitions' does not exist in type 'Partial<LogContext>'.
src/migration/fsm/transitions/TransitionHub.ts(226,7): error TS2353: Object literal may only specify known properties, and 'executionId' does not exist in type 'Partial<LogContext>'.
src/migration/monitoring/MigrationMonitor.ts(5,15): error TS2307: Cannot find module './MigrationMonitorFacade' or its corresponding type declarations.
src/migration/orchestration/MigrationExecutor.ts(62,14): error TS2415: Class 'MigrationExecutor' incorrectly extends base class 'import("C:/Users/17175/Desktop/spek template/node_modules/@types/node/events.d.ts")<DefaultEventMap>'.
  Property 'logger' is private in type 'MigrationExecutor' but not in type 'import("C:/Users/17175/Desktop/spek template/node_modules/@types/node/events.d.ts")<DefaultEventMap>'.
src/migration/orchestration/MigrationExecutor.ts(100,7): error TS2353: Object literal may only specify known properties, and 'executionId' does not exist in type 'Partial<LogContext>'.
src/migration/planning/core/ImpactAnalysisCore.ts(5,15): error TS2307: Cannot find module './ImpactAnalysisCoreFacade' or its corresponding type declarations.
src/migration/planning/dependencies/DependencyMapper.ts(27,14): error TS2415: Class 'DependencyMapper' incorrectly extends base class 'import("C:/Users/17175/Desktop/spek template/node_modules/@types/node/events.d.ts")<DefaultEventMap>'.
  Property 'logger' is private in type 'DependencyMapper' but not in type 'import("C:/Users/17175/Desktop/spek template/node_modules/@types/node/events.d.ts")<DefaultEventMap>'.
src/migration/planning/dependencies/DependencyMapper.ts(28,36): error TS2339: Property 'getInstance' does not exist on type 'typeof Logger'.
src/migration/planning/facade/MigrationAnalysisFacade.ts(5,15): error TS2307: Cannot find module './MigrationAnalysisFacadeFacade' or its corresponding type declarations.
src/migration/planning/fsm/AnalysisStateMachine.original.ts(14,15): error TS2307: Cannot find module './AnalysisStateMachine.originalFacade' or its corresponding type declarations.
src/migration/planning/fsm/AnalysisStateMachine.ts(29,14): error TS2415: Class 'AnalysisStateMachine' incorrectly extends base class 'import("C:/Users/17175/Desktop/spek template/node_modules/@types/node/events.d.ts")<DefaultEventMap>'.
  Property 'logger' is private in type 'AnalysisStateMachine' but not in type 'import("C:/Users/17175/Desktop/spek template/node_modules/@types/node/events.d.ts")<DefaultEventMap>'.
src/migration/planning/fsm/AnalysisStateMachine.ts(55,7): error TS2353: Object literal may only specify known properties, and 'sourceSystem' does not exist in type 'Partial<LogContext>'.
src/migration/planning/fsm/AnalysisStateMachine.ts(63,9): error TS2353: Object literal may only specify known properties, and 'analysisId' does not exist in type 'Partial<LogContext>'.
src/migration/planning/fsm/AnalysisStateMachine.ts(70,9): error TS2353: Object literal may only specify known properties, and 'error' does not exist in type 'Partial<LogContext>'.
src/migration/planning/fsm/AnalysisStateMachine.ts(83,56): error TS2353: Object literal may only specify known properties, and 'event' does not exist in type 'Partial<LogContext>'.
src/migration/planning/fsm/AnalysisStateMachine.ts(90,9): error TS2353: Object literal may only specify known properties, and 'event' does not exist in type 'Partial<LogContext>'.
src/migration/planning/fsm/AnalysisStateMachine.ts(109,9): error TS2353: Object literal may only specify known properties, and 'error' does not exist in type 'Partial<LogContext>'.
src/migration/planning/fsm/AnalysisStateMachine.ts(127,9): error TS2353: Object literal may only specify known properties, and 'error' does not exist in type 'Partial<LogContext>'.
src/migration/planning/fsm/AnalysisStateMachine.ts(160,7): error TS2353: Object literal may only specify known properties, and 'eventCount' does not exist in type 'Partial<LogContext>'.
src/migration/planning/fsm/AnalysisStateMachineRefactored.ts(39,14): error TS2415: Class 'AnalysisStateMachine' incorrectly extends base class 'import("C:/Users/17175/Desktop/spek template/node_modules/@types/node/events.d.ts")<DefaultEventMap>'.
  Property 'logger' is private in type 'AnalysisStateMachine' but not in type 'import("C:/Users/17175/Desktop/spek template/node_modules/@types/node/events.d.ts")<DefaultEventMap>'.
src/migration/planning/fsm/AnalysisStateMachineRefactored.ts(77,7): error TS2353: Object literal may only specify known properties, and 'analysisId' does not exist in type 'Partial<LogContext>'.
src/migration/planning/fsm/AnalysisStateMachineRefactored.ts(96,9): error TS2353: Object literal may only specify known properties, and 'analysisId' does not exist in type 'Partial<LogContext>'.
src/migration/planning/fsm/AnalysisStateMachineRefactored.ts(100,38): error TS2345: Argument of type 'unknown' is not assignable to parameter of type 'Error'.
src/migration/planning/fsm/AnalysisStateMachineRefactored.ts(116,7): error TS2353: Object literal may only specify known properties, and 'analysisId' does not exist in type 'Partial<LogContext>'.
src/migration/planning/fsm/AnalysisStateMachineRefactored.ts(152,9): error TS2353: Object literal may only specify known properties, and 'analysisId' does not exist in type 'Partial<LogContext>'.
src/migration/planning/fsm/AnalysisStateMachineRefactored.ts(157,38): error TS2345: Argument of type 'unknown' is not assignable to parameter of type 'Error'.
src/migration/planning/fsm/AnalysisStateMachineRefactored.ts(196,7): error TS2353: Object literal may only specify known properties, and 'analysisId' does not exist in type 'Partial<LogContext>'.
src/migration/planning/fsm/AnalysisStateMachineRefactored.ts(211,9): error TS2353: Object literal may only specify known properties, and 'analysisId' does not exist in type 'Partial<LogContext>'.
src/migration/planning/fsm/AnalysisStateMachineRefactored.ts(248,11): error TS2353: Object literal may only specify known properties, and 'analysisId' does not exist in type 'Partial<LogContext>'.
src/migration/planning/fsm/AnalysisStateMachineRefactored.ts(254,40): error TS2345: Argument of type 'unknown' is not assignable to parameter of type 'Error'.
src/migration/planning/fsm/core/BaseStateHandler.ts(45,7): error TS2322: Type 'string' is not assignable to type 'number'.
src/migration/planning/fsm/core/BaseStateHandler.ts(65,7): error TS2353: Object literal may only specify known properties, and 'analysisId' does not exist in type 'Partial<LogContext>'.
src/migration/planning/fsm/core/BaseStateHandler.ts(87,9): error TS2353: Object literal may only specify known properties, and 'analysisId' does not exist in type 'Partial<LogContext>'.
src/migration/planning/fsm/core/BaseStateHandler.ts(106,7): error TS2322: Type 'string' is not assignable to type 'number'.
src/migration/planning/fsm/core/BaseStateHandler.ts(167,7): error TS2353: Object literal may only specify known properties, and 'analysisId' does not exist in type 'Partial<LogContext>'.
src/migration/planning/fsm/core/BaseStateHandler.ts(188,9): error TS2353: Object literal may only specify known properties, and 'analysisId' does not exist in type 'Partial<LogContext>'.
src/migration/planning/fsm/core/BaseStateHandler.ts(218,7): error TS2353: Object literal may only specify known properties, and 'analysisId' does not exist in type 'Partial<LogContext>'.
src/migration/planning/fsm/core/TransitionHub.ts(60,7): error TS2353: Object literal may only specify known properties, and 'from' does not exist in type 'Partial<LogContext>'.
src/migration/planning/fsm/core/TransitionHub.ts(69,9): error TS2353: Object literal may only specify known properties, and 'transition' does not exist in type 'Partial<LogContext>'.
src/migration/planning/fsm/states/AnalyzingState.ts(37,7): error TS2353: Object literal may only specify known properties, and 'analysisId' does not exist in type 'Partial<LogContext>'.
src/migration/planning/fsm/states/AnalyzingState.ts(48,7): error TS2353: Object literal may only specify known properties, and 'analysisId' does not exist in type 'Partial<LogContext>'.
src/migration/planning/fsm/states/AnalyzingState.ts(79,11): error TS2353: Object literal may only specify known properties, and 'analysisId' does not exist in type 'Partial<LogContext>'.
src/migration/planning/fsm/states/AnalyzingState.ts(105,9): error TS2353: Object literal may only specify known properties, and 'analysisId' does not exist in type 'Partial<LogContext>'.
src/migration/planning/fsm/states/AnalyzingState.ts(125,7): error TS2353: Object literal may only specify known properties, and 'analysisId' does not exist in type 'Partial<LogContext>'.
src/migration/planning/fsm/states/AnalyzingState.ts(136,9): error TS2353: Object literal may only specify known properties, and 'analysisId' does not exist in type 'Partial<LogContext>'.
src/migration/planning/fsm/states/AnalyzingState.ts(144,21): error TS2345: Argument of type 'unknown' is not assignable to parameter of type 'Error'.
src/migration/planning/fsm/states/AnalyzingState.ts(157,7): error TS2353: Object literal may only specify known properties, and 'analysisId' does not exist in type 'Partial<LogContext>'.
src/migration/planning/fsm/states/AnalyzingState.ts(175,7): error TS2353: Object literal may only specify known properties, and 'analysisId' does not exist in type 'Partial<LogContext>'.
src/migration/planning/fsm/states/AnalyzingState.ts(185,9): error TS2353: Object literal may only specify known properties, and 'analysisId' does not exist in type 'Partial<LogContext>'.
src/migration/planning/fsm/states/AnalyzingState.ts(203,7): error TS2353: Object literal may only specify known properties, and 'analysisId' does not exist in type 'Partial<LogContext>'.
src/migration/planning/fsm/states/DependencyMappingState.ts(33,7): error TS2353: Object literal may only specify known properties, and 'analysisId' does not exist in type 'Partial<LogContext>'.
src/migration/planning/fsm/states/DependencyMappingState.ts(86,7): error TS2353: Object literal may only specify known properties, and 'analysisId' does not exist in type 'Partial<LogContext>'.
src/migration/planning/fsm/states/DependencyMappingState.ts(94,9): error TS2353: Object literal may only specify known properties, and 'analysisId' does not exist in type 'Partial<LogContext>'.
src/migration/planning/fsm/states/DependencyMappingState.ts(101,21): error TS2345: Argument of type 'unknown' is not assignable to parameter of type 'Error'.
src/migration/planning/fsm/states/InitializedState.ts(36,7): error TS2353: Object literal may only specify known properties, and 'analysisId' does not exist in type 'Partial<LogContext>'.
src/migration/planning/fsm/states/InitializedState.ts(55,7): error TS2353: Object literal may only specify known properties, and 'analysisId' does not exist in type 'Partial<LogContext>'.
src/migration/planning/fsm/states/InitializedState.ts(83,11): error TS2353: Object literal may only specify known properties, and 'analysisId' does not exist in type 'Partial<LogContext>'.
src/migration/planning/fsm/states/InitializedState.ts(108,9): error TS2353: Object literal may only specify known properties, and 'analysisId' does not exist in type 'Partial<LogContext>'.
src/migration/planning/fsm/states/InitializedState.ts(130,7): error TS2353: Object literal may only specify known properties, and 'analysisId' does not exist in type 'Partial<LogContext>'.
src/migration/planning/fsm/states/InitializedState.ts(155,7): error TS2353: Object literal may only specify known properties, and 'analysisId' does not exist in type 'Partial<LogContext>'.
src/migration/planning/fsm/states/InitializedState.ts(170,7): error TS2353: Object literal may only specify known properties, and 'analysisId' does not exist in type 'Partial<LogContext>'.
src/migration/planning/fsm/states/InitializedState.ts(222,7): error TS2353: Object literal may only specify known properties, and 'analysisId' does not exist in type 'Partial<LogContext>'.
src/migration/planning/fsm/states/PlanningState.ts(34,7): error TS2353: Object literal may only specify known properties, and 'analysisId' does not exist in type 'Partial<LogContext>'.
src/migration/planning/fsm/states/PlanningState.ts(90,7): error TS2353: Object literal may only specify known properties, and 'analysisId' does not exist in type 'Partial<LogContext>'.
src/migration/planning/fsm/states/PlanningState.ts(99,9): error TS2353: Object literal may only specify known properties, and 'analysisId' does not exist in type 'Partial<LogContext>'.
src/migration/planning/fsm/states/PlanningState.ts(106,21): error TS2345: Argument of type 'unknown' is not assignable to parameter of type 'Error'.
src/migration/planning/fsm/states/RiskAssessmentState.ts(37,7): error TS2353: Object literal may only specify known properties, and 'analysisId' does not exist in type 'Partial<LogContext>'.
src/migration/planning/fsm/states/RiskAssessmentState.ts(74,11): error TS2353: Object literal may only specify known properties, and 'analysisId' does not exist in type 'Partial<LogContext>'.
src/migration/planning/fsm/states/RiskAssessmentState.ts(97,9): error TS2353: Object literal may only specify known properties, and 'analysisId' does not exist in type 'Partial<LogContext>'.
src/migration/planning/fsm/states/RiskAssessmentState.ts(116,7): error TS2353: Object literal may only specify known properties, and 'analysisId' does not exist in type 'Partial<LogContext>'.
src/migration/planning/fsm/states/RiskAssessmentState.ts(125,9): error TS2353: Object literal may only specify known properties, and 'analysisId' does not exist in type 'Partial<LogContext>'.
src/migration/planning/fsm/states/RiskAssessmentState.ts(132,21): error TS2345: Argument of type 'unknown' is not assignable to parameter of type 'Error'.
src/migration/planning/fsm/states/TerminalStates.ts(31,7): error TS2353: Object literal may only specify known properties, and 'analysisId' does not exist in type 'Partial<LogContext>'.
src/migration/planning/fsm/states/TerminalStates.ts(55,7): error TS2353: Object literal may only specify known properties, and 'analysisId' does not exist in type 'Partial<LogContext>'.
src/migration/planning/fsm/states/TerminalStates.ts(80,7): error TS2353: Object literal may only specify known properties, and 'analysisId' does not exist in type 'Partial<LogContext>'.
src/migration/planning/fsm/states/TerminalStates.ts(99,7): error TS2353: Object literal may only specify known properties, and 'analysisId' does not exist in type 'Partial<LogContext>'.
src/migration/planning/fsm/states/TerminalStates.ts(128,11): error TS2353: Object literal may only specify known properties, and 'analysisId' does not exist in type 'Partial<LogContext>'.
src/migration/planning/fsm/states/TerminalStates.ts(153,9): error TS2353: Object literal may only specify known properties, and 'analysisId' does not exist in type 'Partial<LogContext>'.
src/migration/planning/fsm/states/TerminalStates.ts(160,7): error TS2353: Object literal may only specify known properties, and 'analysisId' does not exist in type 'Partial<LogContext>'.
src/migration/planning/fsm/states/TerminalStates.ts(169,7): error TS2353: Object literal may only specify known properties, and 'analysisId' does not exist in type 'Partial<LogContext>'.
src/migration/planning/fsm/states/TerminalStates.ts(188,7): error TS2353: Object literal may only specify known properties, and 'analysisId' does not exist in type 'Partial<LogContext>'.
src/migration/planning/fsm/states/TerminalStates.ts(214,7): error TS2353: Object literal may only specify known properties, and 'analysisId' does not exist in type 'Partial<LogContext>'.
src/migration/planning/fsm/states/TerminalStates.ts(233,7): error TS2353: Object literal may only specify known properties, and 'analysisId' does not exist in type 'Partial<LogContext>'.
src/migration/planning/fsm/states/TerminalStates.ts(247,7): error TS2353: Object literal may only specify known properties, and 'analysisId' does not exist in type 'Partial<LogContext>'.
src/migration/planning/fsm/states/TerminalStates.ts(264,7): error TS2353: Object literal may only specify known properties, and 'analysisId' does not exist in type 'Partial<LogContext>'.
src/migration/planning/fsm/states/ValidationState.ts(35,7): error TS2353: Object literal may only specify known properties, and 'analysisId' does not exist in type 'Partial<LogContext>'.
src/migration/planning/fsm/states/ValidationState.ts(92,7): error TS2353: Object literal may only specify known properties, and 'analysisId' does not exist in type 'Partial<LogContext>'.
src/migration/planning/fsm/states/ValidationState.ts(100,9): error TS2353: Object literal may only specify known properties, and 'analysisId' does not exist in type 'Partial<LogContext>'.
src/migration/planning/fsm/states/ValidationState.ts(110,21): error TS2345: Argument of type 'unknown' is not assignable to parameter of type 'Error'.
src/migration/planning/fsm/states/ValidationState.ts(122,7): error TS2353: Object literal may only specify known properties, and 'analysisId' does not exist in type 'Partial<LogContext>'.
src/migration/planning/fsm/states/ValidationState.ts(133,7): error TS2353: Object literal may only specify known properties, and 'analysisId' does not exist in type 'Partial<LogContext>'.
src/migration/planning/MigrationImpactAnalyzer.ts(2,10): error TS2305: Module '"./facade/MigrationAnalysisFacade"' has no exported member 'MigrationAnalysisFacade'.
src/migration/planning/MigrationImpactAnalyzer.ts(40,52): error TS7006: Parameter 'data' implicitly has an 'any' type.
src/migration/planning/MigrationImpactAnalyzer.ts(96,10): error TS2305: Module '"./facade/MigrationAnalysisFacade"' has no exported member 'MigrationAnalysisFacade'.
src/migration/planning/MigrationImpactAnalyzer.ts(99,10): error TS2305: Module '"./core/ImpactAnalysisCore"' has no exported member 'ImpactAnalysisCore'.
src/migration/planning/MigrationImpactAnalyzer.ts(100,10): error TS2305: Module '"./risk/RiskAssessmentEngine"' has no exported member 'RiskAssessmentEngine'.
src/migration/planning/MigrationImpactAnalyzer.ts(102,10): error TS2305: Module '"./strategy/MigrationPlanner"' has no exported member 'MigrationPlanner'.
src/migration/planning/risk-assessment/RiskAssessmentCore.ts(222,5): error TS2322: Type 'string | boolean' is not assignable to type 'boolean'.
  Type 'string' is not assignable to type 'boolean'.
src/migration/planning/risk-assessment/RiskAssessmentStateMachine.ts(191,7): error TS2322: Type 'string[]' is not assignable to type 'AssessmentError[]'.
  Type 'string' is not assignable to type 'AssessmentError'.
src/migration/planning/risk/base/RiskCoreTypes.ts(10,18): error TS2304: Cannot find name 'SystemContext'.
src/migration/planning/risk/base/RiskCoreTypes.ts(13,19): error TS2304: Cannot find name 'HistoricalData'.
src/migration/planning/risk/base/RiskCoreTypes.ts(25,18): error TS2304: Cannot find name 'RiskRegister'.
src/migration/planning/risk/base/RiskCoreTypes.ts(26,16): error TS2304: Cannot find name 'RiskMatrix'.
src/migration/planning/risk/base/RiskCoreTypes.ts(27,25): error TS2304: Cannot find name 'MitigationPortfolio'.
src/migration/planning/risk/base/RiskCoreTypes.ts(28,25): error TS2304: Cannot find name 'MonitoringFramework'.
src/migration/planning/risk/base/RiskCoreTypes.ts(29,20): error TS2304: Cannot find name 'RiskRecommendation'.
src/migration/planning/risk/base/RiskCoreTypes.ts(30,14): error TS2304: Cannot find name 'RiskScenario'.
src/migration/planning/risk/base/RiskCoreTypes.ts(31,26): error TS2304: Cannot find name 'SensitivityAnalysis'.
src/migration/planning/risk/base/RiskCoreTypes.ts(32,23): error TS2304: Cannot find name 'AssessmentQuality'.
src/migration/planning/risk/fsm/TypesBaseFSM.ts(3,66): error TS2307: Cannot find module '../../../types/fsm-types' or its corresponding type declarations.
src/migration/planning/risk/reporting/core/ReportGeneratorCore.ts(5,15): error TS2307: Cannot find module './ReportGeneratorCoreFacade' or its corresponding type declarations.
src/migration/planning/risk/reporting/index.ts(21,10): error TS2305: Module '"./core/ReportGeneratorCore"' has no exported member 'ReportGeneratorCore'.
src/migration/planning/risk/reporting/index.ts(76,56): error TS2304: Cannot find name 'ReporterConfig'.
src/migration/planning/risk/reporting/index.ts(77,14): error TS2304: Cannot find name 'ReportGeneratorFacade'.
src/migration/planning/risk/reporting/index.ts(81,64): error TS2304: Cannot find name 'ReporterConfig'.
src/migration/planning/risk/reporting/index.ts(82,22): error TS2304: Cannot find name 'ReportGeneratorFacade'.
src/migration/planning/risk/reporting/index.ts(85,15): error TS2304: Cannot find name 'ReportGeneratorCore'.
src/migration/planning/risk/reporting/index.ts(86,23): error TS2304: Cannot find name 'ReportGenerationStateMachine'.
src/migration/planning/risk/reporting/ReportGeneratorFacade.ts(13,10): error TS2305: Module '"./core/ReportGeneratorCore"' has no exported member 'ReportGeneratorCore'.
src/migration/planning/risk/RiskAssessmentAnalyzer.ts(5,15): error TS2307: Cannot find module './RiskAssessmentAnalyzerFacade' or its corresponding type declarations.
src/migration/planning/risk/RiskAssessmentCalculator.ts(5,15): error TS2307: Cannot find module './RiskAssessmentCalculatorFacade' or its corresponding type declarations.
src/migration/planning/risk/RiskAssessmentCore.ts(5,15): error TS2307: Cannot find module './RiskAssessmentCoreFacade' or its corresponding type declarations.
src/migration/planning/risk/RiskAssessmentEngine.ts(14,15): error TS2307: Cannot find module './RiskAssessmentEngineFacade' or its corresponding type declarations.
src/migration/planning/risk/RiskAssessmentErrorHandler.ts(5,15): error TS2307: Cannot find module './RiskAssessmentErrorHandlerFacade' or its corresponding type declarations.
src/migration/planning/risk/RiskAssessmentFacade.ts(5,15): error TS2307: Cannot find module './RiskAssessmentFacadeFacade' or its corresponding type declarations.
src/migration/planning/risk/RiskAssessmentReporter.ts(18,3): error TS2305: Module '"./RiskAssessmentTypes"' has no exported member 'RiskDashboard'.
src/migration/planning/risk/RiskAssessmentReporter.ts(19,3): error TS2305: Module '"./RiskAssessmentTypes"' has no exported member 'RiskReport'.
src/migration/planning/risk/RiskAssessmentReporter.ts(20,3): error TS2305: Module '"./RiskAssessmentTypes"' has no exported member 'RiskAlert'.
src/migration/planning/risk/RiskAssessmentReporter.ts(21,3): error TS2305: Module '"./RiskAssessmentTypes"' has no exported member 'RiskReview'.
src/migration/planning/risk/RiskAssessmentTypes.ts(29,10): error TS2305: Module '"./types/core/BaseRiskTypes"' has no exported member 'RiskState'.
src/migration/planning/risk/RiskAssessmentTypes.ts(29,21): error TS2305: Module '"./types/core/BaseRiskTypes"' has no exported member 'RiskEvent'.
src/migration/planning/risk/RiskAssessmentTypesFacade.ts(21,41): error TS2355: A function whose declared type is neither 'undefined', 'void', nor 'any' must return a value.
src/migration/planning/risk/RiskAssessmentValidator.ts(5,15): error TS2307: Cannot find module './RiskAssessmentValidatorFacade' or its corresponding type declarations.
src/migration/planning/risk/types/domain/SystemTypes.ts(14,17): error TS2304: Cannot find name 'DataContext'.
src/migration/planning/risk/types/domain/SystemTypes.ts(16,21): error TS2304: Cannot find name 'SecurityContext'.
src/migration/planning/risk/types/domain/SystemTypes.ts(17,23): error TS2304: Cannot find name 'ComplianceContext'.
src/migration/planning/risk/types/index.ts(14,1): error TS2308: Module './api/RequestResponseTypes' has already exported a member named 'MigrationPlan'. Consider explicitly re-exporting to resolve the ambiguity.
src/migration/planning/risk/types/index.ts(14,1): error TS2308: Module './core/BaseRiskTypes' has already exported a member named 'Timeline'. Consider explicitly re-exporting to resolve the ambiguity.
src/migration/planning/risk/types/index.ts(15,1): error TS2308: Module './api/RequestResponseTypes' has already exported a member named 'SystemContext'. Consider explicitly re-exporting to resolve the ambiguity.
src/migration/planning/risk/types/index.ts(16,1): error TS2308: Module './api/RequestResponseTypes' has already exported a member named 'Stakeholder'. Consider explicitly re-exporting to resolve the ambiguity.
src/migration/planning/risk/types/index.ts(17,1): error TS2308: Module './api/RequestResponseTypes' has already exported a member named 'MitigationPortfolio'. Consider explicitly re-exporting to resolve the ambiguity.
src/migration/planning/risk/types/index.ts(17,1): error TS2308: Module './api/RequestResponseTypes' has already exported a member named 'RiskCategory'. Consider explicitly re-exporting to resolve the ambiguity.
src/migration/planning/risk/types/index.ts(17,1): error TS2308: Module './api/RequestResponseTypes' has already exported a member named 'RiskMatrix'. Consider explicitly re-exporting to resolve the ambiguity.
src/migration/planning/risk/types/index.ts(17,1): error TS2308: Module './api/RequestResponseTypes' has already exported a member named 'RiskRegister'. Consider explicitly re-exporting to resolve the ambiguity.
src/migration/planning/risk/types/index.ts(47,42): error TS2503: Cannot find namespace 'Core'.
src/migration/planning/risk/types/index.ts(47,58): error TS2503: Cannot find namespace 'Core'.
src/migration/planning/risk/types/index.ts(48,16): error TS2503: Cannot find namespace 'RiskDomain'.
src/migration/planning/risk/types/index.ts(51,45): error TS2503: Cannot find namespace 'Core'.
src/migration/planning/risk/types/index.ts(51,67): error TS2503: Cannot find namespace 'Core'.
src/migration/planning/risk/types/index.ts(52,12): error TS2503: Cannot find namespace 'Core'.
src/migration/planning/risk/types/index.ts(56,53): error TS2503: Cannot find namespace 'Core'.
src/migration/planning/risk/types/index.ts(60,58): error TS2503: Cannot find namespace 'Core'.
src/migration/planning/strategy/fsm/states/ImplementationPlanningState.ts(5,15): error TS2307: Cannot find module './ImplementationPlanningStateFacade' or its corresponding type declarations.
src/migration/planning/strategy/fsm/states/RequestAnalysisState.ts(1,24): error TS2307: Cannot find module '../../../../utils/Logger' or its corresponding type declarations.
src/migration/planning/strategy/fsm/states/RequestAnalysisState.ts(8,3): error TS2724: '"../types/MigrationFSMTypes"' has no exported member named 'MigrationPlanningRequest'. Did you mean 'MigrationPlanningEvent'?
src/migration/planning/strategy/fsm/states/RequestAnalysisState.ts(90,11): error TS2322: Type 'unknown' is not assignable to type 'Error | undefined'.
src/migration/planning/strategy/fsm/states/RequestAnalysisState.ts(234,20): error TS7053: Element implicitly has an 'any' type because expression of type 'any' can't be used to index type '{ low: number; medium: number; high: number; }'.
src/migration/planning/strategy/fsm/states/StrategySelectionState.ts(1,24): error TS2307: Cannot find module '../../../../utils/Logger' or its corresponding type declarations.
src/migration/planning/strategy/fsm/states/StrategySelectionState.ts(8,3): error TS2305: Module '"../types/MigrationFSMTypes"' has no exported member 'MigrationApproach'.
src/migration/planning/strategy/fsm/states/StrategySelectionState.ts(9,3): error TS2305: Module '"../types/MigrationFSMTypes"' has no exported member 'AlternativeApproach'.
src/migration/planning/strategy/fsm/states/StrategySelectionState.ts(91,11): error TS2322: Type 'unknown' is not assignable to type 'Error | undefined'.
src/migration/planning/strategy/fsm/states/StrategySelectionState.ts(362,58): error TS7006: Parameter 'area' implicitly has an 'any' type.
src/migration/planning/strategy/fsm/transitions/TransitionHub.ts(2,24): error TS2307: Cannot find module '../../../../utils/Logger' or its corresponding type declarations.
src/migration/planning/strategy/fsm/transitions/TransitionHub.ts(18,14): error TS2415: Class 'TransitionHub' incorrectly extends base class 'import("C:/Users/17175/Desktop/spek template/node_modules/@types/node/events.d.ts")<DefaultEventMap>'.
  Property 'logger' is private in type 'TransitionHub' but not in type 'import("C:/Users/17175/Desktop/spek template/node_modules/@types/node/events.d.ts")<DefaultEventMap>'.
src/migration/planning/strategy/fsm/transitions/TransitionHub.ts(119,7): error TS2322: Type 'unknown' is not assignable to type 'Error | undefined'.
src/migration/planning/strategy/fsm/transitions/TransitionHub.ts(120,41): error TS2345: Argument of type 'unknown' is not assignable to parameter of type 'Error'.
src/migration/planning/strategy/fsm/types/MigrationFSMTypes.ts(50,13): error TS2304: Cannot find name 'MigrationPlanningRequest'.
src/migration/planning/strategy/fsm/types/MigrationFSMTypes.ts(51,22): error TS2304: Cannot find name 'MigrationApproach'.
src/migration/planning/strategy/fsm/types/MigrationFSMTypes.ts(52,24): error TS2304: Cannot find name 'ImplementationPlan'.
src/migration/planning/strategy/fsm/types/MigrationFSMTypes.ts(53,20): error TS2304: Cannot find name 'MonitoringPlan'.
src/migration/planning/strategy/fsm/types/MigrationFSMTypes.ts(54,18): error TS2304: Cannot find name 'RollbackPlan'.
src/migration/planning/strategy/fsm/types/MigrationFSMTypes.ts(55,18): error TS2304: Cannot find name 'ResourcePlan'.
src/migration/planning/strategy/fsm/types/MigrationFSMTypes.ts(56,23): error TS2304: Cannot find name 'CommunicationPlan'.
src/migration/planning/strategy/fsm/types/MigrationFSMTypes.ts(57,26): error TS2304: Cannot find name 'QualityAssurancePlan'.
src/migration/planning/strategy/fsm/types/MigrationFSMTypes.ts(58,15): error TS2304: Cannot find name 'ComprehensiveMigrationPlan'.
src/migration/planning/strategy/fsm/types/MigrationFSMTypes.ts(106,15): error TS2307: Cannot find module '../../../MigrationPlanner' or its corresponding type declarations.
src/migration/planning/strategy/MigrationPlanner.ts(5,15): error TS2307: Cannot find module './MigrationPlannerFacade' or its corresponding type declarations.
src/migration/planning/strategy/MigrationPlannerFSM.ts(5,15): error TS2307: Cannot find module './MigrationPlannerFSMFacade' or its corresponding type declarations.
src/migration/planning/types/base/MigrationCoreTypes.ts(23,17): error TS2304: Cannot find name 'ArchitectureProfile'.
src/migration/planning/types/base/MigrationCoreTypes.ts(24,16): error TS2304: Cannot find name 'PerformanceProfile'.
src/migration/planning/types/base/MigrationCoreTypes.ts(27,9): error TS2304: Cannot find name 'DataProfile'.
src/migration/planning/types/base/MigrationCoreTypes.ts(28,15): error TS2304: Cannot find name 'ComplianceProfile'.
src/migration/planning/types/base/MigrationCoreTypes.ts(29,15): error TS2304: Cannot find name 'MonitoringProfile'.
src/migration/planning/types/config/ConfigTypesFacade.ts(21,41): error TS2355: A function whose declared type is neither 'undefined', 'void', nor 'any' must return a value.
src/migration/planning/types/config/fsm/TypesBaseFSM.ts(3,66): error TS2307: Cannot find module '../../../types/fsm-types' or its corresponding type declarations.
src/migration/planning/types/fsm/MigrationStateMachine.ts(35,19): error TS2304: Cannot find name 'MigrationScope'.
src/migration/planning/types/fsm/MigrationStateMachine.ts(36,13): error TS2304: Cannot find name 'MigrationTimeline'.
src/migration/planning/types/fsm/MigrationStateMachine.ts(37,16): error TS2304: Cannot find name 'AnalysisConstraint'.
src/migration/planning/types/fsm/MigrationStateMachine.ts(38,12): error TS2304: Cannot find name 'AnalysisOptions'.
src/migration/planning/types/fsm/MigrationStateMachine.ts(48,16): error TS2304: Cannot find name 'PerformanceProfile'.
src/migration/planning/types/fsm/MigrationStateMachine.ts(50,10): error TS2304: Cannot find name 'UserProfile'.
src/migration/planning/types/fsm/MigrationStateMachine.ts(51,9): error TS2304: Cannot find name 'DataProfile'.
src/migration/planning/types/fsm/MigrationStateMachine.ts(52,15): error TS2304: Cannot find name 'ComplianceProfile'.
src/migration/planning/types/fsm/MigrationStateMachine.ts(53,15): error TS2304: Cannot find name 'MonitoringProfile'.
src/migration/planning/types/MigrationAnalysisTypes.ts(22,20): error TS2304: Cannot find name 'Recommendation'.
src/migration/planning/types/MigrationAnalysisTypes.ts(23,17): error TS2304: Cannot find name 'Alternative'.
src/migration/planning/types/MigrationAnalysisTypes.ts(24,24): error TS2304: Cannot find name 'ImplementationPlan'.
src/migration/planning/types/MigrationAnalysisTypes.ts(25,20): error TS2304: Cannot find name 'MonitoringPlan'.
src/migration/planning/types/MigrationAnalysisTypes.ts(26,18): error TS2304: Cannot find name 'RollbackPlan'.
src/migration/planning/types/MigrationAnalysisTypes.ts(27,20): error TS2304: Cannot find name 'QualityMetrics'.
src/migration/planning/types/MigrationAnalysisTypes.ts(35,21): error TS2304: Cannot find name 'EffortEstimate'.
src/migration/planning/types/MigrationAnalysisTypes.ts(37,19): error TS2304: Cannot find name 'BusinessValue'.
src/migration/planning/types/MigrationAnalysisTypes.ts(51,25): error TS2304: Cannot find name 'TestingRequirement'.
src/migration/planning/types/MigrationAnalysisTypes.ts(65,20): error TS2304: Cannot find name 'RiskCategory'.
src/migration/planning/types/MigrationAnalysisTypes.ts(66,16): error TS2304: Cannot find name 'RiskMatrix'.
src/migration/planning/types/MigrationAnalysisTypes.ts(67,14): error TS2304: Cannot find name 'TopRisk'.
src/migration/planning/types/MigrationAnalysisTypes.ts(68,26): error TS2304: Cannot find name 'MitigationStrategy'.
src/migration/planning/types/MigrationAnalysisTypes.ts(69,22): error TS2304: Cannot find name 'ContingencyPlan'.
src/migration/planning/types/MigrationAnalysisTypes.ts(70,26): error TS2304: Cannot find name 'RiskIndicator'.
src/migration/planning/types/MigrationAnalysisTypes.ts(102,10): error TS2305: Module '"./config/ConfigTypes"' has no exported member 'AnalysisConstraint'.
src/migration/planning/types/MigrationAnalysisTypes.ts(102,30): error TS2305: Module '"./config/ConfigTypes"' has no exported member 'AnalysisOptions'.
src/migration/planning/types/validation/ComplianceMonitoringTypes.ts(262,16): error TS2304: Cannot find name 'IntegrationMonitoring'.
src/migration/strategies/BlueGreenProtocolMigration.ts(5,15): error TS2307: Cannot find module './BlueGreenProtocolMigrationFacade' or its corresponding type declarations.
src/migration/strategies/canary/CanaryMigrationFacade.ts(42,14): error TS2415: Class 'CanaryMigrationFacade' incorrectly extends base class 'import("C:/Users/17175/Desktop/spek template/node_modules/@types/node/events.d.ts")<DefaultEventMap>'.
  Property 'logger' is private in type 'CanaryMigrationFacade' but not in type 'import("C:/Users/17175/Desktop/spek template/node_modules/@types/node/events.d.ts")<DefaultEventMap>'.
src/migration/strategies/canary/CanaryMigrationFacade.ts(45,11): error TS2564: Property 'stateMachine' has no initializer and is not definitely assigned in the constructor.
src/migration/strategies/canary/CanaryMigrationFacade.ts(46,11): error TS2564: Property 'deploymentHandler' has no initializer and is not definitely assigned in the constructor.
src/migration/strategies/canary/CanaryMigrationFacade.ts(47,11): error TS2564: Property 'trafficHandler' has no initializer and is not definitely assigned in the constructor.
src/migration/strategies/canary/CanaryMigrationFacade.ts(48,11): error TS2564: Property 'validationHandler' has no initializer and is not definitely assigned in the constructor.
src/migration/strategies/canary/CanaryMigrationFacade.ts(49,11): error TS2564: Property 'rollbackHandler' has no initializer and is not definitely assigned in the constructor.
src/migration/strategies/canary/CanaryMigrationFacade.ts(68,7): error TS2353: Object literal may only specify known properties, and 'deploymentId' does not exist in type 'Partial<LogContext>'.
src/migration/strategies/canary/CanaryMigrationFacade.ts(97,47): error TS2353: Object literal may only specify known properties, and 'error' does not exist in type 'Partial<LogContext>'.
src/migration/strategies/canary/CanaryMigrationFacade.ts(98,56): error TS2345: Argument of type 'unknown' is not assignable to parameter of type 'Error'.
src/migration/strategies/canary/CanaryMigrationFacade.ts(176,7): error TS2345: Argument of type '{ environment: any; version: string; migrationPlan: {}; healthCheckConfig: { endpoints: string[]; timeout: number; retries: number; intervalMs: number; }; }' is not assignable to parameter of type 'DeploymentConfig'.
  Types of property 'migrationPlan' are incompatible.
    Property 'configuration' is missing in type '{}' but required in type 'MigrationPlan'.
src/migration/strategies/canary/CanaryMigrationStateMachine.ts(15,14): error TS2415: Class 'CanaryMigrationStateMachine' incorrectly extends base class 'import("C:/Users/17175/Desktop/spek template/node_modules/@types/node/events.d.ts")<DefaultEventMap>'.
  Property 'logger' is private in type 'CanaryMigrationStateMachine' but not in type 'import("C:/Users/17175/Desktop/spek template/node_modules/@types/node/events.d.ts")<DefaultEventMap>'.
src/migration/strategies/canary/CanaryMigrationStateMachine.ts(35,9): error TS2353: Object literal may only specify known properties, and 'from' does not exist in type 'Partial<LogContext>'.
src/migration/strategies/canary/CanaryMigrationStateMachine.ts(45,9): error TS2353: Object literal may only specify known properties, and 'from' does not exist in type 'Partial<LogContext>'.
src/migration/strategies/canary/CanaryMigrationStateMachine.ts(61,7): error TS2353: Object literal may only specify known properties, and 'from' does not exist in type 'Partial<LogContext>'.
src/migration/strategies/canary/CanaryMigrationStateMachine.ts(73,11): error TS2353: Object literal may only specify known properties, and 'transition' does not exist in type 'Partial<LogContext>'.
src/migration/strategies/canary/handlers/CanaryDeploymentHandler.ts(54,7): error TS2353: Object literal may only specify known properties, and 'environment' does not exist in type 'Partial<LogContext>'.
src/migration/strategies/canary/handlers/CanaryDeploymentHandler.ts(75,7): error TS2353: Object literal may only specify known properties, and 'environment' does not exist in type 'Partial<LogContext>'.
src/migration/strategies/canary/handlers/CanaryDeploymentHandler.ts(83,7): error TS2353: Object literal may only specify known properties, and 'version' does not exist in type 'Partial<LogContext>'.
src/migration/strategies/canary/handlers/CanaryDeploymentHandler.ts(98,7): error TS2353: Object literal may only specify known properties, and 'environment' does not exist in type 'Partial<LogContext>'.
src/migration/strategies/canary/handlers/CanaryDeploymentHandler.ts(107,7): error TS2353: Object literal may only specify known properties, and 'endpoints' does not exist in type 'Partial<LogContext>'.
src/migration/strategies/canary/handlers/CanaryRollbackHandler.ts(47,7): error TS2353: Object literal may only specify known properties, and 'deploymentId' does not exist in type 'Partial<LogContext>'.
src/migration/strategies/canary/handlers/CanaryRollbackHandler.ts(74,9): error TS2353: Object literal may only specify known properties, and 'deploymentId' does not exist in type 'Partial<LogContext>'.
src/migration/strategies/canary/handlers/CanaryRollbackHandler.ts(76,24): error TS18046: 'rollbackError' is of type 'unknown'.
src/migration/strategies/canary/handlers/CanaryRollbackHandler.ts(136,57): error TS2353: Object literal may only specify known properties, and 'error' does not exist in type 'Partial<LogContext>'.
src/migration/strategies/canary/handlers/CanaryRollbackHandler.ts(145,7): error TS2353: Object literal may only specify known properties, and 'deploymentId' does not exist in type 'Partial<LogContext>'.
src/migration/strategies/canary/handlers/CanaryRollbackHandler.ts(157,9): error TS2353: Object literal may only specify known properties, and 'error' does not exist in type 'Partial<LogContext>'.
src/migration/strategies/canary/handlers/CanaryRollbackHandler.ts(170,9): error TS2353: Object literal may only specify known properties, and 'errorRate' does not exist in type 'Partial<LogContext>'.
src/migration/strategies/canary/handlers/CanaryRollbackHandler.ts(186,55): error TS2353: Object literal may only specify known properties, and 'percentage' does not exist in type 'Partial<LogContext>'.
src/migration/strategies/canary/handlers/CanaryTrafficHandler.ts(44,7): error TS2353: Object literal may only specify known properties, and 'method' does not exist in type 'Partial<LogContext>'.
src/migration/strategies/canary/handlers/CanaryTrafficHandler.ts(78,55): error TS2353: Object literal may only specify known properties, and 'percentage' does not exist in type 'Partial<LogContext>'.
src/migration/strategies/canary/handlers/CanaryTrafficHandler.ts(89,7): error TS2353: Object literal may only specify known properties, and 'method' does not exist in type 'Partial<LogContext>'.
src/migration/strategies/canary/handlers/CanaryValidationHandler.ts(72,7): error TS2353: Object literal may only specify known properties, and 'stage' does not exist in type 'Partial<LogContext>'.
src/migration/strategies/CanaryProtocolMigration.ts(68,14): error TS2415: Class 'CanaryProtocolMigration' incorrectly extends base class 'import("C:/Users/17175/Desktop/spek template/node_modules/@types/node/events.d.ts")<DefaultEventMap>'.
  Property 'logger' is private in type 'CanaryProtocolMigration' but not in type 'import("C:/Users/17175/Desktop/spek template/node_modules/@types/node/events.d.ts")<DefaultEventMap>'.
src/migration/strategies/CanaryProtocolMigration.ts(85,7): error TS2353: Object literal may only specify known properties, and 'sourceVersion' does not exist in type 'Partial<LogContext>'.
src/migration/testing/MigrationTestSuite.ts(14,15): error TS2307: Cannot find module './MigrationTestSuiteFacade' or its corresponding type declarations.
src/migration/translation/fsm/BatchProcessor.ts(42,7): error TS2353: Object literal may only specify known properties, and 'messageCount' does not exist in type 'Partial<LogContext>'.
src/migration/translation/fsm/BatchProcessor.ts(78,54): error TS2353: Object literal may only specify known properties, and 'error' does not exist in type 'Partial<LogContext>'.
src/migration/translation/fsm/BatchProcessor.ts(153,73): error TS2345: Argument of type 'unknown' is not assignable to parameter of type 'Error'.
src/migration/translation/fsm/ConversionEngine.ts(53,7): error TS2353: Object literal may only specify known properties, and 'conversionId' does not exist in type 'Partial<LogContext>'.
src/migration/translation/fsm/ConversionEngine.ts(77,9): error TS2353: Object literal may only specify known properties, and 'conversionId' does not exist in type 'Partial<LogContext>'.
src/migration/translation/fsm/ConversionEngine.ts(87,9): error TS2353: Object literal may only specify known properties, and 'conversionId' does not exist in type 'Partial<LogContext>'.
src/migration/translation/fsm/ConversionEngine.ts(91,60): error TS2345: Argument of type 'unknown' is not assignable to parameter of type 'Error'.
src/migration/translation/fsm/ConversionEngine.ts(186,9): error TS2322: Type 'unknown' is not assignable to type 'Error | undefined'.
src/migration/translation/fsm/FormatRegistry.ts(38,7): error TS2353: Object literal may only specify known properties, and 'name' does not exist in type 'Partial<LogContext>'.
src/migration/translation/fsm/FormatRegistry.ts(170,7): error TS2353: Object literal may only specify known properties, and 'formatCount' does not exist in type 'Partial<LogContext>'.
src/migration/translation/fsm/FormatRegistry.ts(218,7): error TS2353: Object literal may only specify known properties, and 'name' does not exist in type 'Partial<LogContext>'.
src/migration/translation/fsm/FormatRegistry.ts(236,58): error TS2353: Object literal may only specify known properties, and 'name' does not exist in type 'Partial<LogContext>'.
src/migration/translation/fsm/PerformanceMonitor.ts(34,59): error TS2353: Object literal may only specify known properties, and 'id' does not exist in type 'Partial<LogContext>'.
src/migration/translation/fsm/PerformanceMonitor.ts(62,7): error TS2353: Object literal may only specify known properties, and 'id' does not exist in type 'Partial<LogContext>'.
src/migration/translation/fsm/PerformanceMonitor.ts(87,56): error TS2353: Object literal may only specify known properties, and 'error' does not exist in type 'Partial<LogContext>'.
src/migration/translation/fsm/PerformanceMonitor.ts(130,58): error TS2353: Object literal may only specify known properties, and 'id' does not exist in type 'Partial<LogContext>'.
src/migration/translation/fsm/RuleProcessor.ts(39,7): error TS2353: Object literal may only specify known properties, and 'id' does not exist in type 'Partial<LogContext>'.
src/migration/translation/fsm/RuleProcessor.ts(169,7): error TS2353: Object literal may only specify known properties, and 'ruleCount' does not exist in type 'Partial<LogContext>'.
src/migration/translation/fsm/RuleProcessor.ts(216,7): error TS2353: Object literal may only specify known properties, and 'id' does not exist in type 'Partial<LogContext>'.
src/migration/translation/fsm/RuleProcessor.ts(235,53): error TS2353: Object literal may only specify known properties, and 'sourceFormat' does not exist in type 'Partial<LogContext>'.
src/migration/translation/fsm/ValidationOrchestrator.ts(29,7): error TS2353: Object literal may only specify known properties, and 'sourceFormat' does not exist in type 'Partial<LogContext>'.
src/migration/translation/fsm/ValidationOrchestrator.ts(54,9): error TS2353: Object literal may only specify known properties, and 'sourceFormat' does not exist in type 'Partial<LogContext>'.
src/migration/translation/MessageFormatConverter.ts(14,15): error TS2307: Cannot find module './MessageFormatConverterFacade' or its corresponding type declarations.
src/migration/translation/protocol-components/ProtocolTranslatorCore.ts(485,36): error TS2345: Argument of type 'string | undefined' is not assignable to parameter of type 'string'.
  Type 'undefined' is not assignable to type 'string'.
src/migration/translation/ProtocolCore.ts(5,15): error TS2307: Cannot find module './ProtocolCoreFacade' or its corresponding type declarations.
src/migration/translation/ProtocolFacade.ts(3,10): error TS2305: Module '"./ProtocolCore"' has no exported member 'ProtocolCore'.
src/migration/translation/ProtocolFacade.ts(20,14): error TS2415: Class 'ProtocolFacade' incorrectly extends base class 'import("C:/Users/17175/Desktop/spek template/node_modules/@types/node/events.d.ts")<DefaultEventMap>'.
  Property 'logger' is private in type 'ProtocolFacade' but not in type 'import("C:/Users/17175/Desktop/spek template/node_modules/@types/node/events.d.ts")<DefaultEventMap>'.
src/migration/translation/ProtocolFacade.ts(43,43): error TS7006: Parameter 'result' implicitly has an 'any' type.
src/migration/translation/ProtocolFacade.ts(47,40): error TS7006: Parameter 'result' implicitly has an 'any' type.
src/migration/translation/ProtocolFacade.ts(47,48): error TS7006: Parameter 'error' implicitly has an 'any' type.
src/migration/translation/ProtocolFacade.ts(51,37): error TS7006: Parameter 'rule' implicitly has an 'any' type.
src/migration/translation/ProtocolFacade.ts(78,7): error TS2353: Object literal may only specify known properties, and 'messageId' does not exist in type 'Partial<LogContext>'.
src/migration/translation/ProtocolFacade.ts(100,9): error TS2353: Object literal may only specify known properties, and 'error' does not exist in type 'Partial<LogContext>'.
src/migration/translation/ProtocolFacade.ts(125,7): error TS2353: Object literal may only specify known properties, and 'messageCount' does not exist in type 'Partial<LogContext>'.
src/migration/translation/ProtocolFacade.ts(145,55): error TS2353: Object literal may only specify known properties, and 'error' does not exist in type 'Partial<LogContext>'.
src/migration/translation/ProtocolFacade.ts(196,65): error TS2345: Argument of type 'unknown' is not assignable to parameter of type 'Error'.
src/migration/translation/ProtocolFacade.ts(294,7): error TS2353: Object literal may only specify known properties, and 'ruleId' does not exist in type 'Partial<LogContext>'.
src/migration/translation/ProtocolFacade.ts(316,7): error TS2353: Object literal may only specify known properties, and 'protocol' does not exist in type 'Partial<LogContext>'.
src/migration/translation/ProtocolFacade.ts(334,28): error TS7006: Parameter 'rule' implicitly has an 'any' type.
src/migration/translation/ProtocolFacade.ts(338,28): error TS7006: Parameter 'rule' implicitly has an 'any' type.
src/migration/translation/ProtocolFacade.ts(341,24): error TS7006: Parameter 'a' implicitly has an 'any' type.
src/migration/translation/ProtocolFacade.ts(341,27): error TS7006: Parameter 'b' implicitly has an 'any' type.
src/migration/translation/ProtocolParser.ts(63,11): error TS2322: Type 'unknown' is not assignable to type 'Error | undefined'.
src/migration/translation/ProtocolParser.ts(142,62): error TS2353: Object literal may only specify known properties, and 'messageId' does not exist in type 'Partial<LogContext>'.
src/migration/translation/ProtocolParser.ts(158,69): error TS2353: Object literal may only specify known properties, and 'prefix' does not exist in type 'Partial<LogContext>'.
src/migration/translation/ProtocolParser.ts(188,19): error TS7053: Element implicitly has an 'any' type because expression of type 'string' can't be used to index type 'ProtocolMessage'.
  No index signature with a parameter of type 'string' was found on type 'ProtocolMessage'.
src/migration/translation/ProtocolParser.ts(214,12): error TS7053: Element implicitly has an 'any' type because expression of type 'string' can't be used to index type 'ProtocolMessage'.
  No index signature with a parameter of type 'string' was found on type 'ProtocolMessage'.
src/migration/translation/ProtocolParser.ts(214,36): error TS7053: Element implicitly has an 'any' type because expression of type 'string' can't be used to index type 'ProtocolMessage'.
  No index signature with a parameter of type 'string' was found on type 'ProtocolMessage'.
src/migration/translation/ProtocolParser.ts(215,9): error TS7053: Element implicitly has an 'any' type because expression of type 'string' can't be used to index type 'ProtocolMessage'.
  No index signature with a parameter of type 'string' was found on type 'ProtocolMessage'.
src/migration/translation/ProtocolParser.ts(218,17): error TS7053: Element implicitly has an 'any' type because expression of type 'string' can't be used to index type 'ProtocolMessage'.
  No index signature with a parameter of type 'string' was found on type 'ProtocolMessage'.
src/migration/translation/ProtocolParser.ts(223,5): error TS7053: Element implicitly has an 'any' type because expression of type 'string' can't be used to index type 'ProtocolMessage'.
  No index signature with a parameter of type 'string' was found on type 'ProtocolMessage'.
src/migration/translation/ProtocolParser.ts(245,12): error TS7053: Element implicitly has an 'any' type because expression of type 'string' can't be used to index type 'ProtocolMessage'.
  No index signature with a parameter of type 'string' was found on type 'ProtocolMessage'.
src/migration/translation/ProtocolParser.ts(245,36): error TS7053: Element implicitly has an 'any' type because expression of type 'string' can't be used to index type 'ProtocolMessage'.
  No index signature with a parameter of type 'string' was found on type 'ProtocolMessage'.
src/migration/translation/ProtocolParser.ts(249,17): error TS7053: Element implicitly has an 'any' type because expression of type 'string' can't be used to index type 'ProtocolMessage'.
  No index signature with a parameter of type 'string' was found on type 'ProtocolMessage'.
src/migration/translation/ProtocolParser.ts(254,14): error TS7053: Element implicitly has an 'any' type because expression of type 'string' can't be used to index type 'ProtocolMessage'.
  No index signature with a parameter of type 'string' was found on type 'ProtocolMessage'.
src/migration/translation/ProtocolParser.ts(271,55): error TS2353: Object literal may only specify known properties, and 'field' does not exist in type 'Partial<LogContext>'.
src/migration/translation/ProtocolParser.ts(278,57): error TS2353: Object literal may only specify known properties, and 'messageId' does not exist in type 'Partial<LogContext>'.
src/migration/translation/ProtocolParser.ts(285,64): error TS2353: Object literal may only specify known properties, and 'field' does not exist in type 'Partial<LogContext>'.
src/migration/translation/ProtocolParser.ts(424,11): error TS2353: Object literal may only specify known properties, and 'transformationName' does not exist in type 'Partial<LogContext>'.
src/migration/translation/ProtocolSerializer.ts(39,67): error TS2353: Object literal may only specify known properties, and 'messageId' does not exist in type 'Partial<LogContext>'.
src/migration/translation/ProtocolSerializer.ts(64,9): error TS2353: Object literal may only specify known properties, and 'error' does not exist in type 'Partial<LogContext>'.
src/migration/translation/ProtocolSerializer.ts(143,62): error TS2353: Object literal may only specify known properties, and 'messageId' does not exist in type 'Partial<LogContext>'.
src/migration/translation/ProtocolSerializer.ts(159,69): error TS2353: Object literal may only specify known properties, and 'prefix' does not exist in type 'Partial<LogContext>'.
src/migration/translation/ProtocolSerializer.ts(329,9): error TS2353: Object literal may only specify known properties, and 'error' does not exist in type 'Partial<LogContext>'.
src/migration/translation/ProtocolSerializer.ts(430,9): error TS2353: Object literal may only specify known properties, and 'error' does not exist in type 'Partial<LogContext>'.
src/migration/translation/ProtocolSerializer.ts(471,64): error TS2353: Object literal may only specify known properties, and 'error' does not exist in type 'Partial<LogContext>'.
src/migration/translation/ProtocolStateMachine.ts(209,9): error TS2353: Object literal may only specify known properties, and 'currentState' does not exist in type 'Partial<LogContext>'.
src/migration/translation/ProtocolStateMachine.ts(220,7): error TS2353: Object literal may only specify known properties, and 'from' does not exist in type 'Partial<LogContext>'.
src/migration/translation/ProtocolStateMachine.ts(289,9): error TS2353: Object literal may only specify known properties, and 'currentState' does not exist in type 'Partial<LogContext>'.
src/migration/translation/ProtocolStateMachine.ts(338,62): error TS2353: Object literal may only specify known properties, and 'orphanedStates' does not exist in type 'Partial<LogContext>'.
src/migration/translation/ProtocolValidator.ts(51,9): error TS2322: Type 'unknown' is not assignable to type 'Error | undefined'.
src/migration/translation/ProtocolValidator.ts(174,50): error TS2353: Object literal may only specify known properties, and 'expectedType' does not exist in type 'Partial<LogContext>'.
src/migration/translation/ProtocolValidator.ts(232,57): error TS2353: Object literal may only specify known properties, and 'type' does not exist in type 'Partial<LogContext>'.
src/migration/translation/ProtocolValidator.ts(282,60): error TS2561: Object literal may only specify known properties, but 'operator' does not exist in type 'Partial<LogContext>'. Did you mean to write 'operation'?
src/migration/translation/ProtocolValidator.ts(288,9): error TS2353: Object literal may only specify known properties, and 'error' does not exist in type 'Partial<LogContext>'.
src/migration/translation/ProtocolValidator.ts(346,19): error TS7053: Element implicitly has an 'any' type because expression of type 'string' can't be used to index type 'ProtocolMessage'.
  No index signature with a parameter of type 'string' was found on type 'ProtocolMessage'.
src/migration/translation/ProtocolValidator.ts(373,7): error TS2353: Object literal may only specify known properties, and 'protocol' does not exist in type 'Partial<LogContext>'.
src/migration/validation/MigrationValidator.ts(28,8): error TS2307: Cannot find module './types/MigrationValidationTypes' or its corresponding type declarations.
src/migration/validation/MigrationValidator.ts(51,22): error TS2339: Property 'on' does not exist on type 'AnalysisHub'.
src/migration/validation/MigrationValidator.ts(51,50): error TS7006: Parameter 'state' implicitly has an 'any' type.
src/migration/validation/MigrationValidator.ts(55,22): error TS2339: Property 'on' does not exist on type 'AnalysisHub'.
src/migration/validation/MigrationValidator.ts(55,47): error TS7006: Parameter 'result' implicitly has an 'any' type.
src/migration/validation/MigrationValidator.ts(59,22): error TS2339: Property 'on' does not exist on type 'AnalysisHub'.
src/migration/validation/MigrationValidator.ts(59,44): error TS7006: Parameter 'error' implicitly has an 'any' type.
src/migration/validation/MigrationValidator.ts(64,44): error TS2339: Property 'listenerCount' does not exist on type 'AnalysisHub'.
src/migration/validation/MigrationValidator.ts(65,43): error TS2339: Property 'listenerCount' does not exist on type 'AnalysisHub'.
src/migration/validation/MigrationValidator.ts(66,43): error TS2339: Property 'listenerCount' does not exist on type 'AnalysisHub'.
src/migration/validation/MigrationValidator.ts(116,45): error TS2339: Property 'executeAnalysis' does not exist on type 'AnalysisHub'.
src/migration/validation/MigrationValidator.ts(173,36): error TS2339: Property 'getStatistics' does not exist on type 'AnalysisHub'.
src/migration/validation/MigrationValidator.ts(192,29): error TS2339: Property 'getCurrentState' does not exist on type 'AnalysisHub'.
src/monitoring/PerformanceMonitor.ts(7,21): error TS2459: Module '"../../types/base/primitives"' declares 'Milliseconds' locally, but it is not exported.
src/monitoring/StateTransitionMonitor.ts(7,21): error TS2459: Module '"../../types/base/primitives"' declares 'Milliseconds' locally, but it is not exported.
src/networking/RealWebSocketServer.ts(39,62): error TS2353: Object literal may only specify known properties, and 'port' does not exist in type 'Partial<LogContext>'.
src/networking/RealWebSocketServer.ts(46,24): error TS7006: Parameter 'info' implicitly has an 'any' type.
src/networking/RealWebSocketServer.ts(53,59): error TS2353: Object literal may only specify known properties, and 'port' does not exist in type 'Partial<LogContext>'.
src/networking/RealWebSocketServer.ts(56,63): error TS2353: Object literal may only specify known properties, and 'port' does not exist in type 'Partial<LogContext>'.
src/networking/RealWebSocketServer.ts(73,57): error TS2353: Object literal may only specify known properties, and 'clientId' does not exist in type 'Partial<LogContext>'.
src/networking/RealWebSocketServer.ts(75,64): error TS2353: Object literal may only specify known properties, and 'clientId' does not exist in type 'Partial<LogContext>'.
src/networking/RealWebSocketServer.ts(85,52): error TS2353: Object literal may only specify known properties, and 'port' does not exist in type 'Partial<LogContext>'.
src/networking/RealWebSocketServer.ts(94,58): error TS2353: Object literal may only specify known properties, and 'clientId' does not exist in type 'Partial<LogContext>'.
src/networking/RealWebSocketServer.ts(100,52): error TS2353: Object literal may only specify known properties, and 'clientId' does not exist in type 'Partial<LogContext>'.
src/networking/RealWebSocketServer.ts(116,53): error TS2353: Object literal may only specify known properties, and 'clientId' does not exist in type 'Partial<LogContext>'.
src/networking/RealWebSocketServer.ts(120,53): error TS2353: Object literal may only specify known properties, and 'clientId' does not exist in type 'Partial<LogContext>'.
src/networking/RealWebSocketServer.ts(141,7): error TS2353: Object literal may only specify known properties, and 'messageType' does not exist in type 'Partial<LogContext>'.
src/networking/RealWebSocketServer.ts(181,37): error TS2345: Argument of type 'import("C:/Users/17175/Desktop/spek template/node_modules/@types/ws/index")' is not assignable to parameter of type 'WebSocket'.
  The types returned by 'on(...)' are incompatible between these types.
    Type 'WebSocket' is not assignable to type 'this'.
      'WebSocket' is assignable to the constraint of type 'this', but 'this' could be instantiated with a different subtype of constraint 'WebSocket'.
src/networking/RealWebSocketServer.ts(211,7): error TS2353: Object literal may only specify known properties, and 'clientId' does not exist in type 'Partial<LogContext>'.
src/networking/RealWebSocketServer.ts(227,50): error TS2353: Object literal may only specify known properties, and 'clientId' does not exist in type 'Partial<LogContext>'.
src/networking/RealWebSocketServer.ts(241,9): error TS2353: Object literal may only specify known properties, and 'clientId' does not exist in type 'Partial<LogContext>'.
src/networking/RealWebSocketServer.ts(249,58): error TS2353: Object literal may only specify known properties, and 'clientId' does not exist in type 'Partial<LogContext>'.
src/networking/RealWebSocketServer.ts(257,7): error TS2353: Object literal may only specify known properties, and 'clientId' does not exist in type 'Partial<LogContext>'.
src/networking/RealWebSocketServer.ts(290,54): error TS2353: Object literal may only specify known properties, and 'clientId' does not exist in type 'Partial<LogContext>'.
src/networking/RealWebSocketServer.ts(297,55): error TS2353: Object literal may only specify known properties, and 'clientId' does not exist in type 'Partial<LogContext>'.
src/networking/RealWebSocketServer.ts(314,62): error TS2353: Object literal may only specify known properties, and 'clientId' does not exist in type 'Partial<LogContext>'.
src/networking/RealWebSocketServer.ts(344,51): error TS2353: Object literal may only specify known properties, and 'clientId' does not exist in type 'Partial<LogContext>'.
src/networking/RealWebSocketServer.ts(364,52): error TS2353: Object literal may only specify known properties, and 'event' does not exist in type 'Partial<LogContext>'.
src/orchestration/agents/AgentWorkflowFacade.ts(12,10): error TS2305: Module '"./core/WorkflowExecutor"' has no exported member 'WorkflowExecutor'.
src/orchestration/agents/AgentWorkflowFacade.ts(14,10): error TS2305: Module '"./core/CoordinationHub"' has no exported member 'CoordinationHub'.
src/orchestration/agents/AgentWorkflowFacade.ts(17,11): error TS2564: Property 'transitionHub' has no initializer and is not definitely assigned in the constructor.
src/orchestration/agents/AgentWorkflowFacade.ts(18,11): error TS2564: Property 'agentManager' has no initializer and is not definitely assigned in the constructor.
src/orchestration/agents/AgentWorkflowFacade.ts(20,11): error TS2564: Property 'taskDistributor' has no initializer and is not definitely assigned in the constructor.
src/orchestration/agents/AgentWorkflowFacade.ts(27,17): error TS2565: Property 'transitionHub' is used before being assigned.
src/orchestration/agents/AgentWorkflowFacade.ts(28,17): error TS2565: Property 'agentManager' is used before being assigned.
src/orchestration/agents/AgentWorkflowFacade.ts(410,53): error TS7006: Parameter 'data' implicitly has an 'any' type.
src/orchestration/agents/AgentWorkflowFacade.ts(414,53): error TS7006: Parameter 'data' implicitly has an 'any' type.
src/orchestration/agents/AgentWorkflowFacade.ts(435,47): error TS7006: Parameter 'w' implicitly has an 'any' type.
src/orchestration/agents/AgentWorkflowFacade.ts(439,54): error TS7006: Parameter 'sum' implicitly has an 'any' type.
src/orchestration/agents/AgentWorkflowFacade.ts(439,59): error TS7006: Parameter 'w' implicitly has an 'any' type.
src/orchestration/agents/AgentWorkflowFacade.ts(451,47): error TS7006: Parameter 'w' implicitly has an 'any' type.
src/orchestration/agents/components/AgentCoordinator.ts(8,26): error TS2305: Module '"../types/AgentTypes"' has no exported member 'WorkflowExecution'.
src/orchestration/agents/components/AgentFSMFacade.ts(5,15): error TS2307: Cannot find module './AgentFSMFacadeFacade' or its corresponding type declarations.
src/orchestration/agents/components/AgentMonitor.ts(5,15): error TS2307: Cannot find module './AgentMonitorFacade' or its corresponding type declarations.
src/orchestration/agents/components/AgentTerminator.ts(99,24): error TS2345: Argument of type 'TerminationResult | undefined' is not assignable to parameter of type 'TerminationResult'.
  Type 'undefined' is not assignable to type 'TerminationResult'.
src/orchestration/agents/components/AgentTerminator.ts(102,13): error TS2322: Type 'string | undefined' is not assignable to type 'string'.
  Type 'undefined' is not assignable to type 'string'.
src/orchestration/agents/components/AgentTerminator.ts(103,13): error TS2322: Type 'string | undefined' is not assignable to type 'string'.
  Type 'undefined' is not assignable to type 'string'.
src/orchestration/agents/components/AgentTerminator.ts(428,7): error TS2322: Type '{ graceful: boolean; cancelActiveTasks: boolean; timeout?: number; }' is not assignable to type 'Required<TerminationOptions>'.
  Types of property 'timeout' are incompatible.
    Type 'number | undefined' is not assignable to type 'number'.
      Type 'undefined' is not assignable to type 'number'.
src/orchestration/agents/core/AgentManager.ts(11,10): error TS2305: Module '"../components/AgentFSMFacade"' has no exported member 'AgentFSMFacade'.
src/orchestration/agents/core/AgentManager.ts(43,34): error TS7006: Parameter 'd' implicitly has an 'any' type.
src/orchestration/agents/core/AgentManager.ts(69,41): error TS7006: Parameter 'd' implicitly has an 'any' type.
src/orchestration/agents/core/AgentManager.ts(100,18): error TS2339: Property 'initializeAgentResources' does not exist on type 'AgentManager'.
src/orchestration/agents/core/AgentManager.ts(158,33): error TS2551: Property 'activeAgents' does not exist on type 'AgentManager'. Did you mean 'getActiveAgents'?
src/orchestration/agents/core/AgentManager.ts(168,64): error TS7006: Parameter 't' implicitly has an 'any' type.
src/orchestration/agents/core/AgentManager.ts(197,33): error TS2551: Property 'activeAgents' does not exist on type 'AgentManager'. Did you mean 'getActiveAgents'?
src/orchestration/agents/core/AgentManager.ts(217,33): error TS2551: Property 'activeAgents' does not exist on type 'AgentManager'. Did you mean 'getActiveAgents'?
src/orchestration/agents/core/AgentManager.ts(276,29): error TS7006: Parameter 'd' implicitly has an 'any' type.
src/orchestration/agents/core/AgentManager.ts(282,41): error TS7006: Parameter 'data' implicitly has an 'any' type.
src/orchestration/agents/core/AgentManager.ts(286,44): error TS7006: Parameter 'data' implicitly has an 'any' type.
src/orchestration/agents/core/AgentManager.ts(290,43): error TS7006: Parameter 'data' implicitly has an 'any' type.
src/orchestration/agents/core/AgentManager.ts(294,41): error TS7006: Parameter 'data' implicitly has an 'any' type.
src/orchestration/agents/core/AgentManager.ts(341,7): error TS2322: Type '"agent"' is not assignable to type '"performance" | "error" | "task" | "system" | "communication"'.
src/orchestration/agents/core/CoordinationHub.ts(5,15): error TS2307: Cannot find module './CoordinationHubFacade' or its corresponding type declarations.
src/orchestration/agents/core/WorkflowExecutor.ts(5,15): error TS2307: Cannot find module './WorkflowExecutorFacade' or its corresponding type declarations.
src/orchestration/deployment/DeploymentOrchestrator.ts(142,7): error TS2322: Type '"production" | "staging" | "development" | "canary"' is not assignable to type '"production" | "staging" | "development"'.
  Type '"canary"' is not assignable to type '"production" | "staging" | "development"'.
src/orchestration/deployment/DeploymentOrchestrator.ts(143,7): error TS2322: Type '"rolling" | "blue-green" | "canary" | "scheduled" | "immediate"' is not assignable to type '"rolling" | "blue-green" | "canary"'.
  Type '"scheduled"' is not assignable to type '"rolling" | "blue-green" | "canary"'.
src/orchestration/deployment/DeploymentReadinessValidator.ts(49,14): error TS2304: Cannot find name 'ValidationOptions'.
src/orchestration/deployment/DeploymentReadinessValidator.ts(50,14): error TS2304: Cannot find name 'ReadinessValidation'.
src/orchestration/deployment/fsm/ScorerBaseFSM.ts(51,9): error TS2353: Object literal may only specify known properties, and '[ScorerState.IDLE]' does not exist in type 'FSMTransition[]'.
src/orchestration/deployment/fsm/ScorerBaseFSM.ts(73,5): error TS2820: Type 'ScorerState.IDLE' is not assignable to type 'FSMState'. Did you mean 'FSMState.IDLE'?
src/orchestration/deployment/PreDeploymentValidator.ts(5,15): error TS2307: Cannot find module './PreDeploymentValidatorFacade' or its corresponding type declarations.
src/orchestration/deployment/ProductionReadinessScorerFacade.ts(21,41): error TS2355: A function whose declared type is neither 'undefined', 'void', nor 'any' must return a value.
src/orchestration/deployment/readiness/core/StateRegistry.ts(141,57): error TS2307: Cannot find module '../states/TestingState' or its corresponding type declarations.
src/orchestration/deployment/readiness/core/StateRegistry.ts(143,61): error TS2307: Cannot find module '../states/PerformanceState' or its corresponding type declarations.
src/orchestration/deployment/readiness/core/StateRegistry.ts(144,64): error TS2307: Cannot find module '../states/InfrastructureState' or its corresponding type declarations.
src/orchestration/deployment/readiness/core/StateRegistry.ts(145,63): error TS2307: Cannot find module '../states/DocumentationState' or its corresponding type declarations.
src/orchestration/deployment/readiness/core/StateRegistry.ts(146,61): error TS2307: Cannot find module '../states/OperationalState' or its corresponding type declarations.
src/orchestration/deployment/readiness/core/StateRegistry.ts(147,58): error TS2307: Cannot find module '../states/BusinessState' or its corresponding type declarations.
src/orchestration/deployment/readiness/core/StateRegistry.ts(148,60): error TS2307: Cannot find module '../states/CalculatingState' or its corresponding type declarations.
src/orchestration/deployment/readiness/core/StateRegistry.ts(149,58): error TS2307: Cannot find module '../states/SignoffState' or its corresponding type declarations.
src/orchestration/deployment/readiness/core/StateRegistry.ts(150,54): error TS2307: Cannot find module '../states/DecisionState' or its corresponding type declarations.
src/orchestration/deployment/readiness/core/StateRegistry.ts(151,48): error TS2307: Cannot find module '../states/CompletedState' or its corresponding type declarations.
src/orchestration/deployment/readiness/core/StateRegistry.ts(152,44): error TS2307: Cannot find module '../states/ErrorState' or its corresponding type declarations.
src/orchestration/deployment/readiness/states/CodeQualityState.ts(147,7): error TS2322: Type 'unknown' is not assignable to type 'Error | undefined'.
src/orchestration/deployment/readiness/states/SecurityState.ts(139,7): error TS2322: Type 'unknown' is not assignable to type 'Error | undefined'.
src/orchestration/deployment/readiness/validators/BaseValidator.ts(92,46): error TS18046: 'error' is of type 'unknown'.
src/orchestration/deployment/readiness/validators/BaseValidator.ts(95,20): error TS2367: This comparison appears to be unintentional because the types '"failed" | "passed"' and '"skipped"' have no overlap.
src/orchestration/fsm/LoadTestFSM.ts(164,15): error TS2540: Cannot assign to 'throughput' because it is a read-only property.
src/orchestration/fsm/LoadTestFSM.ts(165,15): error TS2540: Cannot assign to 'errorRate' because it is a read-only property.
src/orchestration/fsm/LoadTestFSM.ts(166,15): error TS2540: Cannot assign to 'averageResponseTime' because it is a read-only property.
src/orchestration/fsm/LoadTestFSM.ts(376,13): error TS2540: Cannot assign to 'totalRequests' because it is a read-only property.
src/orchestration/fsm/LoadTestFSM.ts(379,15): error TS2540: Cannot assign to 'successfulRequests' because it is a read-only property.
src/orchestration/fsm/LoadTestFSM.ts(381,15): error TS2540: Cannot assign to 'failedRequests' because it is a read-only property.
src/orchestration/fsm/LoadTestFSM.ts(384,13): error TS2540: Cannot assign to 'averageResponseTime' because it is a read-only property.
src/orchestration/fsm/LoadTestFSM.ts(385,13): error TS2540: Cannot assign to 'maxResponseTime' because it is a read-only property.
src/orchestration/fsm/LoadTestFSM.ts(386,13): error TS2540: Cannot assign to 'minResponseTime' because it is a read-only property.
src/orchestration/fsm/StressTestFSM.ts(327,10): error TS2540: Cannot assign to 'cpuUsage' because it is a read-only property.
src/orchestration/fsm/StressTestFSM.ts(328,10): error TS2540: Cannot assign to 'memoryUsage' because it is a read-only property.
src/orchestration/fsm/StressTestFSM.ts(329,10): error TS2540: Cannot assign to 'ioThroughput' because it is a read-only property.
src/orchestration/fsm/StressTestFSM.ts(330,10): error TS2540: Cannot assign to 'networkLatency' because it is a read-only property.
src/orchestration/fsm/StressTestFSM.ts(331,10): error TS2540: Cannot assign to 'responseTime' because it is a read-only property.
src/orchestration/fsm/StressTestFSM.ts(332,10): error TS2540: Cannot assign to 'errorRate' because it is a read-only property.
src/orchestration/index.ts(9,10): error TS2305: Module '"./integration/SystemIntegrationOrchestrator"' has no exported member 'default'.
src/orchestration/index.ts(16,10): error TS2305: Module '"./agents/AgentWorkflowCoordinator"' has no exported member 'default'.
src/orchestration/index.ts(20,10): error TS2305: Module '"./quality/CompilationErrorResolver"' has no exported member 'default'.
src/orchestration/index.ts(23,10): error TS2305: Module '"./deployment/PreDeploymentValidator"' has no exported member 'default'.
src/orchestration/index.ts(24,10): error TS2305: Module '"./deployment/ProductionReadinessScorer"' has no exported member 'default'.
src/orchestration/index.ts(25,10): error TS2305: Module '"./deployment/DeploymentOrchestrator"' has no exported member 'default'.
src/orchestration/index.ts(30,29): error TS2304: Cannot find name 'SystemIntegrationOrchestrator'.
src/orchestration/index.ts(31,31): error TS2304: Cannot find name 'ComponentDependencyResolver'.
src/orchestration/index.ts(32,25): error TS2304: Cannot find name 'PhaseTransitionManager'.
src/orchestration/index.ts(33,29): error TS2304: Cannot find name 'AgentWorkflowCoordinator'.
src/orchestration/index.ts(34,36): error TS2304: Cannot find name 'QualityGateOrchestrator'.
src/orchestration/index.ts(35,32): error TS2304: Cannot find name 'CompilationErrorResolver'.
src/orchestration/index.ts(36,35): error TS2304: Cannot find name 'PreDeploymentValidator'.
src/orchestration/index.ts(37,28): error TS2304: Cannot find name 'ProductionReadinessScorer'.
src/orchestration/index.ts(38,35): error TS2304: Cannot find name 'DeploymentOrchestrator'.
src/orchestration/index.ts(39,31): error TS2304: Cannot find name 'DeploymentReadinessValidator'.
src/orchestration/index.ts(43,33): error TS2304: Cannot find name 'SystemIntegrationOrchestrator'.
src/orchestration/index.ts(44,35): error TS2304: Cannot find name 'ComponentDependencyResolver'.
src/orchestration/index.ts(45,29): error TS2304: Cannot find name 'PhaseTransitionManager'.
src/orchestration/index.ts(46,33): error TS2304: Cannot find name 'AgentWorkflowCoordinator'.
src/orchestration/index.ts(47,40): error TS2304: Cannot find name 'QualityGateOrchestrator'.
src/orchestration/index.ts(48,36): error TS2304: Cannot find name 'CompilationErrorResolver'.
src/orchestration/index.ts(49,39): error TS2304: Cannot find name 'PreDeploymentValidator'.
src/orchestration/index.ts(50,32): error TS2304: Cannot find name 'ProductionReadinessScorer'.
src/orchestration/index.ts(51,39): error TS2304: Cannot find name 'DeploymentOrchestrator'.
src/orchestration/index.ts(52,35): error TS2304: Cannot find name 'DeploymentReadinessValidator'.
src/orchestration/index.ts(178,1): error TS2308: Module './integration/SystemIntegrationOrchestrator' has already exported a member named 'MonitoringConfig'. Consider explicitly re-exporting to resolve the ambiguity.
src/orchestration/index.ts(179,1): error TS2308: Module './integration/ComponentDependencyResolver' has already exported a member named 'ValidationResult'. Consider explicitly re-exporting to resolve the ambiguity.
src/orchestration/index.ts(185,1): error TS2308: Module './integration/ComponentDependencyResolver' has already exported a member named 'NotificationConfig'. Consider explicitly re-exporting to resolve the ambiguity.
src/orchestration/index.ts(185,1): error TS2308: Module './integration/ComponentDependencyResolver' has already exported a member named 'RetryPolicy'. Consider explicitly re-exporting to resolve the ambiguity.
src/orchestration/index.ts(185,1): error TS2308: Module './integration/SystemIntegrationOrchestrator' has already exported a member named 'MonitoringConfig'. Consider explicitly re-exporting to resolve the ambiguity.
src/orchestration/integration/dependency/DependencyCore.ts(212,11): error TS2416: Property 'cleanup' in type 'DependencyStateMachine' is not assignable to the same property in base type 'import("C:/Users/17175/Desktop/spek template/node_modules/@types/node/events.d.ts")<DefaultEventMap>'.
  Type '() => void' is not assignable to type '() => Promise<void>'.
    Type 'void' is not assignable to type 'Promise<void>'.
src/orchestration/integration/dependency/DependencyFacade.ts(22,10): error TS2305: Module '"./DependencyResolver"' has no exported member 'ResolutionPlanCreator'.
src/orchestration/integration/dependency/DependencyFacade.ts(22,33): error TS2305: Module '"./DependencyResolver"' has no exported member 'ResolutionExecutor'.
src/orchestration/integration/dependency/DependencyFacade.ts(31,11): error TS2564: Property 'graphBuilder' has no initializer and is not definitely assigned in the constructor.
src/orchestration/integration/dependency/DependencyFacade.ts(32,11): error TS2564: Property 'circularDetector' has no initializer and is not definitely assigned in the constructor.
src/orchestration/integration/dependency/DependencyFacade.ts(33,11): error TS2564: Property 'topologicalSorter' has no initializer and is not definitely assigned in the constructor.
src/orchestration/integration/dependency/DependencyFacade.ts(34,11): error TS2564: Property 'criticalPathCalculator' has no initializer and is not definitely assigned in the constructor.
src/orchestration/integration/dependency/DependencyFacade.ts(37,11): error TS2564: Property 'validatorRegistry' has no initializer and is not definitely assigned in the constructor.
src/orchestration/integration/dependency/DependencyFacade.ts(38,11): error TS2564: Property 'dependencyValidator' has no initializer and is not definitely assigned in the constructor.
src/orchestration/integration/dependency/DependencyFacade.ts(84,30): error TS7006: Parameter 'error' implicitly has an 'any' type.
src/orchestration/integration/dependency/DependencyFacade.ts(87,44): error TS7006: Parameter 'data' implicitly has an 'any' type.
src/orchestration/integration/dependency/DependencyFacade.ts(88,46): error TS7006: Parameter 'data' implicitly has an 'any' type.
src/orchestration/integration/dependency/DependencyFacade.ts(89,51): error TS7006: Parameter 'data' implicitly has an 'any' type.
src/orchestration/integration/dependency/DependencyFacade.ts(90,46): error TS7006: Parameter 'data' implicitly has an 'any' type.
src/orchestration/integration/dependency/DependencyFacade.ts(91,42): error TS7006: Parameter 'data' implicitly has an 'any' type.
src/orchestration/integration/dependency/DependencyFacade.ts(180,48): error TS7006: Parameter 'data' implicitly has an 'any' type.
src/orchestration/integration/dependency/DependencyFacade.ts(286,49): error TS2345: Argument of type '{ requirementId: string; name: string; description: string; type: string; criteria: { operator: string; value: boolean; }; validator: string; timeout: number; retryPolicy: { maxRetries: number; retryDelay: number; exponentialBackoff: boolean; retryableErrors: never[]; escalationThreshold: number; }; }' is not assignable to parameter of type 'DependencyRequirement'.
  Types of property 'type' are incompatible.
    Type 'string' is not assignable to type '"version" | "performance" | "security" | "health" | "compatibility" | "availability"'.
src/orchestration/integration/dependency/DependencyFacade.ts(343,5): error TS2322: Type '"failed"' is not assignable to type 'ResolutionState'.
src/orchestration/integration/dependency/DependencyGraph.ts(174,7): error TS2322: Type '"pending"' is not assignable to type 'ValidationState'.
src/orchestration/integration/dependency/DependencyResolver.ts(5,15): error TS2307: Cannot find module './DependencyResolverFacade' or its corresponding type declarations.
src/orchestration/integration/dependency/DependencyValidator.ts(27,19): error TS1243: 'async' modifier cannot be used with 'abstract' modifier.
src/orchestration/integration/fsm/components/IntegrationExecutor.ts(115,16): error TS18046: 'error' is of type 'unknown'.
src/orchestration/integration/fsm/components/IntegrationExecutor.ts(334,59): error TS7006: Parameter 'component' implicitly has an 'any' type.
src/orchestration/integration/fsm/components/IntegrationExecutor.ts(456,20): error TS18046: 'r' is of type 'unknown'.
src/orchestration/integration/fsm/components/IntegrationMonitor.ts(194,13): error TS7006: Parameter 'c' implicitly has an 'any' type.
src/orchestration/integration/fsm/components/IntegrationMonitor.ts(305,58): error TS7006: Parameter 'c' implicitly has an 'any' type.
src/orchestration/integration/fsm/components/IntegrationMonitor.ts(306,54): error TS7006: Parameter 'c' implicitly has an 'any' type.
src/orchestration/integration/fsm/components/IntegrationPlanManager.ts(9,42): error TS2307: Cannot find module '../../ConflictResolutionEngine' or its corresponding type declarations.
src/orchestration/integration/fsm/components/IntegrationPlanManager.ts(125,27): error TS7006: Parameter 'conflict' implicitly has an 'any' type.
src/orchestration/integration/fsm/components/IntegrationValidatorFSM.ts(8,38): error TS2307: Cannot find module '../../IntegrationValidator' or its corresponding type declarations.
src/orchestration/integration/fsm/components/IntegrationValidatorFSM.ts(138,60): error TS18046: 'error' is of type 'unknown'.
src/orchestration/integration/fsm/components/IntegrationValidatorFSM.ts(251,21): error TS18046: 'pe' is of type 'unknown'.
src/orchestration/integration/fsm/components/RollbackManager.ts(212,16): error TS18046: 'error' is of type 'unknown'.
src/orchestration/integration/fsm/components/RollbackManager.ts(241,16): error TS18046: 'error' is of type 'unknown'.
src/orchestration/integration/fsm/TransitionHub.ts(42,12): error TS2536: Type 'T' cannot be used to index type 'IntegrationEventData'.
src/orchestration/integration/fsm/types/IntegrationFSMTypes.ts(77,15): error TS2304: Cannot find name 'IntegrationConflict'.
src/orchestration/integration/fsm/types/IntegrationFSMTypes.ts(83,21): error TS2304: Cannot find name 'IntegrationExecution'.
src/orchestration/integration/fsm/types/IntegrationFSMTypes.ts(84,16): error TS2304: Cannot find name 'IntegrationPlan'.
src/orchestration/integration/fsm/types/IntegrationFSMTypes.ts(85,17): error TS2304: Cannot find name 'IntegrationPhase'.
src/orchestration/integration/fsm/types/IntegrationFSMTypes.ts(88,33): error TS2304: Cannot find name 'IntegrationExecution'.
src/orchestration/integration/fsm/types/IntegrationFSMTypes.ts(133,21): error TS2304: Cannot find name 'ComponentResult'.
src/orchestration/integration/fsm/types/IntegrationFSMTypes.ts(219,8): error TS2307: Cannot find module '../SystemIntegrationOrchestrator' or its corresponding type declarations.
src/orchestration/integration/SystemIntegrationOrchestratorFSM.ts(9,38): error TS2307: Cannot find module './IntegrationSequencer' or its corresponding type declarations.
src/orchestration/integration/SystemIntegrationOrchestratorFSM.ts(10,42): error TS2307: Cannot find module './ConflictResolutionEngine' or its corresponding type declarations.
src/orchestration/integration/SystemIntegrationOrchestratorFSM.ts(11,38): error TS2307: Cannot find module './IntegrationValidator' or its corresponding type declarations.
src/orchestration/integration/SystemIntegrationOrchestratorFSM.ts(296,50): error TS7006: Parameter 'conflict' implicitly has an 'any' type.
src/orchestration/integration/SystemIntegrationOrchestratorFSM.ts(429,5): error TS2322: Type 'Promise<boolean>' is not assignable to type 'Promise<void>'.
  Type 'boolean' is not assignable to type 'void'.
src/orchestration/integration/unified/IntegrationValidator.ts(128,11): error TS2322: Type 'unknown' is not assignable to type 'Error | null'.
src/orchestration/integration/unified/UnifiedIntegrationFacade.ts(137,43): error TS2345: Argument of type 'unknown' is not assignable to parameter of type 'Error'.
src/orchestration/integration/unified/UnifiedIntegrationFacade.ts(244,24): error TS2532: Object is possibly 'undefined'.
src/orchestration/integration/unified/UnifiedIntegrationFacade.ts(244,24): error TS2722: Cannot invoke an object which is possibly 'undefined'.
src/orchestration/integration/unified/UnifiedIntegrationFacade.ts(250,7): error TS2322: Type 'Promise<void>' is not assignable to type 'number'.
src/orchestration/phases/phase-transition/index.ts(23,3): error TS2305: Module '"./PhaseTransitionProcessor"' has no exported member 'PhaseExecutionProcessor'.
src/orchestration/phases/phase-transition/index.ts(24,3): error TS2305: Module '"./PhaseTransitionProcessor"' has no exported member 'TransitionExecutionProcessor'.
src/orchestration/phases/phase-transition/index.ts(29,3): error TS2305: Module '"./PhaseTransitionMonitor"' has no exported member 'PhaseExecutionMonitor'.
src/orchestration/phases/phase-transition/index.ts(30,3): error TS2305: Module '"./PhaseTransitionMonitor"' has no exported member 'TransitionExecutionMonitor'.
src/orchestration/phases/phase-transition/index.ts(31,3): error TS2305: Module '"./PhaseTransitionMonitor"' has no exported member 'SystemMetricsMonitor'.
src/orchestration/phases/phase-transition/index.ts(36,3): error TS2305: Module '"./PhaseTransitionReporter"' has no exported member 'PhaseExecutionReporter'.
src/orchestration/phases/phase-transition/index.ts(37,3): error TS2305: Module '"./PhaseTransitionReporter"' has no exported member 'TransitionExecutionReporter'.
src/orchestration/phases/phase-transition/index.ts(38,3): error TS2305: Module '"./PhaseTransitionReporter"' has no exported member 'SystemReporter'.
src/orchestration/phases/phase-transition/index.ts(49,3): error TS2305: Module '"./PhaseTransitionMonitor"' has no exported member 'PhasePerformanceSummary'.
src/orchestration/phases/phase-transition/index.ts(50,3): error TS2305: Module '"./PhaseTransitionMonitor"' has no exported member 'TransitionPerformanceSummary'.
src/orchestration/phases/phase-transition/index.ts(51,3): error TS2305: Module '"./PhaseTransitionMonitor"' has no exported member 'SystemMetrics'.
src/orchestration/phases/phase-transition/index.ts(56,3): error TS2305: Module '"./PhaseTransitionReporter"' has no exported member 'PhaseExecutionReport'.
src/orchestration/phases/phase-transition/index.ts(57,3): error TS2305: Module '"./PhaseTransitionReporter"' has no exported member 'TransitionExecutionReport'.
src/orchestration/phases/phase-transition/index.ts(58,3): error TS2305: Module '"./PhaseTransitionReporter"' has no exported member 'SystemReport'.
src/orchestration/phases/phase-transition/index.ts(59,3): error TS2305: Module '"./PhaseTransitionReporter"' has no exported member 'SystemHealthStatus'.
src/orchestration/phases/phase-transition/PhaseTransitionCore.ts(46,7): error TS2353: Object literal may only specify known properties, and 'MAX_CONCURRENT_PHASES' does not exist in type 'PhaseTransitionConfig'.
src/orchestration/phases/phase-transition/PhaseTransitionCore.ts(46,38): error TS2339: Property 'MAX_CONCURRENT_PHASES' does not exist on type 'Partial<PhaseTransitionConfig>'.
src/orchestration/phases/phase-transition/PhaseTransitionCore.ts(47,43): error TS2339: Property 'MAX_CONCURRENT_TRANSITIONS' does not exist on type 'Partial<PhaseTransitionConfig>'.
src/orchestration/phases/phase-transition/PhaseTransitionCore.ts(48,36): error TS2339: Property 'MONITORING_INTERVAL' does not exist on type 'Partial<PhaseTransitionConfig>'.
src/orchestration/phases/phase-transition/PhaseTransitionCore.ts(49,35): error TS2339: Property 'VALIDATION_TIMEOUT' does not exist on type 'Partial<PhaseTransitionConfig>'.
src/orchestration/phases/phase-transition/PhaseTransitionCore.ts(50,35): error TS2339: Property 'TRANSITION_TIMEOUT' does not exist on type 'Partial<PhaseTransitionConfig>'.
src/orchestration/phases/phase-transition/PhaseTransitionCore.ts(54,32): error TS2339: Property 'MAX_CONCURRENT_PHASES' does not exist on type 'PhaseTransitionConfig'.
src/orchestration/phases/phase-transition/PhaseTransitionCore.ts(64,36): error TS2339: Property 'phaseId' does not exist on type 'PhaseDefinition'.
src/orchestration/phases/phase-transition/PhaseTransitionCore.ts(66,47): error TS2339: Property 'phaseId' does not exist on type 'PhaseDefinition'.
src/orchestration/phases/phase-transition/PhaseTransitionCore.ts(67,73): error TS2339: Property 'phaseId' does not exist on type 'PhaseDefinition'.
src/orchestration/phases/phase-transition/PhaseTransitionCore.ts(77,31): error TS2339: Property 'transitionId' does not exist on type 'PhaseTransition'.
src/orchestration/phases/phase-transition/PhaseTransitionCore.ts(79,42): error TS2339: Property 'transitionId' does not exist on type 'PhaseTransition'.
src/orchestration/phases/phase-transition/PhaseTransitionCore.ts(80,67): error TS2339: Property 'transitionId' does not exist on type 'PhaseTransition'.
src/orchestration/phases/phase-transition/PhaseTransitionCore.ts(90,66): error TS2339: Property 'MAX_CONCURRENT_PHASES' does not exist on type 'PhaseTransitionConfig'.
src/orchestration/phases/phase-transition/PhaseTransitionCore.ts(107,47): error TS2561: Object literal may only specify known properties, but 'execution' does not exist in type 'PhaseTransitionContext'. Did you mean to write 'executionId'?
src/orchestration/phases/phase-transition/PhaseTransitionCore.ts(108,66): error TS2339: Property 'START_PHASE' does not exist on type 'typeof PhaseEvent'.
src/orchestration/phases/phase-transition/PhaseTransitionCore.ts(121,62): error TS2339: Property 'MAX_CONCURRENT_TRANSITIONS' does not exist on type 'PhaseTransitionConfig'.
src/orchestration/phases/phase-transition/PhaseTransitionCore.ts(138,47): error TS2561: Object literal may only specify known properties, but 'execution' does not exist in type 'PhaseTransitionContext'. Did you mean to write 'executionId'?
src/orchestration/phases/phase-transition/PhaseTransitionCore.ts(139,76): error TS2339: Property 'START_TRANSITION' does not exist on type 'typeof TransitionEvent'.
src/orchestration/phases/phase-transition/PhaseTransitionCore.ts(160,78): error TS2345: Argument of type 'PhaseTransitionContext | { execution: PhaseExecution; }' is not assignable to parameter of type 'PhaseTransitionContext'.
  Type '{ execution: PhaseExecution; }' is missing the following properties from type 'PhaseTransitionContext': executionId, timestamp
src/orchestration/phases/phase-transition/PhaseTransitionCore.ts(165,19): error TS2339: Property 'status' does not exist on type 'PhaseExecution'.
src/orchestration/phases/phase-transition/PhaseTransitionCore.ts(188,83): error TS2345: Argument of type 'PhaseTransitionContext | { execution: TransitionExecution; }' is not assignable to parameter of type 'PhaseTransitionContext'.
  Type '{ execution: TransitionExecution; }' is missing the following properties from type 'PhaseTransitionContext': executionId, timestamp
src/orchestration/phases/phase-transition/PhaseTransitionCore.ts(193,9): error TS2322: Type 'TransitionState' is not assignable to type '"completed" | "pending" | "rejected" | "approved" | "validated"'.
src/orchestration/phases/phase-transition/PhaseTransitionCore.ts(251,47): error TS2561: Object literal may only specify known properties, but 'execution' does not exist in type 'PhaseTransitionContext'. Did you mean to write 'executionId'?
src/orchestration/phases/phase-transition/PhaseTransitionCore.ts(252,67): error TS2339: Property 'CANCEL_PHASE' does not exist on type 'typeof PhaseEvent'.
src/orchestration/phases/phase-transition/PhaseTransitionCore.ts(255,17): error TS2339: Property 'endTime' does not exist on type 'PhaseExecution'.
src/orchestration/phases/phase-transition/PhaseTransitionCore.ts(277,24): error TS2693: 'TransitionState' only refers to a type, but is being used as a value here.
src/orchestration/phases/phase-transition/PhaseTransitionCore.ts(296,32): error TS2339: Property 'phaseId' does not exist on type 'PhaseDefinition'.
src/orchestration/phases/phase-transition/PhaseTransitionCore.ts(297,7): error TS2353: Object literal may only specify known properties, and 'startTime' does not exist in type 'PhaseExecution'.
src/orchestration/phases/phase-transition/PhaseTransitionCore.ts(298,15): error TS2693: 'PhaseState' only refers to a type, but is being used as a value here.
src/orchestration/phases/phase-transition/PhaseTransitionCore.ts(304,42): error TS2339: Property 'qualityGates' does not exist on type 'PhaseDefinition'.
src/orchestration/phases/phase-transition/PhaseTransitionCore.ts(330,32): error TS2339: Property 'transitionId' does not exist on type 'PhaseTransition'.
src/orchestration/phases/phase-transition/PhaseTransitionCore.ts(332,15): error TS2693: 'TransitionState' only refers to a type, but is being used as a value here.
src/orchestration/phases/phase-transition/PhaseTransitionCore.ts(334,7): error TS2740: Type 'Map<any, any>' is missing the following properties from type 'ValidationResult[]': length, pop, push, concat, and 24 more.
src/orchestration/phases/phase-transition/PhaseTransitionCore.ts(463,7): error TS2693: 'PhaseState' only refers to a type, but is being used as a value here.
src/orchestration/phases/phase-transition/PhaseTransitionCore.ts(464,7): error TS2693: 'PhaseState' only refers to a type, but is being used as a value here.
src/orchestration/phases/phase-transition/PhaseTransitionCore.ts(465,7): error TS2693: 'PhaseState' only refers to a type, but is being used as a value here.
src/orchestration/phases/phase-transition/PhaseTransitionCore.ts(466,7): error TS2693: 'PhaseState' only refers to a type, but is being used as a value here.
src/orchestration/phases/phase-transition/PhaseTransitionCore.ts(480,7): error TS2693: 'TransitionState' only refers to a type, but is being used as a value here.
src/orchestration/phases/phase-transition/PhaseTransitionCore.ts(481,7): error TS2693: 'TransitionState' only refers to a type, but is being used as a value here.
src/orchestration/phases/phase-transition/PhaseTransitionCore.ts(482,7): error TS2693: 'TransitionState' only refers to a type, but is being used as a value here.
src/orchestration/phases/phase-transition/PhaseTransitionFacade.ts(22,10): error TS2305: Module '"./PhaseTransitionProcessor"' has no exported member 'PhaseExecutionProcessor'.
src/orchestration/phases/phase-transition/PhaseTransitionFacade.ts(22,35): error TS2305: Module '"./PhaseTransitionProcessor"' has no exported member 'TransitionExecutionProcessor'.
src/orchestration/phases/phase-transition/PhaseTransitionFacade.ts(23,10): error TS2305: Module '"./PhaseTransitionMonitor"' has no exported member 'PhaseExecutionMonitor'.
src/orchestration/phases/phase-transition/PhaseTransitionFacade.ts(23,33): error TS2305: Module '"./PhaseTransitionMonitor"' has no exported member 'TransitionExecutionMonitor'.
src/orchestration/phases/phase-transition/PhaseTransitionFacade.ts(23,61): error TS2305: Module '"./PhaseTransitionMonitor"' has no exported member 'SystemMetricsMonitor'.
src/orchestration/phases/phase-transition/PhaseTransitionFacade.ts(24,10): error TS2305: Module '"./PhaseTransitionReporter"' has no exported member 'PhaseExecutionReporter'.
src/orchestration/phases/phase-transition/PhaseTransitionFacade.ts(24,34): error TS2305: Module '"./PhaseTransitionReporter"' has no exported member 'TransitionExecutionReporter'.
src/orchestration/phases/phase-transition/PhaseTransitionFacade.ts(24,63): error TS2305: Module '"./PhaseTransitionReporter"' has no exported member 'SystemReporter'.
src/orchestration/phases/phase-transition/PhaseTransitionFacade.ts(229,47): error TS2339: Property 'executionId' does not exist on type 'TransitionExecution'.
src/orchestration/phases/phase-transition/PhaseTransitionFacade.ts(357,8): error TS7006: Parameter 'metrics' implicitly has an 'any' type.
src/orchestration/phases/phase-transition/PhaseTransitionFacade.ts(376,8): error TS7006: Parameter 'metrics' implicitly has an 'any' type.
src/orchestration/phases/phase-transition/PhaseTransitionFacade.ts(396,5): error TS2722: Cannot invoke an object which is possibly 'undefined'.
src/orchestration/phases/phase-transition/PhaseTransitionStateMachine.ts(40,42): error TS2693: 'PhaseState' only refers to a type, but is being used as a value here.
src/orchestration/phases/phase-transition/PhaseTransitionStateMachine.ts(43,34): error TS2693: 'PhaseState' only refers to a type, but is being used as a value here.
src/orchestration/phases/phase-transition/PhaseTransitionStateMachine.ts(55,32): error TS2693: 'PhaseState' only refers to a type, but is being used as a value here.
src/orchestration/phases/phase-transition/PhaseTransitionStateMachine.ts(58,15): error TS2693: 'PhaseState' only refers to a type, but is being used as a value here.
src/orchestration/phases/phase-transition/PhaseTransitionStateMachine.ts(58,53): error TS2339: Property 'START_PHASE' does not exist on type 'typeof PhaseEvent'.
src/orchestration/phases/phase-transition/PhaseTransitionStateMachine.ts(58,70): error TS2693: 'PhaseState' only refers to a type, but is being used as a value here.
src/orchestration/phases/phase-transition/PhaseTransitionStateMachine.ts(59,15): error TS2693: 'PhaseState' only refers to a type, but is being used as a value here.
src/orchestration/phases/phase-transition/PhaseTransitionStateMachine.ts(59,54): error TS2339: Property 'PREREQUISITES_VALIDATED' does not exist on type 'typeof PhaseEvent'.
src/orchestration/phases/phase-transition/PhaseTransitionStateMachine.ts(59,83): error TS2693: 'PhaseState' only refers to a type, but is being used as a value here.
src/orchestration/phases/phase-transition/PhaseTransitionStateMachine.ts(60,15): error TS2693: 'PhaseState' only refers to a type, but is being used as a value here.
src/orchestration/phases/phase-transition/PhaseTransitionStateMachine.ts(60,54): error TS2339: Property 'VALIDATION_FAILED' does not exist on type 'typeof PhaseEvent'.
src/orchestration/phases/phase-transition/PhaseTransitionStateMachine.ts(60,77): error TS2693: 'PhaseState' only refers to a type, but is being used as a value here.
src/orchestration/phases/phase-transition/PhaseTransitionStateMachine.ts(61,15): error TS2693: 'PhaseState' only refers to a type, but is being used as a value here.
src/orchestration/phases/phase-transition/PhaseTransitionStateMachine.ts(61,57): error TS2339: Property 'PHASE_EXECUTION_COMPLETED' does not exist on type 'typeof PhaseEvent'.
src/orchestration/phases/phase-transition/PhaseTransitionStateMachine.ts(61,88): error TS2693: 'PhaseState' only refers to a type, but is being used as a value here.
src/orchestration/phases/phase-transition/PhaseTransitionStateMachine.ts(62,15): error TS2693: 'PhaseState' only refers to a type, but is being used as a value here.
src/orchestration/phases/phase-transition/PhaseTransitionStateMachine.ts(62,57): error TS2339: Property 'PHASE_FAILED' does not exist on type 'typeof PhaseEvent'.
src/orchestration/phases/phase-transition/PhaseTransitionStateMachine.ts(62,75): error TS2693: 'PhaseState' only refers to a type, but is being used as a value here.
src/orchestration/phases/phase-transition/PhaseTransitionStateMachine.ts(63,15): error TS2693: 'PhaseState' only refers to a type, but is being used as a value here.
src/orchestration/phases/phase-transition/PhaseTransitionStateMachine.ts(63,56): error TS2339: Property 'VALIDATION_COMPLETED' does not exist on type 'typeof PhaseEvent'.
src/orchestration/phases/phase-transition/PhaseTransitionStateMachine.ts(63,82): error TS2693: 'PhaseState' only refers to a type, but is being used as a value here.
src/orchestration/phases/phase-transition/PhaseTransitionStateMachine.ts(64,15): error TS2693: 'PhaseState' only refers to a type, but is being used as a value here.
src/orchestration/phases/phase-transition/PhaseTransitionStateMachine.ts(64,56): error TS2339: Property 'VALIDATION_FAILED' does not exist on type 'typeof PhaseEvent'.
src/orchestration/phases/phase-transition/PhaseTransitionStateMachine.ts(64,79): error TS2693: 'PhaseState' only refers to a type, but is being used as a value here.
src/orchestration/phases/phase-transition/PhaseTransitionStateMachine.ts(65,15): error TS2693: 'PhaseState' only refers to a type, but is being used as a value here.
src/orchestration/phases/phase-transition/PhaseTransitionStateMachine.ts(65,52): error TS2339: Property 'ROLLBACK_INITIATED' does not exist on type 'typeof PhaseEvent'.
src/orchestration/phases/phase-transition/PhaseTransitionStateMachine.ts(65,76): error TS2693: 'PhaseState' only refers to a type, but is being used as a value here.
src/orchestration/phases/phase-transition/PhaseTransitionStateMachine.ts(67,15): error TS2693: 'PhaseState' only refers to a type, but is being used as a value here.
src/orchestration/phases/phase-transition/PhaseTransitionStateMachine.ts(67,54): error TS2339: Property 'CANCEL_PHASE' does not exist on type 'typeof PhaseEvent'.
src/orchestration/phases/phase-transition/PhaseTransitionStateMachine.ts(67,72): error TS2693: 'PhaseState' only refers to a type, but is being used as a value here.
src/orchestration/phases/phase-transition/PhaseTransitionStateMachine.ts(68,15): error TS2693: 'PhaseState' only refers to a type, but is being used as a value here.
src/orchestration/phases/phase-transition/PhaseTransitionStateMachine.ts(68,57): error TS2339: Property 'CANCEL_PHASE' does not exist on type 'typeof PhaseEvent'.
src/orchestration/phases/phase-transition/PhaseTransitionStateMachine.ts(68,75): error TS2693: 'PhaseState' only refers to a type, but is being used as a value here.
src/orchestration/phases/phase-transition/PhaseTransitionStateMachine.ts(69,15): error TS2693: 'PhaseState' only refers to a type, but is being used as a value here.
src/orchestration/phases/phase-transition/PhaseTransitionStateMachine.ts(69,56): error TS2339: Property 'CANCEL_PHASE' does not exist on type 'typeof PhaseEvent'.
src/orchestration/phases/phase-transition/PhaseTransitionStateMachine.ts(69,74): error TS2693: 'PhaseState' only refers to a type, but is being used as a value here.
src/orchestration/phases/phase-transition/PhaseTransitionStateMachine.ts(73,21): error TS2693: 'PhaseState' only refers to a type, but is being used as a value here.
src/orchestration/phases/phase-transition/PhaseTransitionStateMachine.ts(75,29): error TS2693: 'PhaseState' only refers to a type, but is being used as a value here.
src/orchestration/phases/phase-transition/PhaseTransitionStateMachine.ts(170,7): error TS2693: 'PhaseState' only refers to a type, but is being used as a value here.
src/orchestration/phases/phase-transition/PhaseTransitionStateMachine.ts(171,7): error TS2693: 'PhaseState' only refers to a type, but is being used as a value here.
src/orchestration/phases/phase-transition/PhaseTransitionStateMachine.ts(172,7): error TS2693: 'PhaseState' only refers to a type, but is being used as a value here.
src/orchestration/phases/phase-transition/PhaseTransitionStateMachine.ts(173,7): error TS2693: 'PhaseState' only refers to a type, but is being used as a value here.
src/orchestration/phases/phase-transition/PhaseTransitionStateMachine.ts(188,47): error TS2693: 'TransitionState' only refers to a type, but is being used as a value here.
src/orchestration/phases/phase-transition/PhaseTransitionStateMachine.ts(191,34): error TS2693: 'TransitionState' only refers to a type, but is being used as a value here.
src/orchestration/phases/phase-transition/PhaseTransitionStateMachine.ts(203,32): error TS2693: 'TransitionState' only refers to a type, but is being used as a value here.
src/orchestration/phases/phase-transition/PhaseTransitionStateMachine.ts(206,15): error TS2693: 'TransitionState' only refers to a type, but is being used as a value here.
src/orchestration/phases/phase-transition/PhaseTransitionStateMachine.ts(206,63): error TS2339: Property 'START_TRANSITION' does not exist on type 'typeof TransitionEvent'.
src/orchestration/phases/phase-transition/PhaseTransitionStateMachine.ts(206,85): error TS2693: 'TransitionState' only refers to a type, but is being used as a value here.
src/orchestration/phases/phase-transition/PhaseTransitionStateMachine.ts(207,15): error TS2693: 'TransitionState' only refers to a type, but is being used as a value here.
src/orchestration/phases/phase-transition/PhaseTransitionStateMachine.ts(207,80): error TS2339: Property 'PREREQUISITES_VALIDATED' does not exist on type 'typeof TransitionEvent'.
src/orchestration/phases/phase-transition/PhaseTransitionStateMachine.ts(207,109): error TS2693: 'TransitionState' only refers to a type, but is being used as a value here.
src/orchestration/phases/phase-transition/PhaseTransitionStateMachine.ts(208,15): error TS2693: 'TransitionState' only refers to a type, but is being used as a value here.
src/orchestration/phases/phase-transition/PhaseTransitionStateMachine.ts(208,80): error TS2339: Property 'TRANSITION_FAILED' does not exist on type 'typeof TransitionEvent'.
src/orchestration/phases/phase-transition/PhaseTransitionStateMachine.ts(208,103): error TS2693: 'TransitionState' only refers to a type, but is being used as a value here.
src/orchestration/phases/phase-transition/PhaseTransitionStateMachine.ts(209,15): error TS2693: 'TransitionState' only refers to a type, but is being used as a value here.
src/orchestration/phases/phase-transition/PhaseTransitionStateMachine.ts(209,65): error TS2339: Property 'EXECUTION_COMPLETED' does not exist on type 'typeof TransitionEvent'.
src/orchestration/phases/phase-transition/PhaseTransitionStateMachine.ts(209,90): error TS2693: 'TransitionState' only refers to a type, but is being used as a value here.
src/orchestration/phases/phase-transition/PhaseTransitionStateMachine.ts(210,15): error TS2693: 'TransitionState' only refers to a type, but is being used as a value here.
src/orchestration/phases/phase-transition/PhaseTransitionStateMachine.ts(210,65): error TS2339: Property 'TRANSITION_FAILED' does not exist on type 'typeof TransitionEvent'.
src/orchestration/phases/phase-transition/PhaseTransitionStateMachine.ts(210,88): error TS2693: 'TransitionState' only refers to a type, but is being used as a value here.
src/orchestration/phases/phase-transition/PhaseTransitionStateMachine.ts(211,15): error TS2693: 'TransitionState' only refers to a type, but is being used as a value here.
src/orchestration/phases/phase-transition/PhaseTransitionStateMachine.ts(211,77): error TS2339: Property 'COMPLETION_VALIDATED' does not exist on type 'typeof TransitionEvent'.
src/orchestration/phases/phase-transition/PhaseTransitionStateMachine.ts(211,103): error TS2693: 'TransitionState' only refers to a type, but is being used as a value here.
src/orchestration/phases/phase-transition/PhaseTransitionStateMachine.ts(212,15): error TS2693: 'TransitionState' only refers to a type, but is being used as a value here.
src/orchestration/phases/phase-transition/PhaseTransitionStateMachine.ts(212,77): error TS2339: Property 'TRANSITION_FAILED' does not exist on type 'typeof TransitionEvent'.
src/orchestration/phases/phase-transition/PhaseTransitionStateMachine.ts(212,100): error TS2693: 'TransitionState' only refers to a type, but is being used as a value here.
src/orchestration/phases/phase-transition/PhaseTransitionStateMachine.ts(213,15): error TS2693: 'TransitionState' only refers to a type, but is being used as a value here.
src/orchestration/phases/phase-transition/PhaseTransitionStateMachine.ts(213,62): error TS2339: Property 'ROLLBACK_INITIATED' does not exist on type 'typeof TransitionEvent'.
src/orchestration/phases/phase-transition/PhaseTransitionStateMachine.ts(213,86): error TS2693: 'TransitionState' only refers to a type, but is being used as a value here.
src/orchestration/phases/phase-transition/PhaseTransitionStateMachine.ts(217,21): error TS2693: 'TransitionState' only refers to a type, but is being used as a value here.
src/orchestration/phases/phase-transition/PhaseTransitionStateMachine.ts(219,29): error TS2693: 'TransitionState' only refers to a type, but is being used as a value here.
src/orchestration/phases/phase-transition/PhaseTransitionStateMachine.ts(310,7): error TS2693: 'TransitionState' only refers to a type, but is being used as a value here.
src/orchestration/phases/phase-transition/PhaseTransitionStateMachine.ts(311,7): error TS2693: 'TransitionState' only refers to a type, but is being used as a value here.
src/orchestration/phases/phase-transition/PhaseTransitionStateMachine.ts(312,7): error TS2693: 'TransitionState' only refers to a type, but is being used as a value here.
src/orchestration/phases/phase-transition/PhaseTransitionValidator.ts(10,3): error TS2724: '"./PhaseTransitionTypes"' has no exported member named 'TransitionValidation'. Did you mean 'TransitionValidationResult'?
src/orchestration/phases/phase-transition/PhaseTransitionValidator.ts(42,25): error TS18048: 'prerequisites' is possibly 'undefined'.
src/orchestration/phases/phase-transition/PhaseTransitionValidator.ts(43,28): error TS18048: 'prerequisites' is possibly 'undefined'.
src/orchestration/phases/phase-transition/PhaseTransitionValidator.ts(47,42): error TS2339: Property 'blocking' does not exist on type 'PhasePrerequisite'.
src/orchestration/phases/phase-transition/PhaseTransitionValidator.ts(65,33): error TS2339: Property 'prerequisiteId' does not exist on type 'PhasePrerequisite'.
src/orchestration/phases/phase-transition/PhaseTransitionValidator.ts(74,9): error TS2353: Object literal may only specify known properties, and 'validationId' does not exist in type 'ValidationResult'.
src/orchestration/phases/phase-transition/PhaseTransitionValidator.ts(74,46): error TS2339: Property 'prerequisiteId' does not exist on type 'PhasePrerequisite'.
src/orchestration/phases/phase-transition/PhaseTransitionValidator.ts(75,37): error TS2339: Property 'prerequisiteId' does not exist on type 'PhasePrerequisite'.
src/orchestration/phases/phase-transition/PhaseTransitionValidator.ts(80,51): error TS2339: Property 'type' does not exist on type 'PhasePrerequisite'.
src/orchestration/phases/phase-transition/PhaseTransitionValidator.ts(84,9): error TS2353: Object literal may only specify known properties, and 'validationId' does not exist in type 'ValidationResult'.
src/orchestration/phases/phase-transition/PhaseTransitionValidator.ts(84,46): error TS2339: Property 'prerequisiteId' does not exist on type 'PhasePrerequisite'.
src/orchestration/phases/phase-transition/PhaseTransitionValidator.ts(85,37): error TS2339: Property 'prerequisiteId' does not exist on type 'PhasePrerequisite'.
src/orchestration/phases/phase-transition/PhaseTransitionValidator.ts(88,53): error TS18046: 'error' is of type 'unknown'.
src/orchestration/phases/phase-transition/PhaseTransitionValidator.ts(90,27): error TS18046: 'error' is of type 'unknown'.
src/orchestration/phases/phase-transition/PhaseTransitionValidator.ts(102,33): error TS2339: Property 'timeout' does not exist on type 'PhasePrerequisite'.
src/orchestration/phases/phase-transition/PhaseTransitionValidator.ts(105,78): error TS2339: Property 'timeout' does not exist on type 'PhasePrerequisite'.
src/orchestration/phases/phase-transition/PhaseTransitionValidator.ts(130,26): error TS2339: Property 'type' does not exist on type 'PhasePrerequisite'.
src/orchestration/phases/phase-transition/PhaseTransitionValidator.ts(206,25): error TS18048: 'exitCriteria' is possibly 'undefined'.
src/orchestration/phases/phase-transition/PhaseTransitionValidator.ts(206,38): error TS2339: Property 'length' does not exist on type 'ExitCriteria'.
src/orchestration/phases/phase-transition/PhaseTransitionValidator.ts(207,24): error TS18048: 'exitCriteria' is possibly 'undefined'.
src/orchestration/phases/phase-transition/PhaseTransitionValidator.ts(207,24): error TS7053: Element implicitly has an 'any' type because expression of type 'number' can't be used to index type 'ExitCriteria'.
  No index signature with a parameter of type 'number' was found on type 'ExitCriteria'.
src/orchestration/phases/phase-transition/PhaseTransitionValidator.ts(225,29): error TS2551: Property 'criteriaId' does not exist on type 'ExitCriteria'. Did you mean 'criteria'?
src/orchestration/phases/phase-transition/PhaseTransitionValidator.ts(234,9): error TS2561: Object literal may only specify known properties, but 'criteriaId' does not exist in type 'ExitCriteriaResult'. Did you mean to write 'criteria'?
src/orchestration/phases/phase-transition/PhaseTransitionValidator.ts(234,30): error TS2551: Property 'criteriaId' does not exist on type 'ExitCriteria'. Did you mean 'criteria'?
src/orchestration/phases/phase-transition/PhaseTransitionValidator.ts(237,26): error TS2339: Property 'weight' does not exist on type 'ExitCriteria'.
src/orchestration/phases/phase-transition/PhaseTransitionValidator.ts(238,46): error TS2339: Property 'weight' does not exist on type 'ExitCriteria'.
src/orchestration/phases/phase-transition/PhaseTransitionValidator.ts(239,32): error TS2339: Property 'type' does not exist on type 'ExitCriteria'.
src/orchestration/phases/phase-transition/PhaseTransitionValidator.ts(241,47): error TS2339: Property 'requirement' does not exist on type 'ExitCriteria'.
src/orchestration/phases/phase-transition/PhaseTransitionValidator.ts(245,9): error TS2561: Object literal may only specify known properties, but 'criteriaId' does not exist in type 'ExitCriteriaResult'. Did you mean to write 'criteria'?
src/orchestration/phases/phase-transition/PhaseTransitionValidator.ts(245,30): error TS2551: Property 'criteriaId' does not exist on type 'ExitCriteria'. Did you mean 'criteria'?
src/orchestration/phases/phase-transition/PhaseTransitionValidator.ts(248,26): error TS2339: Property 'weight' does not exist on type 'ExitCriteria'.
src/orchestration/phases/phase-transition/PhaseTransitionValidator.ts(250,45): error TS2551: Property 'criteriaId' does not exist on type 'ExitCriteria'. Did you mean 'criteria'?
src/orchestration/phases/phase-transition/PhaseTransitionValidator.ts(252,47): error TS2339: Property 'requirement' does not exist on type 'ExitCriteria'.
src/orchestration/phases/phase-transition/PhaseTransitionValidator.ts(264,29): error TS2339: Property 'requirement' does not exist on type 'ExitCriteria'.
src/orchestration/phases/phase-transition/PhaseTransitionValidator.ts(271,22): error TS2339: Property 'type' does not exist on type 'ExitCriteria'.
src/orchestration/phases/phase-transition/PhaseTransitionValidator.ts(302,29): error TS2339: Property 'criteriaId' does not exist on type 'QualityGateCriteria'.
src/orchestration/phases/phase-transition/PhaseTransitionValidator.ts(315,9): error TS2561: Object literal may only specify known properties, but 'criteriaId' does not exist in type 'CriteriaResult'. Did you mean to write 'criteria'?
src/orchestration/phases/phase-transition/PhaseTransitionValidator.ts(315,30): error TS2339: Property 'criteriaId' does not exist on type 'QualityGateCriteria'.
src/orchestration/phases/phase-transition/PhaseTransitionValidator.ts(326,9): error TS2561: Object literal may only specify known properties, but 'criteriaId' does not exist in type 'CriteriaResult'. Did you mean to write 'criteria'?
src/orchestration/phases/phase-transition/PhaseTransitionValidator.ts(326,30): error TS2339: Property 'criteriaId' does not exist on type 'QualityGateCriteria'.
src/orchestration/phases/phase-transition/PhaseTransitionValidator.ts(332,38): error TS2339: Property 'criteriaId' does not exist on type 'QualityGateCriteria'.
src/orchestration/phases/phase-transition/PhaseTransitionValidator.ts(344,29): error TS2339: Property 'category' does not exist on type 'QualityGateCriteria'.
src/orchestration/phases/phase-transition/PhaseTransitionValidator.ts(347,22): error TS2339: Property 'category' does not exist on type 'QualityGateCriteria'.
src/orchestration/phases/phase-transition/PhaseTransitionValidator.ts(382,36): error TS2551: Property 'validations' does not exist on type 'PhaseTransition'. Did you mean 'validation'?
src/orchestration/phases/phase-transition/PhaseTransitionValidator.ts(390,19): error TS2339: Property 'passed' does not exist on type 'TransitionValidationResult'.
src/orchestration/phases/phase-transition/PhaseTransitionValidator.ts(419,9): error TS2353: Object literal may only specify known properties, and 'validationId' does not exist in type 'TransitionValidationResult'.
src/orchestration/phases/phase-transition/PhaseTransitionValidator.ts(430,9): error TS2353: Object literal may only specify known properties, and 'validationId' does not exist in type 'TransitionValidationResult'.
src/orchestration/quality/CompilationErrorResolver.ts(5,15): error TS2307: Cannot find module './CompilationErrorResolverFacade' or its corresponding type declarations.
src/orchestration/quality/components/GateRegistry.ts(5,15): error TS2307: Cannot find module './GateRegistryFacade' or its corresponding type declarations.
src/orchestration/quality/core/QualityGateCore.ts(8,3): error TS2305: Module '"./QualityGateTypes"' has no exported member 'QualityGateDefinition'.
src/orchestration/quality/core/QualityGateCore.ts(9,3): error TS2305: Module '"./QualityGateTypes"' has no exported member 'QualitySequence'.
src/orchestration/quality/core/QualityGateCore.ts(10,3): error TS2305: Module '"./QualityGateTypes"' has no exported member 'SequenceExecution'.
src/orchestration/quality/core/QualityGateCore.ts(11,3): error TS2305: Module '"./QualityGateTypes"' has no exported member 'QualityGateExecution'.
src/orchestration/quality/core/QualityGateCore.ts(124,33): error TS7006: Parameter 'gate' implicitly has an 'any' type.
src/orchestration/quality/core/QualityGateTypes.ts(5,15): error TS2307: Cannot find module './QualityGateTypesFacade' or its corresponding type declarations.
src/orchestration/quality/di/QualityGateContainer.ts(5,15): error TS2307: Cannot find module './QualityGateContainerFacade' or its corresponding type declarations.
src/orchestration/quality/ErrorHandlingSystem.ts(5,15): error TS2307: Cannot find module './ErrorHandlingSystemFacade' or its corresponding type declarations.
src/orchestration/quality/EventBus-FSM.ts(8,28): error TS2307: Cannot find module 'inversify' or its corresponding type declarations.
src/orchestration/quality/EventBus-FSM.ts(9,10): error TS2305: Module '"../../events/fsm/facade/EventFSM"' has no exported member 'EventFSM'.
src/orchestration/quality/EventBus-FSM.ts(127,42): error TS7006: Parameter 'data' implicitly has an 'any' type.
src/orchestration/quality/EventBus-FSM.ts(131,38): error TS7006: Parameter 'data' implicitly has an 'any' type.
src/orchestration/quality/EventBus-ORIGINAL.ts(5,15): error TS2307: Cannot find module './EventBus-ORIGINALFacade' or its corresponding type declarations.
src/orchestration/quality/EventBus.ts(8,28): error TS2307: Cannot find module 'inversify' or its corresponding type declarations.
src/orchestration/quality/EventBus.ts(9,10): error TS2305: Module '"../../events/fsm/facade/EventFSM"' has no exported member 'EventFSM'.
src/orchestration/quality/EventBus.ts(127,42): error TS7006: Parameter 'data' implicitly has an 'any' type.
src/orchestration/quality/EventBus.ts(131,38): error TS7006: Parameter 'data' implicitly has an 'any' type.
src/orchestration/quality/EventBusFacade.ts(79,11): error TS2722: Cannot invoke an object which is possibly 'undefined'.
src/orchestration/quality/events/EventBus-ORIGINAL.ts(5,15): error TS2307: Cannot find module './EventBus-ORIGINALFacade' or its corresponding type declarations.
src/orchestration/quality/events/EventBus.ts(8,28): error TS2307: Cannot find module 'inversify' or its corresponding type declarations.
src/orchestration/quality/events/EventBus.ts(9,26): error TS2307: Cannot find module '../../events/fsm/facade/EventFSM' or its corresponding type declarations.
src/orchestration/quality/events/EventBus.ts(127,42): error TS7006: Parameter 'data' implicitly has an 'any' type.
src/orchestration/quality/events/EventBus.ts(131,38): error TS7006: Parameter 'data' implicitly has an 'any' type.
src/orchestration/quality/fsm/CollectorBaseFSM.ts(51,9): error TS2353: Object literal may only specify known properties, and '[CollectorState.IDLE]' does not exist in type 'FSMTransition[]'.
src/orchestration/quality/fsm/CollectorBaseFSM.ts(73,5): error TS2820: Type 'CollectorState.IDLE' is not assignable to type 'FSMState'. Did you mean 'FSMState.IDLE'?
src/orchestration/quality/fsm/ExecutorBaseFSM.ts(51,9): error TS2353: Object literal may only specify known properties, and '[ExecutorState.IDLE]' does not exist in type 'FSMTransition[]'.
src/orchestration/quality/fsm/ExecutorBaseFSM.ts(73,5): error TS2820: Type 'ExecutorState.IDLE' is not assignable to type 'FSMState'. Did you mean 'FSMState.IDLE'?
src/orchestration/quality/fsm/QualityGateStateMachine.ts(60,11): error TS2564: Property 'transitions' has no initializer and is not definitely assigned in the constructor.
src/orchestration/quality/fsm/QualityGateStateMachine.ts(61,11): error TS2564: Property 'stateHandlers' has no initializer and is not definitely assigned in the constructor.
src/orchestration/quality/GateExecutorFacade.ts(21,41): error TS2355: A function whose declared type is neither 'undefined', 'void', nor 'any' must return a value.
src/orchestration/quality/GateRegistry.ts(5,15): error TS2307: Cannot find module './GateRegistryFacade' or its corresponding type declarations.
src/orchestration/quality/MetricsCollectorFacade.ts(21,41): error TS2355: A function whose declared type is neither 'undefined', 'void', nor 'any' must return a value.
src/orchestration/quality/monitoring/QualityGateMonitor.ts(5,15): error TS2307: Cannot find module './QualityGateMonitorFacade' or its corresponding type declarations.
src/orchestration/quality/QualityGateFacade.ts(8,10): error TS2305: Module '"./validation/QualityGateValidator"' has no exported member 'QualityGateValidator'.
src/orchestration/quality/QualityGateFacade.ts(10,10): error TS2305: Module '"./monitoring/QualityGateMonitor"' has no exported member 'QualityGateMonitor'.
src/orchestration/quality/QualityGateFacade.ts(11,10): error TS2305: Module '"./reporting/QualityGateReporter"' has no exported member 'QualityGateReporter'.
src/orchestration/quality/QualityGateFacade.ts(13,3): error TS2305: Module '"./core/QualityGateTypes"' has no exported member 'QualityGateDefinition'.
src/orchestration/quality/QualityGateFacade.ts(14,3): error TS2305: Module '"./core/QualityGateTypes"' has no exported member 'QualitySequence'.
src/orchestration/quality/QualityGateFacade.ts(15,3): error TS2305: Module '"./core/QualityGateTypes"' has no exported member 'SequenceExecution'.
src/orchestration/quality/QualityGateFacade.ts(43,47): error TS2554: Expected 0 arguments, but got 1.
src/orchestration/quality/QualityGateFacade.ts(76,43): error TS7006: Parameter 'data' implicitly has an 'any' type.
src/orchestration/quality/QualityGateFacade.ts(79,20): error TS2339: Property 'on' does not exist on type 'QualityGateProcessor'.
src/orchestration/quality/QualityGateFacade.ts(79,50): error TS7006: Parameter 'data' implicitly has an 'any' type.
src/orchestration/quality/QualityGateFacade.ts(234,20): error TS2339: Property 'destroy' does not exist on type 'QualityGateProcessor'.
src/orchestration/quality/QualityGateStateMachine.ts(5,15): error TS2307: Cannot find module './QualityGateStateMachineFacade' or its corresponding type declarations.
src/orchestration/quality/reporting/QualityGateReporter.ts(5,15): error TS2307: Cannot find module './QualityGateReporterFacade' or its corresponding type declarations.
src/orchestration/quality/reporting/QualityReporterFSM.ts(8,38): error TS2307: Cannot find module './states/TemplateStateHandler' or its corresponding type declarations.
src/orchestration/quality/reporting/QualityReporterFSM.ts(9,40): error TS2307: Cannot find module './states/GenerationStateHandler' or its corresponding type declarations.
src/orchestration/quality/reporting/QualityReporterFSM.ts(10,38): error TS2307: Cannot find module './states/DeliveryStateHandler' or its corresponding type declarations.
src/orchestration/quality/reporting/QualityReporterFSM.ts(11,38): error TS2307: Cannot find module './core/ReporterErrorHandler' or its corresponding type declarations.
src/orchestration/quality/reporting/QualityReporterFSM.ts(12,41): error TS2307: Cannot find module './core/ReporterTransitionGuard' or its corresponding type declarations.
src/orchestration/quality/reporting/QualityReporterFSM.ts(107,40): error TS2345: Argument of type 'unknown' is not assignable to parameter of type 'Error'.
src/orchestration/quality/validation/QualityGateProcessor.ts(10,31): error TS2307: Cannot find module '../../validation/fsm/ValidationFSM' or its corresponding type declarations.
src/orchestration/quality/validation/QualityGateProcessor.ts(73,9): error TS2693: 'ValidationType' only refers to a type, but is being used as a value here.
src/orchestration/quality/validation/QualityGateProcessor.ts(74,9): error TS2693: 'ComplianceLevel' only refers to a type, but is being used as a value here.
src/orchestration/quality/validation/QualityGateValidator.ts(5,15): error TS2307: Cannot find module './QualityGateValidatorFacade' or its corresponding type declarations.
src/performance/analysis/PerformanceAnalyzer.ts(5,15): error TS2307: Cannot find module './PerformanceAnalyzerFacade' or its corresponding type declarations.
src/performance/BaselineComparatorFacade.ts(21,41): error TS2355: A function whose declared type is neither 'undefined', 'void', nor 'any' must return a value.
src/performance/benchmarker/BenchmarkExecutorFacade.ts(21,41): error TS2355: A function whose declared type is neither 'undefined', 'void', nor 'any' must return a value.
src/performance/benchmarker/CICDPerformanceBenchmarker.ts(14,15): error TS2307: Cannot find module './CICDPerformanceBenchmarkerFacade' or its corresponding type declarations.
src/performance/benchmarker/fsm/BenchmarkExecutorFSM.ts(32,12): error TS2304: Cannot find name 'PerformanceMetrics'.
src/performance/benchmarker/fsm/BenchmarkExecutorFSM.ts(39,12): error TS2304: Cannot find name 'CICDDomain'.
src/performance/benchmarker/fsm/BenchmarkExecutorFSM.ts(40,15): error TS2304: Cannot find name 'TestSuite'.
src/performance/benchmarker/fsm/BenchmarkExecutorFSM.ts(41,16): error TS2304: Cannot find name 'PerformanceConstraints'.
src/performance/benchmarker/fsm/BenchmarkExecutorFSM.ts(42,15): error TS2304: Cannot find name 'MonitoringConfig'.
src/performance/benchmarker/fsm/BenchmarkExecutorFSM.ts(43,14): error TS2304: Cannot find name 'ReportingConfig'.
src/performance/benchmarker/fsm/BenchmarkExecutorFSM.ts(51,12): error TS2304: Cannot find name 'PerformanceMetrics'.
src/performance/benchmarker/fsm/BenchmarkExecutorFSM.ts(52,15): error TS2304: Cannot find name 'ConstraintViolation'.
src/performance/benchmarker/fsm/core/BenchmarkCore.ts(9,14): error TS2415: Class 'BenchmarkCore' incorrectly extends base class 'import("C:/Users/17175/Desktop/spek template/node_modules/@types/node/events.d.ts")<DefaultEventMap>'.
  Property 'initialize' is private in type 'BenchmarkCore' but not in type 'import("C:/Users/17175/Desktop/spek template/node_modules/@types/node/events.d.ts")<DefaultEventMap>'.
src/performance/benchmarker/fsm/ExecutorBaseFSM.ts(51,9): error TS2353: Object literal may only specify known properties, and '[ExecutorState.IDLE]' does not exist in type 'FSMTransition[]'.
src/performance/benchmarker/fsm/ExecutorBaseFSM.ts(73,5): error TS2820: Type 'ExecutorState.IDLE' is not assignable to type 'FSMState'. Did you mean 'FSMState.IDLE'?
src/performance/benchmarking/AdaptivePerformanceOptimizer.ts(5,15): error TS2307: Cannot find module './AdaptivePerformanceOptimizerFacade' or its corresponding type declarations.
src/performance/benchmarking/RealPerformanceBenchmarker.ts(5,15): error TS2307: Cannot find module './RealPerformanceBenchmarkerFacade' or its corresponding type declarations.
src/performance/BenchmarkReporterFacade.ts(21,41): error TS2355: A function whose declared type is neither 'undefined', 'void', nor 'any' must return a value.
src/performance/cli/BenchmarkCLI.ts(5,15): error TS2307: Cannot find module './BenchmarkCLIFacade' or its corresponding type declarations.
src/performance/cli/PerformanceTheaterDetector.ts(5,15): error TS2307: Cannot find module './PerformanceTheaterDetectorFacade' or its corresponding type declarations.
src/performance/CPUProfiler-fsm/CPUProfilerCore.ts(5,15): error TS2307: Cannot find module './CPUProfilerCoreFacade' or its corresponding type declarations.
src/performance/CPUProfiler-fsm/CPUProfilerFacade.ts(4,10): error TS2305: Module '"./CPUProfilerCore"' has no exported member 'CPUProfilerCore'.
src/performance/CPUProfiler-fsm/CPUProfilerFacade.ts(18,29): error TS2345: Argument of type '"START"' is not assignable to parameter of type 'CPUProfilerEvents'.
src/performance/CPUProfiler-fsm/CPUProfilerFacade.ts(20,29): error TS2345: Argument of type '"COMPLETE"' is not assignable to parameter of type 'CPUProfilerEvents'.
src/performance/CPUProfiler-fsm/CPUProfilerTypes.ts(10,11): error TS2304: Cannot find name 'CPUHotspot'.
src/performance/CPUProfiler-fsm/CPUProfilerTypes.ts(11,12): error TS2304: Cannot find name 'FunctionProfile'.
src/performance/CPUProfiler-fsm/CPUProfilerTypes.ts(12,11): error TS2304: Cannot find name 'CallTreeNode'.
src/performance/CPUProfiler-fsm/CPUProfilerTypes.ts(13,11): error TS2304: Cannot find name 'CPUAnalysis'.
src/performance/CPUProfilerFSM.ts(9,38): error TS2307: Cannot find module './states/AnalysisStateHandler' or its corresponding type declarations.
src/performance/CPUProfilerFSM.ts(10,39): error TS2307: Cannot find module './states/ReportingStateHandler' or its corresponding type declarations.
src/performance/CPUProfilerFSM.ts(11,38): error TS2307: Cannot find module './core/ProfilerErrorHandler' or its corresponding type declarations.
src/performance/CPUProfilerFSM.ts(12,41): error TS2307: Cannot find module './core/ProfilerTransitionGuard' or its corresponding type declarations.
src/performance/CPUProfilerFSM.ts(82,40): error TS2345: Argument of type 'unknown' is not assignable to parameter of type 'Error'.
src/performance/load/LoadTester.ts(5,15): error TS2307: Cannot find module './LoadTesterFacade' or its corresponding type declarations.
src/performance/LoadGenerator.ts(5,15): error TS2307: Cannot find module './LoadGeneratorFacade' or its corresponding type declarations.
src/performance/MemoryProfiler.ts(5,15): error TS2307: Cannot find module './MemoryProfilerFacade' or its corresponding type declarations.
src/performance/MetricsCollector.ts(80,11): error TS2564: Property 'performanceObserver' has no initializer and is not definitely assigned in the constructor.
src/performance/MetricsCollector.ts(107,53): error TS2322: Type '"navigation"' is not assignable to type 'EntryType'.
src/performance/MetricsCollector.ts(120,7): error TS2322: Type '() => void' is not assignable to type 'GCFunction'.
  Type 'void' is not assignable to type 'Promise<void>'.
src/performance/MetricsCollector.ts(211,46): error TS2367: This comparison appears to be unintentional because the types 'EntryType' and '"navigation"' have no overlap.
src/performance/NetworkProfilerFacade.ts(21,41): error TS2355: A function whose declared type is neither 'undefined', 'void', nor 'any' must return a value.
src/performance/optimization/LatencyAnalyzer.ts(5,15): error TS2307: Cannot find module './LatencyAnalyzerFacade' or its corresponding type declarations.
src/performance/PerformanceBenchmarker.ts(7,10): error TS2305: Module '"./LoadGenerator"' has no exported member 'LoadGenerator'.
src/performance/PerformanceBenchmarker.ts(9,10): error TS2305: Module '"./MemoryProfiler"' has no exported member 'MemoryProfiler'.
src/performance/PerformanceBenchmarker.ts(10,29): error TS2307: Cannot find module './CPUProfiler' or its corresponding type declarations.
src/performance/PerformanceBenchmarker.ts(11,10): error TS2305: Module '"./NetworkProfiler"' has no exported member 'NetworkProfiler'.
src/performance/PerformanceBenchmarker.ts(12,10): error TS2305: Module '"./BenchmarkReporter"' has no exported member 'BenchmarkReporter'.
src/performance/PerformanceBenchmarker.ts(14,10): error TS2724: '"./BaselineComparator"' has no exported member named 'BaselineComparator'. Did you mean 'BaselineComparatorFacade'?
src/performance/PerformanceBenchmarker.ts(15,10): error TS2724: '"./RegressionDetector"' has no exported member named 'RegressionDetector'. Did you mean 'RegressionDetectorFacade'?
src/performance/PerformanceBenchmarker.ts(99,11): error TS2564: Property 'crossPlatformRunner' has no initializer and is not definitely assigned in the constructor.
src/performance/PerformanceBenchmarker.ts(100,11): error TS2564: Property 'metricsCollector' has no initializer and is not definitely assigned in the constructor.
src/performance/PerformanceBenchmarker.ts(102,11): error TS2564: Property 'stressTestRunner' has no initializer and is not definitely assigned in the constructor.
src/performance/PerformanceBenchmarker.ts(107,11): error TS2564: Property 'analyzer' has no initializer and is not definitely assigned in the constructor.
src/performance/PerformanceBenchmarker.ts(110,11): error TS2564: Property 'performanceObserver' has no initializer and is not definitely assigned in the constructor.
src/performance/PerformanceBenchmarker.ts(142,51): error TS2322: Type '"navigation"' is not assignable to type 'EntryType'.
src/performance/PerformanceBenchmarker.ts(319,33): error TS2339: Property 'calculateStatistics' does not exist on type 'PerformanceAnalyzer'.
src/performance/PerformanceBenchmarker.ts(320,39): error TS2339: Property 'calculateMemoryStatistics' does not exist on type 'PerformanceAnalyzer'.
src/performance/PerformanceBenchmarker.ts(321,36): error TS2339: Property 'calculateCPUStatistics' does not exist on type 'PerformanceAnalyzer'.
src/performance/PerformanceBenchmarker.ts(416,51): error TS2345: Argument of type 'import("C:/Users/17175/Desktop/spek template/src/performance/PerformanceBenchmarker").BenchmarkResult[]' is not assignable to parameter of type 'import("C:/Users/17175/Desktop/spek template/src/performance/analysis/fsm/PerformanceAnalysisStateMachine").BenchmarkResult[]'.
  Type 'BenchmarkResult' is missing the following properties from type 'BenchmarkResult': id, testName, memoryUsage, cpuUsage, metadata
src/performance/RealPerformanceBenchmarker.ts(5,15): error TS2307: Cannot find module './RealPerformanceBenchmarkerFacade' or its corresponding type declarations.
src/performance/RegressionDetectorFacade.ts(21,41): error TS2355: A function whose declared type is neither 'undefined', 'void', nor 'any' must return a value.
src/performance/reporting/ReportGenerator.ts(5,15): error TS2307: Cannot find module './ReportGeneratorFacade' or its corresponding type declarations.
src/performance/states/ProfilingStateHandler.ts(8,35): error TS2307: Cannot find module '../core/V8ProfilerManager' or its corresponding type declarations.
src/performance/states/ProfilingStateHandler.ts(109,67): error TS2345: Argument of type 'CpuUsage | null' is not assignable to parameter of type 'CpuUsage | undefined'.
  Type 'null' is not assignable to type 'CpuUsage | undefined'.
src/performance/stress-test/states/PhaseExecutionState.ts(8,10): error TS2305: Module '"../../LoadGenerator"' has no exported member 'LoadGenerator'.
src/performance/stress-test/states/PhaseExecutionState.ts(8,25): error TS2305: Module '"../../LoadGenerator"' has no exported member 'LoadConfig'.
src/performance/stress-test/states/PhaseExecutionState.ts(10,10): error TS2305: Module '"../../MemoryProfiler"' has no exported member 'MemoryProfiler'.
src/performance/stress-test/states/PhaseExecutionState.ts(11,29): error TS2307: Cannot find module '../../CPUProfiler' or its corresponding type declarations.
src/performance/stress-test/StressTestRunnerFacade.ts(85,46): error TS2339: Property 'runStressTest' does not exist on type 'StressTestOrchestrator'.
src/performance/stress-test/StressTestRunnerFacade.ts(97,29): error TS2339: Property 'stopStressTest' does not exist on type 'StressTestOrchestrator'.
src/performance/stress-test/StressTestRunnerFacade.ts(104,30): error TS2339: Property 'isRunning' does not exist on type 'StressTestOrchestrator'.
src/performance/stress-test/StressTestRunnerFacade.ts(151,30): error TS2339: Property 'getCurrentState' does not exist on type 'StressTestOrchestrator'.
src/performance/testing/CrossPlatformTestRunner.ts(5,15): error TS2307: Cannot find module './CrossPlatformTestRunnerFacade' or its corresponding type declarations.
src/performance/testing/PerformanceBenchmarker.ts(5,15): error TS2307: Cannot find module './PerformanceBenchmarkerFacade' or its corresponding type declarations.
src/PhaseTransitionMonitor.ts(7,21): error TS2459: Module '"../types/base/primitives"' declares 'Milliseconds' locally, but it is not exported.
src/PhaseTransitionReporter.ts(7,21): error TS2459: Module '"../types/base/primitives"' declares 'Milliseconds' locally, but it is not exported.
src/princesses/deployment/adapters/QueenToDeploymentAdapter.ts(5,15): error TS2307: Cannot find module './QueenToDeploymentAdapterFacade' or its corresponding type declarations.
src/princesses/deployment/BlueGreenDeployment.ts(4,10): error TS2305: Module '"./monitoring/DeploymentMetrics"' has no exported member 'DeploymentMetrics'.
src/princesses/deployment/BlueGreenDeployment.ts(57,90): error TS2353: Object literal may only specify known properties, and 'config' does not exist in type 'Partial<LogContext>'.
src/princesses/deployment/BlueGreenDeployment.ts(85,9): error TS2353: Object literal may only specify known properties, and 'deploymentId' does not exist in type 'Partial<LogContext>'.
src/princesses/deployment/BlueGreenDeployment.ts(92,59): error TS2353: Object literal may only specify known properties, and 'error' does not exist in type 'Partial<LogContext>'.
src/princesses/deployment/BlueGreenDeployment.ts(99,53): error TS2353: Object literal may only specify known properties, and 'rollbackError' does not exist in type 'Partial<LogContext>'.
src/princesses/deployment/BlueGreenDeployment.ts(121,11): error TS2554: Expected 1 arguments, but got 2.
src/princesses/deployment/BlueGreenDeployment.ts(143,69): error TS2353: Object literal may only specify known properties, and 'error' does not exist in type 'Partial<LogContext>'.
src/princesses/deployment/BlueGreenDeployment.ts(172,40): error TS2341: Property 'switchTraffic' is private and only accessible within class 'ContainerOrchestrator'.
src/princesses/deployment/BlueGreenDeployment.ts(173,9): error TS2345: Argument of type 'DeploymentConfig' is not assignable to parameter of type 'string'.
src/princesses/deployment/BlueGreenDeployment.ts(189,72): error TS2353: Object literal may only specify known properties, and 'error' does not exist in type 'Partial<LogContext>'.
src/princesses/deployment/BlueGreenDeployment.ts(217,57): error TS2353: Object literal may only specify known properties, and 'error' does not exist in type 'Partial<LogContext>'.
src/princesses/deployment/BlueGreenDeployment.ts(247,92): error TS2345: Argument of type 'unknown' is not assignable to parameter of type 'Partial<LogContext> | undefined'.
src/princesses/deployment/BlueGreenDeployment.ts(264,40): error TS2339: Property 'scaleApplication' does not exist on type 'ContainerOrchestrator'.
src/princesses/deployment/BlueGreenDeployment.ts(273,62): error TS2353: Object literal may only specify known properties, and 'error' does not exist in type 'Partial<LogContext>'.
src/princesses/deployment/BlueGreenDeployment.ts(310,63): error TS2353: Object literal may only specify known properties, and 'error' does not exist in type 'Partial<LogContext>'.
src/princesses/deployment/BlueGreenDeployment.ts(336,11): error TS2554: Expected 1 arguments, but got 2.
src/princesses/deployment/BlueGreenDeployment.ts(343,13): error TS2353: Object literal may only specify known properties, and 'health' does not exist in type 'Partial<LogContext>'.
src/princesses/deployment/BlueGreenDeployment.ts(354,67): error TS2353: Object literal may only specify known properties, and 'error' does not exist in type 'Partial<LogContext>'.
src/princesses/deployment/BlueGreenDeployment.ts(378,38): error TS2341: Property 'switchTraffic' is private and only accessible within class 'ContainerOrchestrator'.
src/princesses/deployment/BlueGreenDeployment.ts(378,52): error TS2345: Argument of type 'DeploymentConfig' is not assignable to parameter of type 'string'.
src/princesses/deployment/BlueGreenDeployment.ts(386,7): error TS2554: Expected 1 arguments, but got 2.
src/princesses/deployment/BlueGreenDeployment.ts(419,54): error TS2353: Object literal may only specify known properties, and 'error' does not exist in type 'Partial<LogContext>'.
src/princesses/deployment/CICDPipelineManager.ts(5,15): error TS2307: Cannot find module './CICDPipelineManagerFacade' or its corresponding type declarations.
src/princesses/deployment/ContainerOrchestrator.ts(94,79): error TS2353: Object literal may only specify known properties, and 'config' does not exist in type 'Partial<LogContext>'.
src/princesses/deployment/ContainerOrchestrator.ts(114,79): error TS2345: Argument of type 'unknown' is not assignable to parameter of type 'Partial<LogContext> | undefined'.
src/princesses/deployment/ContainerOrchestrator.ts(160,62): error TS2345: Argument of type 'unknown' is not assignable to parameter of type 'Partial<LogContext> | undefined'.
src/princesses/deployment/ContainerOrchestrator.ts(180,78): error TS2353: Object literal may only specify known properties, and 'config' does not exist in type 'Partial<LogContext>'.
src/princesses/deployment/ContainerOrchestrator.ts(203,80): error TS2345: Argument of type 'unknown' is not assignable to parameter of type 'Partial<LogContext> | undefined'.
src/princesses/deployment/ContainerOrchestrator.ts(253,69): error TS2345: Argument of type 'unknown' is not assignable to parameter of type 'Partial<LogContext> | undefined'.
src/princesses/deployment/ContainerOrchestrator.ts(414,52): error TS2353: Object literal may only specify known properties, and 'config' does not exist in type 'Partial<LogContext>'.
src/princesses/deployment/ContainerOrchestrator.ts(420,59): error TS2353: Object literal may only specify known properties, and 'config' does not exist in type 'Partial<LogContext>'.
src/princesses/deployment/ContainerOrchestrator.ts(426,60): error TS2353: Object literal may only specify known properties, and 'config' does not exist in type 'Partial<LogContext>'.
src/princesses/deployment/DeploymentPrincess.ts(3,10): error TS2305: Module '"./CICDPipelineManager"' has no exported member 'CICDPipelineManager'.
src/princesses/deployment/DeploymentPrincess.ts(6,10): error TS2305: Module '"./RollbackManager"' has no exported member 'RollbackManager'.
src/princesses/deployment/DeploymentPrincess.ts(7,10): error TS2305: Module '"./SecurityIntegration"' has no exported member 'SecurityIntegration'.
src/princesses/deployment/DeploymentPrincess.ts(8,10): error TS2305: Module '"./monitoring/DeploymentMetrics"' has no exported member 'DeploymentMetrics'.
src/princesses/deployment/DeploymentPrincess.ts(9,10): error TS2305: Module '"./adapters/QueenToDeploymentAdapter"' has no exported member 'QueenToDeploymentAdapter'.
src/princesses/deployment/DeploymentPrincess.ts(74,14): error TS2415: Class 'DeploymentPrincess' incorrectly extends base class 'import("C:/Users/17175/Desktop/spek template/node_modules/@types/node/events.d.ts")<DefaultEventMap>'.
  Property 'logger' is private in type 'DeploymentPrincess' but not in type 'import("C:/Users/17175/Desktop/spek template/node_modules/@types/node/events.d.ts")<DefaultEventMap>'.
src/princesses/deployment/DeploymentPrincess.ts(105,65): error TS2353: Object literal may only specify known properties, and 'config' does not exist in type 'Partial<LogContext>'.
src/princesses/deployment/DeploymentPrincess.ts(162,79): error TS2353: Object literal may only specify known properties, and 'result' does not exist in type 'Partial<LogContext>'.
src/princesses/deployment/DeploymentPrincess.ts(168,64): error TS2353: Object literal may only specify known properties, and 'error' does not exist in type 'Partial<LogContext>'.
src/princesses/deployment/DeploymentPrincess.ts(248,75): error TS2345: Argument of type 'unknown' is not assignable to parameter of type 'Partial<LogContext> | undefined'.
src/princesses/deployment/DeploymentPrincess.ts(286,80): error TS2345: Argument of type 'unknown' is not assignable to parameter of type 'Partial<LogContext> | undefined'.
src/princesses/deployment/DeploymentPrincess.ts(358,74): error TS2353: Object literal may only specify known properties, and 'error' does not exist in type 'Partial<LogContext>'.
src/princesses/deployment/DeploymentPrincess.ts(375,76): error TS2353: Object literal may only specify known properties, and 'rollbackError' does not exist in type 'Partial<LogContext>'.
src/princesses/deployment/monitoring/DeploymentMetrics.ts(5,15): error TS2307: Cannot find module './DeploymentMetricsFacade' or its corresponding type declarations.
src/princesses/deployment/RollbackManager.ts(5,15): error TS2307: Cannot find module './RollbackManagerFacade' or its corresponding type declarations.
src/princesses/deployment/SecurityIntegration.ts(5,15): error TS2307: Cannot find module './SecurityIntegrationFacade' or its corresponding type declarations.
src/princesses/infrastructure/adapters/QueenToInfrastructureAdapter.ts(5,15): error TS2307: Cannot find module './QueenToInfrastructureAdapterFacade' or its corresponding type declarations.
src/princesses/infrastructure/InfrastructurePrincess.ts(5,15): error TS2307: Cannot find module './InfrastructurePrincessFacade' or its corresponding type declarations.
src/princesses/infrastructure/memory/LangroidMemoryBackend.ts(2,10): error TS2305: Module '"./MemoryMetrics"' has no exported member 'MemoryMetrics'.
src/princesses/infrastructure/memory/LangroidMemoryBackend.ts(4,10): error TS2305: Module '"./MemoryPersistence"' has no exported member 'MemoryPersistence'.
src/princesses/infrastructure/memory/LangroidMemoryBackend.ts(180,41): error TS2345: Argument of type 'Set<unknown>[]' is not assignable to parameter of type 'Set<string>[]'.
  Type 'Set<unknown>' is not assignable to type 'Set<string>'.
    Type 'unknown' is not assignable to type 'string'.
src/princesses/infrastructure/memory/MemoryMetrics.ts(5,15): error TS2307: Cannot find module './MemoryMetricsFacade' or its corresponding type declarations.
src/princesses/infrastructure/memory/MemoryPersistence.ts(5,15): error TS2307: Cannot find module './MemoryPersistenceFacade' or its corresponding type declarations.
src/princesses/infrastructure/reporting/InfrastructureReporting.ts(5,15): error TS2307: Cannot find module './InfrastructureReportingFacade' or its corresponding type declarations.
src/princesses/infrastructure/scheduling/ResourceAllocation.ts(5,15): error TS2307: Cannot find module './ResourceAllocationFacade' or its corresponding type declarations.
src/princesses/infrastructure/scheduling/TaskPriorityManager.ts(5,15): error TS2307: Cannot find module './TaskPriorityManagerFacade' or its corresponding type declarations.
src/princesses/research/DataSourceConnectors.ts(5,15): error TS2307: Cannot find module './DataSourceConnectorsFacade' or its corresponding type declarations.
src/princesses/research/fsm/AnalyzerBaseFSM.ts(51,9): error TS2353: Object literal may only specify known properties, and '[AnalyzerState.IDLE]' does not exist in type 'FSMTransition[]'.
src/princesses/research/fsm/AnalyzerBaseFSM.ts(73,5): error TS2820: Type 'AnalyzerState.IDLE' is not assignable to type 'FSMState'. Did you mean 'FSMState.IDLE'?
src/princesses/research/KnowledgeGraphEngine.ts(10,31): error TS2307: Cannot find module 'arangojs' or its corresponding type declarations.
src/princesses/research/KnowledgeGraphEngine.ts(11,52): error TS2307: Cannot find module 'arangojs/collection' or its corresponding type declarations.
src/princesses/research/KnowledgeGraphEngine.ts(12,23): error TS2307: Cannot find module 'arangojs/graph' or its corresponding type declarations.
src/princesses/research/KnowledgeGraphEngine.ts(134,43): error TS7006: Parameter 'c' implicitly has an 'any' type.
src/princesses/research/KnowledgeGraphEngine.ts(171,39): error TS7006: Parameter 'g' implicitly has an 'any' type.
src/princesses/research/PatternRecognition.ts(5,15): error TS2307: Cannot find module './PatternRecognitionFacade' or its corresponding type declarations.
src/princesses/research/PrincessQueenIntegration.ts(16,10): error TS2305: Module '"./ResearchDataPipeline"' has no exported member 'ResearchDataPipeline'.
src/princesses/research/PrincessQueenIntegration.ts(17,10): error TS2305: Module '"./AdvancedResearchCapabilities"' has no exported member 'TechnologyTrendAnalyzer'.
src/princesses/research/PrincessQueenIntegration.ts(17,35): error TS2305: Module '"./AdvancedResearchCapabilities"' has no exported member 'CompetitiveIntelligenceAnalyzer'.
src/princesses/research/PrincessQueenIntegration.ts(18,10): error TS2724: '"../../fsm/TransitionHub"' has no exported member named 'TransitionHub'. Did you mean 'TransitionId'?
src/princesses/research/PrincessQueenIntegration.ts(23,3): error TS2305: Module '"./integration/fsm/PrincessQueenStateMachine"' has no exported member 'ResearchResult'.
src/princesses/research/ResearchDataPipeline.ts(14,15): error TS2307: Cannot find module './ResearchDataPipelineFacade' or its corresponding type declarations.
src/princesses/research/ResearchQueryProcessor-fsm/ResearchQueryProcessorCore.ts(4,65): error TS2307: Cannot find module './KnowledgeGraphEngine' or its corresponding type declarations.
src/princesses/research/ResearchQueryProcessor-fsm/ResearchQueryProcessorCore.ts(16,27): error TS2304: Cannot find name 'NLPProcessor'.
src/princesses/research/ResearchQueryProcessor-fsm/ResearchQueryProcessorCore.ts(17,24): error TS2304: Cannot find name 'QueryOptimizer'.
src/princesses/research/ResearchQueryProcessor-fsm/ResearchQueryProcessorCore.ts(21,25): error TS2304: Cannot find name 'NLPProcessor'.
src/princesses/research/ResearchQueryProcessor-fsm/ResearchQueryProcessorCore.ts(22,22): error TS2304: Cannot find name 'QueryOptimizer'.
src/princesses/research/ResearchQueryProcessor-fsm/ResearchQueryProcessorCore.ts(29,63): error TS2304: Cannot find name 'ResearchQuery'.
src/princesses/research/ResearchQueryProcessor-fsm/ResearchQueryProcessorCore.ts(29,105): error TS2304: Cannot find name 'ProcessedQuery'.
src/princesses/research/ResearchQueryProcessor-fsm/ResearchQueryProcessorCore.ts(40,22): error TS2304: Cannot find name 'ResearchQuery'.
src/princesses/research/ResearchQueryProcessor-fsm/ResearchQueryProcessorCore.ts(76,55): error TS2304: Cannot find name 'ExtractedEntity'.
src/princesses/research/ResearchQueryProcessor-fsm/ResearchQueryProcessorCore.ts(76,75): error TS2304: Cannot find name 'ExtractedRelationship'.
src/princesses/research/ResearchQueryProcessor-fsm/ResearchQueryProcessorCore.ts(77,22): error TS2304: Cannot find name 'ExtractedRelationship'.
src/princesses/research/ResearchQueryProcessor-fsm/ResearchQueryProcessorCore.ts(107,47): error TS2304: Cannot find name 'ExtractedRelationship'.
src/princesses/research/ResearchQueryProcessor-fsm/ResearchQueryProcessorCore.ts(120,40): error TS2304: Cannot find name 'QueryFilter'.
src/princesses/research/ResearchQueryProcessor-fsm/ResearchQueryProcessorCore.ts(121,16): error TS2304: Cannot find name 'QueryFilter'.
src/princesses/research/ResearchQueryProcessor-fsm/ResearchQueryProcessorCore.ts(152,47): error TS2304: Cannot find name 'QueryIntent'.
src/princesses/research/ResearchQueryProcessor-fsm/ResearchQueryProcessorCore.ts(152,70): error TS2304: Cannot find name 'ExtractedEntity'.
src/princesses/research/ResearchQueryProcessor-fsm/ResearchQueryProcessorCore.ts(152,90): error TS2304: Cannot find name 'QueryScope'.
src/princesses/research/ResearchQueryProcessor-fsm/ResearchQueryProcessorCore.ts(173,43): error TS2304: Cannot find name 'QueryPriority'.
src/princesses/research/ResearchQueryProcessor-fsm/ResearchQueryProcessorCore.ts(183,39): error TS2304: Cannot find name 'ResearchQuery'.
src/princesses/research/ResearchQueryProcessor-fsm/ResearchQueryProcessorCore.ts(183,55): error TS2304: Cannot find name 'QueryExecutionStep'.
src/princesses/research/ResearchQueryProcessor-fsm/ResearchQueryProcessorCore.ts(184,14): error TS2304: Cannot find name 'QueryExecutionStep'.
src/princesses/research/ResearchQueryProcessor-fsm/ResearchQueryProcessorCore.ts(209,25): error TS7006: Parameter 'e' implicitly has an 'any' type.
src/princesses/research/ResearchQueryProcessor-fsm/ResearchQueryProcessorCore.ts(250,37): error TS2304: Cannot find name 'ResearchQuery'.
src/princesses/research/ResearchQueryProcessor-fsm/ResearchQueryProcessorCore.ts(270,38): error TS2304: Cannot find name 'ResearchQuery'.
src/princesses/research/ResearchQueryProcessor-fsm/ResearchQueryProcessorCore.ts(270,54): error TS2304: Cannot find name 'ProcessedQuery'.
src/princesses/research/ResearchQueryProcessor-fsm/ResearchQueryProcessorCore.ts(271,19): error TS2304: Cannot find name 'WebSearchQuery'.
src/princesses/research/ResearchQueryProcessor-fsm/ResearchQueryProcessorCore.ts(272,22): error TS2304: Cannot find name 'GitHubSearchQuery'.
src/princesses/research/ResearchQueryProcessor-fsm/ResearchQueryProcessorCore.ts(273,24): error TS2304: Cannot find name 'AcademicSearchQuery'.
src/princesses/research/ResearchQueryProcessor-fsm/ResearchQueryProcessorCore.ts(290,44): error TS7006: Parameter 'e' implicitly has an 'any' type.
src/princesses/research/ResearchQueryProcessor-fsm/ResearchQueryProcessorCore.ts(320,38): error TS2304: Cannot find name 'QueryExecutionStep'.
src/princesses/research/ResearchQueryProcessor-fsm/ResearchQueryProcessorCore.ts(328,38): error TS2304: Cannot find name 'QueryExecutionStep'.
src/princesses/research/ResearchQueryProcessor-fsm/ResearchQueryProcessorCore.ts(338,17): error TS7053: Element implicitly has an 'any' type because expression of type 'any' can't be used to index type '{ graph_traversal: number; web_search: number; github_search: number; academic_search: number; synthesis: number; }'.
src/princesses/research/ResearchQueryProcessor-fsm/ResearchQueryProcessorFacade.ts(18,29): error TS2345: Argument of type '"START"' is not assignable to parameter of type 'ResearchQueryProcessorEvents'.
src/princesses/research/ResearchQueryProcessor-fsm/ResearchQueryProcessorFacade.ts(19,40): error TS2339: Property 'process' does not exist on type 'ResearchQueryProcessorCore'.
src/princesses/research/ResearchQueryProcessor-fsm/ResearchQueryProcessorFacade.ts(20,29): error TS2345: Argument of type '"COMPLETE"' is not assignable to parameter of type 'ResearchQueryProcessorEvents'.
src/princesses/research/ResearchQueryProcessor-fsm/ResearchQueryProcessorTypes.ts(9,16): error TS2304: Cannot find name 'ExtractedRelationship'.
src/princesses/research/ResearchQueryProcessor-fsm/ResearchQueryProcessorTypes.ts(10,10): error TS2304: Cannot find name 'QueryFilter'.
src/princesses/research/ResearchQueryProcessor-fsm/ResearchQueryProcessorTypes.ts(11,8): error TS2304: Cannot find name 'QueryScope'.
src/princesses/research/SemanticAnalyzerFacade.ts(21,41): error TS2355: A function whose declared type is neither 'undefined', 'void', nor 'any' must return a value.
src/princesses/security/audit/SecurityAuditLogger.ts(5,15): error TS2307: Cannot find module './SecurityAuditLoggerFacade' or its corresponding type declarations.
src/princesses/security/compliance/ComplianceValidator.ts(38,14): error TS2415: Class 'ComplianceValidator' incorrectly extends base class 'import("C:/Users/17175/Desktop/spek template/node_modules/@types/node/events.d.ts")<DefaultEventMap>'.
  Property 'logger' is private in type 'ComplianceValidator' but not in type 'import("C:/Users/17175/Desktop/spek template/node_modules/@types/node/events.d.ts")<DefaultEventMap>'.
src/princesses/security/cryptography/fsm/CryptographyManagerFacade.ts(10,31): error TS2307: Cannot find module '../../../management/core/ManagementHub' or its corresponding type declarations.
src/princesses/security/integration/QueenToSecurityAdapter.ts(5,15): error TS2307: Cannot find module './QueenToSecurityAdapterFacade' or its corresponding type declarations.
src/princesses/security/integration/SIEMIntegration.ts(5,15): error TS2307: Cannot find module './SIEMIntegrationFacade' or its corresponding type declarations.
src/princesses/security/integration/SIEMIntegrationFSM.ts(247,9): error TS2322: Type '"configuration"' is not assignable to type '"version" | "schema" | "permission" | "connection" | "authentication"'.
src/princesses/security/integration/SIEMIntegrationFSM.ts(254,9): error TS2322: Type '"configuration"' is not assignable to type '"version" | "schema" | "permission" | "connection" | "authentication"'.
src/princesses/security/integration/SIEMIntegrationFSM.ts(257,9): error TS2322: Type '(routing: EventRoutingConfig) => string' is not assignable to type '(value: any) => boolean'.
  Type 'string' is not assignable to type 'boolean'.
src/princesses/security/integration/SIEMIntegrationFSM.ts(261,9): error TS2322: Type '"configuration"' is not assignable to type '"version" | "schema" | "permission" | "connection" | "authentication"'.
src/princesses/security/integration/SIEMIntegrationFSM.ts(268,9): error TS2322: Type '"configuration"' is not assignable to type '"version" | "schema" | "permission" | "connection" | "authentication"'.
src/princesses/security/nasa-pot10/NASA_POT10_Compliance.ts(5,15): error TS2307: Cannot find module './NASA_POT10_ComplianceFacade' or its corresponding type declarations.
src/princesses/security/SecurityPrincess.ts(5,15): error TS2307: Cannot find module './SecurityPrincessFacade' or its corresponding type declarations.
src/princesses/security/threat-detection/ThreatDetectionEngine.ts(5,15): error TS2307: Cannot find module './ThreatDetectionEngineFacade' or its corresponding type declarations.
src/princesses/security/vulnerability-management/VulnerabilityManager.ts(5,15): error TS2307: Cannot find module './VulnerabilityManagerFacade' or its corresponding type declarations.
src/princesses/security/zero-trust/ZeroTrustArchitecture.ts(5,15): error TS2307: Cannot find module './ZeroTrustArchitectureFacade' or its corresponding type declarations.
src/protocols/a2a/A2AProtocolEngine.ts(2,24): error TS1149: File name 'C:/Users/17175/Desktop/spek template/src/utils/logger.ts' differs from already included file name 'C:/Users/17175/Desktop/spek template/src/utils/Logger.ts' only in casing.
  The file is in the program because:
    Imported via '../utils/Logger' from file 'C:/Users/17175/Desktop/spek template/src/commands/init-swarm-hierarchy.ts'
    Imported via '../../../utils/logger' from file 'C:/Users/17175/Desktop/spek template/src/swarm/memory/development/LangroidMemory.ts'
    Imported via '../../utils/logger' from file 'C:/Users/17175/Desktop/spek template/src/swarm/queen/KingLogicAdapter.ts'
    Imported via '../../utils/Logger' from file 'C:/Users/17175/Desktop/spek template/src/github/api/GitHubAPIOptimizer.ts'
    Imported via '../../utils/Logger' from file 'C:/Users/17175/Desktop/spek template/src/github/api/GitHubAuthenticationManager.ts'
    Imported via '../../utils/Logger' from file 'C:/Users/17175/Desktop/spek template/src/github/integration/GitHubProjectManager.ts'
    Imported via '../../utils/Logger' from file 'C:/Users/17175/Desktop/spek template/src/github/integration/RealGitHubProjectManager.ts'
    Imported via '../../utils/Logger' from file 'C:/Users/17175/Desktop/spek template/src/github/integration/QueenGitHubOrchestrator.ts'
    Imported via '../../utils/Logger' from file 'C:/Users/17175/Desktop/spek template/src/github/integration/RepositoryCoordinator.ts'
    Imported via '../../utils/Logger' from file 'C:/Users/17175/Desktop/spek template/src/github/pr/PRLifecycleManager.ts'
    Imported via '../../utils/Logger' from file 'C:/Users/17175/Desktop/spek template/src/github/projects/ProjectBoardIntelligence.ts'
    Imported via '../../utils/Logger' from file 'C:/Users/17175/Desktop/spek template/src/github/repos/CrossRepoSynchronization.ts'
    Imported via '../../utils/Logger' from file 'C:/Users/17175/Desktop/spek template/src/github/workflows/ActionWorkflowBuilder.ts'
    Imported via '../utils/Logger' from file 'C:/Users/17175/Desktop/spek template/src/memory/RealLangroidMemory.ts'
    Imported via '../../utils/logger' from file 'C:/Users/17175/Desktop/spek template/src/memory/langroid/RealMemoryCompressor.ts'
    Imported via '../../utils/Logger' from file 'C:/Users/17175/Desktop/spek template/src/migration/core/ActivationEngine.ts'
    Imported via '../../../utils/Logger' from file 'C:/Users/17175/Desktop/spek template/src/migration/core/states/FallbackStateMachine.ts'
    Imported via '../../../utils/Logger' from file 'C:/Users/17175/Desktop/spek template/src/migration/core/core/TransitionHub.ts'
    Imported via '../../utils/Logger' from file 'C:/Users/17175/Desktop/spek template/src/migration/core/FallbackChainFacade.ts'
    Imported via '../../../utils/Logger' from file 'C:/Users/17175/Desktop/spek template/src/migration/core/builders/ChainBuilder.ts'
    Imported via '../../../utils/Logger' from file 'C:/Users/17175/Desktop/spek template/src/migration/core/monitoring/HealthMonitor.ts'
    Imported via '../../utils/Logger' from file 'C:/Users/17175/Desktop/spek template/src/migration/core/ProtocolRegistry.ts'
    Imported via '../../utils/Logger' from file 'C:/Users/17175/Desktop/spek template/src/migration/core/MigrationOrchestrator.ts'
    Imported via '../../../utils/Logger' from file 'C:/Users/17175/Desktop/spek template/src/migration/core/validators/ActivationValidator.ts'
    Imported via '../../utils/Logger' from file 'C:/Users/17175/Desktop/spek template/src/migration/fallback/FallbackProtocolManager.ts'
    Imported via '../../../utils/Logger' from file 'C:/Users/17175/Desktop/spek template/src/migration/fsm/states/CompletedState.ts'
    Imported via '../../../utils/Logger' from file 'C:/Users/17175/Desktop/spek template/src/migration/fsm/states/ExecutingPhaseState.ts'
    Imported via '../../../utils/Logger' from file 'C:/Users/17175/Desktop/spek template/src/migration/fsm/states/ExecutingStepState.ts'
    Imported via '../../../utils/Logger' from file 'C:/Users/17175/Desktop/spek template/src/migration/fsm/states/IdleState.ts'
    Imported via '../../../utils/Logger' from file 'C:/Users/17175/Desktop/spek template/src/migration/fsm/states/RollingBackState.ts'
    Imported via '../../../utils/Logger' from file 'C:/Users/17175/Desktop/spek template/src/migration/fsm/states/ValidatingStepState.ts'
    Imported via '../../../utils/Logger' from file 'C:/Users/17175/Desktop/spek template/src/migration/fsm/transitions/TransitionHub.ts'
    Imported via '../../utils/Logger' from file 'C:/Users/17175/Desktop/spek template/src/migration/orchestration/MigrationExecutor.ts'
    Imported via '../../../utils/Logger' from file 'C:/Users/17175/Desktop/spek template/src/migration/planning/dependencies/DependencyMapper.ts'
    Imported via '../../../utils/Logger' from file 'C:/Users/17175/Desktop/spek template/src/migration/planning/fsm/AnalysisStateMachine.ts'
    Imported via '../../../utils/Logger' from file 'C:/Users/17175/Desktop/spek template/src/migration/planning/fsm/AnalysisStateMachineRefactored.ts'
    Imported via '../../../../utils/Logger' from file 'C:/Users/17175/Desktop/spek template/src/migration/planning/fsm/core/TransitionHub.ts'
    Imported via '../../../../utils/Logger' from file 'C:/Users/17175/Desktop/spek template/src/migration/planning/fsm/core/BaseStateHandler.ts'
    Imported via '../../utils/Logger' from file 'C:/Users/17175/Desktop/spek template/src/migration/strategies/CanaryProtocolMigration.ts'
    Imported via '../../../utils/Logger' from file 'C:/Users/17175/Desktop/spek template/src/migration/strategies/canary/CanaryMigrationFacade.ts'
    Imported via '../../../utils/Logger' from file 'C:/Users/17175/Desktop/spek template/src/migration/strategies/canary/CanaryMigrationStateMachine.ts'
    Imported via '../../../../utils/Logger' from file 'C:/Users/17175/Desktop/spek template/src/migration/strategies/canary/handlers/CanaryDeploymentHandler.ts'
    Imported via '../../../../utils/Logger' from file 'C:/Users/17175/Desktop/spek template/src/migration/strategies/canary/handlers/CanaryTrafficHandler.ts'
    Imported via '../../../../utils/Logger' from file 'C:/Users/17175/Desktop/spek template/src/migration/strategies/canary/handlers/CanaryValidationHandler.ts'
    Imported via '../../../../utils/Logger' from file 'C:/Users/17175/Desktop/spek template/src/migration/strategies/canary/handlers/CanaryRollbackHandler.ts'
    Imported via '../../utils/Logger' from file 'C:/Users/17175/Desktop/spek template/src/migration/translation/ProtocolFacade.ts'
    Imported via '../../utils/Logger' from file 'C:/Users/17175/Desktop/spek template/src/migration/translation/ProtocolParser.ts'
    Imported via '../../utils/Logger' from file 'C:/Users/17175/Desktop/spek template/src/migration/translation/ProtocolSerializer.ts'
    Imported via '../../utils/Logger' from file 'C:/Users/17175/Desktop/spek template/src/migration/translation/ProtocolStateMachine.ts'
    Imported via '../../utils/Logger' from file 'C:/Users/17175/Desktop/spek template/src/migration/translation/ProtocolValidator.ts'
    Imported via '../../../utils/Logger' from file 'C:/Users/17175/Desktop/spek template/src/migration/translation/fsm/FormatRegistry.ts'
    Imported via '../../../utils/Logger' from file 'C:/Users/17175/Desktop/spek template/src/migration/translation/fsm/RuleProcessor.ts'
    Imported via '../../../utils/Logger' from file 'C:/Users/17175/Desktop/spek template/src/migration/translation/fsm/ValidationOrchestrator.ts'
    Imported via '../../../utils/Logger' from file 'C:/Users/17175/Desktop/spek template/src/migration/translation/fsm/PerformanceMonitor.ts'
    Imported via '../../../utils/Logger' from file 'C:/Users/17175/Desktop/spek template/src/migration/translation/fsm/ConversionEngine.ts'
    Imported via '../../../utils/Logger' from file 'C:/Users/17175/Desktop/spek template/src/migration/translation/fsm/BatchProcessor.ts'
    Imported via '../utils/Logger' from file 'C:/Users/17175/Desktop/spek template/src/networking/RealWebSocketServer.ts'
    Imported via '../../utils/Logger' from file 'C:/Users/17175/Desktop/spek template/src/princesses/deployment/BlueGreenDeployment.ts'
    Imported via '../../utils/Logger' from file 'C:/Users/17175/Desktop/spek template/src/princesses/deployment/ContainerOrchestrator.ts'
    Imported via '../../utils/Logger' from file 'C:/Users/17175/Desktop/spek template/src/princesses/deployment/DeploymentPrincess.ts'
    Imported via '../../utils/logger' from file 'C:/Users/17175/Desktop/spek template/src/protocols/a2a/A2AProtocolEngine.ts'
    Imported via '../../utils/logger' from file 'C:/Users/17175/Desktop/spek template/src/protocols/a2a/MessageRouter.ts'
    Imported via '../../utils/logger' from file 'C:/Users/17175/Desktop/spek template/src/protocols/a2a/ProtocolRegistry.ts'
    Imported via '../../utils/logger' from file 'C:/Users/17175/Desktop/spek template/src/protocols/docs/A2ADocumentationGenerator.ts'
    Imported via '../../../utils/logger' from file 'C:/Users/17175/Desktop/spek template/src/protocols/docs/fsm/DocGeneratorTypes.ts'
    Imported via '../../../utils/logger' from file 'C:/Users/17175/Desktop/spek template/src/protocols/docs/metrics/DocGeneratorMetrics.ts'
    Imported via '../../utils/logger' from file 'C:/Users/17175/Desktop/spek template/src/protocols/mcp/MCPBridge.ts'
    Imported via '../../utils/logger' from file 'C:/Users/17175/Desktop/spek template/src/swarm/coordination/TaskDistributor.ts'
    Imported via '../../../utils/logger' from file 'C:/Users/17175/Desktop/spek template/src/swarm/memory/development/ContextDNA.ts'
    Imported via '../../../utils/logger' from file 'C:/Users/17175/Desktop/spek template/src/swarm/memory/development/VectorStore.ts'
    Imported via '../../utils/logger' from file 'C:/Users/17175/Desktop/spek template/src/swarm/orchestration/SwarmInitializer.ts'
    Imported via '../../utils/logger' from file 'C:/Users/17175/Desktop/spek template/src/swarm/orchestration/GodObjectOrchestrator.ts'
    Imported via '../../utils/logger' from file 'C:/Users/17175/Desktop/spek template/src/swarm/queen/ShardingCoordinator.ts'
    Imported via '../../../utils/Logger' from file 'C:/Users/17175/Desktop/spek template/src/swarm/validation/fsm/DomainBoundaryManager.ts'
    Imported via '../../../utils/Logger' from file 'C:/Users/17175/Desktop/spek template/src/swarm/validation/fsm/ExclusivityValidator.ts'
    Imported via '../../../utils/Logger' from file 'C:/Users/17175/Desktop/spek template/src/swarm/validation/fsm/HandoffCoordinator.ts'
    Imported via '../../../utils/Logger' from file 'C:/Users/17175/Desktop/spek template/src/swarm/validation/fsm/ValidationEngine.ts'
    Matched by include pattern 'src/**/*' in 'C:/Users/17175/Desktop/spek template/tsconfig.json'
src/protocols/a2a/A2AProtocolEngine.ts(5,10): error TS2305: Module '"../security/CommunicationSecurity"' has no exported member 'CommunicationSecurity'.
src/protocols/a2a/A2AProtocolEngine.ts(6,10): error TS2305: Module '"../monitoring/ProtocolMetrics"' has no exported member 'ProtocolMetrics'.
src/protocols/a2a/A2AProtocolEngine.ts(73,14): error TS2415: Class 'A2AProtocolEngine' incorrectly extends base class 'import("C:/Users/17175/Desktop/spek template/node_modules/@types/node/events.d.ts")<DefaultEventMap>'.
  Property 'logger' is private in type 'A2AProtocolEngine' but not in type 'import("C:/Users/17175/Desktop/spek template/node_modules/@types/node/events.d.ts")<DefaultEventMap>'.
src/protocols/a2a/A2AProtocolEngine.ts(97,7): error TS2353: Object literal may only specify known properties, and 'agentId' does not exist in type 'Partial<LogContext>'.
src/protocols/a2a/A2AProtocolEngine.ts(101,11): error TS2722: Cannot invoke an object which is possibly 'undefined'.
src/protocols/a2a/A2AProtocolEngine.ts(112,7): error TS2353: Object literal may only specify known properties, and 'name' does not exist in type 'Partial<LogContext>'.
src/protocols/a2a/A2AProtocolEngine.ts(144,9): error TS2353: Object literal may only specify known properties, and 'messageId' does not exist in type 'Partial<LogContext>'.
src/protocols/a2a/A2AProtocolEngine.ts(169,11): error TS2353: Object literal may only specify known properties, and 'recipient' does not exist in type 'Partial<LogContext>'.
src/protocols/a2a/A2AProtocolEngine.ts(189,19): error TS2353: Object literal may only specify known properties, and 'messageId' does not exist in type 'Partial<LogContext>'.
src/protocols/a2a/A2AProtocolEngine.ts(208,15): error TS2353: Object literal may only specify known properties, and 'messageId' does not exist in type 'Partial<LogContext>'.
src/protocols/a2a/A2AProtocolEngine.ts(228,7): error TS2353: Object literal may only specify known properties, and 'connectionId' does not exist in type 'Partial<LogContext>'.
src/protocols/a2a/A2AProtocolEngine.ts(242,47): error TS2353: Object literal may only specify known properties, and 'connectionId' does not exist in type 'Partial<LogContext>'.
src/protocols/a2a/A2AProtocolEngine.ts(316,11): error TS2353: Object literal may only specify known properties, and 'messageId' does not exist in type 'Partial<LogContext>'.
src/protocols/a2a/A2AProtocolEngine.ts(326,56): error TS2353: Object literal may only specify known properties, and 'error' does not exist in type 'Partial<LogContext>'.
src/protocols/a2a/A2AProtocolEngine.ts(331,9): error TS2353: Object literal may only specify known properties, and 'messageId' does not exist in type 'Partial<LogContext>'.
src/protocols/a2a/A2AProtocolEngine.ts(338,9): error TS2353: Object literal may only specify known properties, and 'messageId' does not exist in type 'Partial<LogContext>'.
src/protocols/a2a/A2AProtocolEngine.ts(364,13): error TS2353: Object literal may only specify known properties, and 'connectionId' does not exist in type 'Partial<LogContext>'.
src/protocols/a2a/MessageRouter.ts(11,24): error TS1149: File name 'C:/Users/17175/Desktop/spek template/src/utils/logger.ts' differs from already included file name 'C:/Users/17175/Desktop/spek template/src/utils/Logger.ts' only in casing.
  The file is in the program because:
    Imported via '../utils/Logger' from file 'C:/Users/17175/Desktop/spek template/src/commands/init-swarm-hierarchy.ts'
    Imported via '../../../utils/logger' from file 'C:/Users/17175/Desktop/spek template/src/swarm/memory/development/LangroidMemory.ts'
    Imported via '../../utils/logger' from file 'C:/Users/17175/Desktop/spek template/src/swarm/queen/KingLogicAdapter.ts'
    Imported via '../../utils/Logger' from file 'C:/Users/17175/Desktop/spek template/src/github/api/GitHubAPIOptimizer.ts'
    Imported via '../../utils/Logger' from file 'C:/Users/17175/Desktop/spek template/src/github/api/GitHubAuthenticationManager.ts'
    Imported via '../../utils/Logger' from file 'C:/Users/17175/Desktop/spek template/src/github/integration/GitHubProjectManager.ts'
    Imported via '../../utils/Logger' from file 'C:/Users/17175/Desktop/spek template/src/github/integration/RealGitHubProjectManager.ts'
    Imported via '../../utils/Logger' from file 'C:/Users/17175/Desktop/spek template/src/github/integration/QueenGitHubOrchestrator.ts'
    Imported via '../../utils/Logger' from file 'C:/Users/17175/Desktop/spek template/src/github/integration/RepositoryCoordinator.ts'
    Imported via '../../utils/Logger' from file 'C:/Users/17175/Desktop/spek template/src/github/pr/PRLifecycleManager.ts'
    Imported via '../../utils/Logger' from file 'C:/Users/17175/Desktop/spek template/src/github/projects/ProjectBoardIntelligence.ts'
    Imported via '../../utils/Logger' from file 'C:/Users/17175/Desktop/spek template/src/github/repos/CrossRepoSynchronization.ts'
    Imported via '../../utils/Logger' from file 'C:/Users/17175/Desktop/spek template/src/github/workflows/ActionWorkflowBuilder.ts'
    Imported via '../utils/Logger' from file 'C:/Users/17175/Desktop/spek template/src/memory/RealLangroidMemory.ts'
    Imported via '../../utils/logger' from file 'C:/Users/17175/Desktop/spek template/src/memory/langroid/RealMemoryCompressor.ts'
    Imported via '../../utils/Logger' from file 'C:/Users/17175/Desktop/spek template/src/migration/core/ActivationEngine.ts'
    Imported via '../../../utils/Logger' from file 'C:/Users/17175/Desktop/spek template/src/migration/core/states/FallbackStateMachine.ts'
    Imported via '../../../utils/Logger' from file 'C:/Users/17175/Desktop/spek template/src/migration/core/core/TransitionHub.ts'
    Imported via '../../utils/Logger' from file 'C:/Users/17175/Desktop/spek template/src/migration/core/FallbackChainFacade.ts'
    Imported via '../../../utils/Logger' from file 'C:/Users/17175/Desktop/spek template/src/migration/core/builders/ChainBuilder.ts'
    Imported via '../../../utils/Logger' from file 'C:/Users/17175/Desktop/spek template/src/migration/core/monitoring/HealthMonitor.ts'
    Imported via '../../utils/Logger' from file 'C:/Users/17175/Desktop/spek template/src/migration/core/ProtocolRegistry.ts'
    Imported via '../../utils/Logger' from file 'C:/Users/17175/Desktop/spek template/src/migration/core/MigrationOrchestrator.ts'
    Imported via '../../../utils/Logger' from file 'C:/Users/17175/Desktop/spek template/src/migration/core/validators/ActivationValidator.ts'
    Imported via '../../utils/Logger' from file 'C:/Users/17175/Desktop/spek template/src/migration/fallback/FallbackProtocolManager.ts'
    Imported via '../../../utils/Logger' from file 'C:/Users/17175/Desktop/spek template/src/migration/fsm/states/CompletedState.ts'
    Imported via '../../../utils/Logger' from file 'C:/Users/17175/Desktop/spek template/src/migration/fsm/states/ExecutingPhaseState.ts'
    Imported via '../../../utils/Logger' from file 'C:/Users/17175/Desktop/spek template/src/migration/fsm/states/ExecutingStepState.ts'
    Imported via '../../../utils/Logger' from file 'C:/Users/17175/Desktop/spek template/src/migration/fsm/states/IdleState.ts'
    Imported via '../../../utils/Logger' from file 'C:/Users/17175/Desktop/spek template/src/migration/fsm/states/RollingBackState.ts'
    Imported via '../../../utils/Logger' from file 'C:/Users/17175/Desktop/spek template/src/migration/fsm/states/ValidatingStepState.ts'
    Imported via '../../../utils/Logger' from file 'C:/Users/17175/Desktop/spek template/src/migration/fsm/transitions/TransitionHub.ts'
    Imported via '../../utils/Logger' from file 'C:/Users/17175/Desktop/spek template/src/migration/orchestration/MigrationExecutor.ts'
    Imported via '../../../utils/Logger' from file 'C:/Users/17175/Desktop/spek template/src/migration/planning/dependencies/DependencyMapper.ts'
    Imported via '../../../utils/Logger' from file 'C:/Users/17175/Desktop/spek template/src/migration/planning/fsm/AnalysisStateMachine.ts'
    Imported via '../../../utils/Logger' from file 'C:/Users/17175/Desktop/spek template/src/migration/planning/fsm/AnalysisStateMachineRefactored.ts'
    Imported via '../../../../utils/Logger' from file 'C:/Users/17175/Desktop/spek template/src/migration/planning/fsm/core/TransitionHub.ts'
    Imported via '../../../../utils/Logger' from file 'C:/Users/17175/Desktop/spek template/src/migration/planning/fsm/core/BaseStateHandler.ts'
    Imported via '../../utils/Logger' from file 'C:/Users/17175/Desktop/spek template/src/migration/strategies/CanaryProtocolMigration.ts'
    Imported via '../../../utils/Logger' from file 'C:/Users/17175/Desktop/spek template/src/migration/strategies/canary/CanaryMigrationFacade.ts'
    Imported via '../../../utils/Logger' from file 'C:/Users/17175/Desktop/spek template/src/migration/strategies/canary/CanaryMigrationStateMachine.ts'
    Imported via '../../../../utils/Logger' from file 'C:/Users/17175/Desktop/spek template/src/migration/strategies/canary/handlers/CanaryDeploymentHandler.ts'
    Imported via '../../../../utils/Logger' from file 'C:/Users/17175/Desktop/spek template/src/migration/strategies/canary/handlers/CanaryTrafficHandler.ts'
    Imported via '../../../../utils/Logger' from file 'C:/Users/17175/Desktop/spek template/src/migration/strategies/canary/handlers/CanaryValidationHandler.ts'
    Imported via '../../../../utils/Logger' from file 'C:/Users/17175/Desktop/spek template/src/migration/strategies/canary/handlers/CanaryRollbackHandler.ts'
    Imported via '../../utils/Logger' from file 'C:/Users/17175/Desktop/spek template/src/migration/translation/ProtocolFacade.ts'
    Imported via '../../utils/Logger' from file 'C:/Users/17175/Desktop/spek template/src/migration/translation/ProtocolParser.ts'
    Imported via '../../utils/Logger' from file 'C:/Users/17175/Desktop/spek template/src/migration/translation/ProtocolSerializer.ts'
    Imported via '../../utils/Logger' from file 'C:/Users/17175/Desktop/spek template/src/migration/translation/ProtocolStateMachine.ts'
    Imported via '../../utils/Logger' from file 'C:/Users/17175/Desktop/spek template/src/migration/translation/ProtocolValidator.ts'
    Imported via '../../../utils/Logger' from file 'C:/Users/17175/Desktop/spek template/src/migration/translation/fsm/FormatRegistry.ts'
    Imported via '../../../utils/Logger' from file 'C:/Users/17175/Desktop/spek template/src/migration/translation/fsm/RuleProcessor.ts'
    Imported via '../../../utils/Logger' from file 'C:/Users/17175/Desktop/spek template/src/migration/translation/fsm/ValidationOrchestrator.ts'
    Imported via '../../../utils/Logger' from file 'C:/Users/17175/Desktop/spek template/src/migration/translation/fsm/PerformanceMonitor.ts'
    Imported via '../../../utils/Logger' from file 'C:/Users/17175/Desktop/spek template/src/migration/translation/fsm/ConversionEngine.ts'
    Imported via '../../../utils/Logger' from file 'C:/Users/17175/Desktop/spek template/src/migration/translation/fsm/BatchProcessor.ts'
    Imported via '../utils/Logger' from file 'C:/Users/17175/Desktop/spek template/src/networking/RealWebSocketServer.ts'
    Imported via '../../utils/Logger' from file 'C:/Users/17175/Desktop/spek template/src/princesses/deployment/BlueGreenDeployment.ts'
    Imported via '../../utils/Logger' from file 'C:/Users/17175/Desktop/spek template/src/princesses/deployment/ContainerOrchestrator.ts'
    Imported via '../../utils/Logger' from file 'C:/Users/17175/Desktop/spek template/src/princesses/deployment/DeploymentPrincess.ts'
    Imported via '../../utils/logger' from file 'C:/Users/17175/Desktop/spek template/src/protocols/a2a/A2AProtocolEngine.ts'
    Imported via '../../utils/logger' from file 'C:/Users/17175/Desktop/spek template/src/protocols/a2a/MessageRouter.ts'
    Imported via '../../utils/logger' from file 'C:/Users/17175/Desktop/spek template/src/protocols/a2a/ProtocolRegistry.ts'
    Imported via '../../utils/logger' from file 'C:/Users/17175/Desktop/spek template/src/protocols/docs/A2ADocumentationGenerator.ts'
    Imported via '../../../utils/logger' from file 'C:/Users/17175/Desktop/spek template/src/protocols/docs/fsm/DocGeneratorTypes.ts'
    Imported via '../../../utils/logger' from file 'C:/Users/17175/Desktop/spek template/src/protocols/docs/metrics/DocGeneratorMetrics.ts'
    Imported via '../../utils/logger' from file 'C:/Users/17175/Desktop/spek template/src/protocols/mcp/MCPBridge.ts'
    Imported via '../../utils/logger' from file 'C:/Users/17175/Desktop/spek template/src/swarm/coordination/TaskDistributor.ts'
    Imported via '../../../utils/logger' from file 'C:/Users/17175/Desktop/spek template/src/swarm/memory/development/ContextDNA.ts'
    Imported via '../../../utils/logger' from file 'C:/Users/17175/Desktop/spek template/src/swarm/memory/development/VectorStore.ts'
    Imported via '../../utils/logger' from file 'C:/Users/17175/Desktop/spek template/src/swarm/orchestration/SwarmInitializer.ts'
    Imported via '../../utils/logger' from file 'C:/Users/17175/Desktop/spek template/src/swarm/orchestration/GodObjectOrchestrator.ts'
    Imported via '../../utils/logger' from file 'C:/Users/17175/Desktop/spek template/src/swarm/queen/ShardingCoordinator.ts'
    Imported via '../../../utils/Logger' from file 'C:/Users/17175/Desktop/spek template/src/swarm/validation/fsm/DomainBoundaryManager.ts'
    Imported via '../../../utils/Logger' from file 'C:/Users/17175/Desktop/spek template/src/swarm/validation/fsm/ExclusivityValidator.ts'
    Imported via '../../../utils/Logger' from file 'C:/Users/17175/Desktop/spek template/src/swarm/validation/fsm/HandoffCoordinator.ts'
    Imported via '../../../utils/Logger' from file 'C:/Users/17175/Desktop/spek template/src/swarm/validation/fsm/ValidationEngine.ts'
    Matched by include pattern 'src/**/*' in 'C:/Users/17175/Desktop/spek template/tsconfig.json'
src/protocols/a2a/MessageRouter.ts(59,14): error TS2415: Class 'MessageRouter' incorrectly extends base class 'import("C:/Users/17175/Desktop/spek template/node_modules/@types/node/events.d.ts")<DefaultEventMap>'.
  Property 'logger' is private in type 'MessageRouter' but not in type 'import("C:/Users/17175/Desktop/spek template/node_modules/@types/node/events.d.ts")<DefaultEventMap>'.
src/protocols/a2a/MessageRouter.ts(89,7): error TS2353: Object literal may only specify known properties, and 'loadBalancing' does not exist in type 'Partial<LogContext>'.
src/protocols/a2a/MessageRouter.ts(94,23): error TS2445: Property 'initializeSpecificRouter' is protected and only accessible within class 'MessageRouterFacade' and its subclasses.
src/protocols/a2a/MessageRouter.ts(106,9): error TS2353: Object literal may only specify known properties, and 'messageId' does not exist in type 'Partial<LogContext>'.
src/protocols/a2a/MessageRouter.ts(117,9): error TS2353: Object literal may only specify known properties, and 'messageId' does not exist in type 'Partial<LogContext>'.
src/protocols/a2a/MessageRouter.ts(132,11): error TS2353: Object literal may only specify known properties, and 'messageId' does not exist in type 'Partial<LogContext>'.
src/protocols/a2a/MessageRouter.ts(148,7): error TS2353: Object literal may only specify known properties, and 'ruleId' does not exist in type 'Partial<LogContext>'.
src/protocols/a2a/MessageRouter.ts(161,48): error TS2353: Object literal may only specify known properties, and 'ruleId' does not exist in type 'Partial<LogContext>'.
src/protocols/a2a/ProtocolRegistry.ts(2,24): error TS1149: File name 'C:/Users/17175/Desktop/spek template/src/utils/logger.ts' differs from already included file name 'C:/Users/17175/Desktop/spek template/src/utils/Logger.ts' only in casing.
  The file is in the program because:
    Imported via '../utils/Logger' from file 'C:/Users/17175/Desktop/spek template/src/commands/init-swarm-hierarchy.ts'
    Imported via '../../../utils/logger' from file 'C:/Users/17175/Desktop/spek template/src/swarm/memory/development/LangroidMemory.ts'
    Imported via '../../utils/logger' from file 'C:/Users/17175/Desktop/spek template/src/swarm/queen/KingLogicAdapter.ts'
    Imported via '../../utils/Logger' from file 'C:/Users/17175/Desktop/spek template/src/github/api/GitHubAPIOptimizer.ts'
    Imported via '../../utils/Logger' from file 'C:/Users/17175/Desktop/spek template/src/github/api/GitHubAuthenticationManager.ts'
    Imported via '../../utils/Logger' from file 'C:/Users/17175/Desktop/spek template/src/github/integration/GitHubProjectManager.ts'
    Imported via '../../utils/Logger' from file 'C:/Users/17175/Desktop/spek template/src/github/integration/RealGitHubProjectManager.ts'
    Imported via '../../utils/Logger' from file 'C:/Users/17175/Desktop/spek template/src/github/integration/QueenGitHubOrchestrator.ts'
    Imported via '../../utils/Logger' from file 'C:/Users/17175/Desktop/spek template/src/github/integration/RepositoryCoordinator.ts'
    Imported via '../../utils/Logger' from file 'C:/Users/17175/Desktop/spek template/src/github/pr/PRLifecycleManager.ts'
    Imported via '../../utils/Logger' from file 'C:/Users/17175/Desktop/spek template/src/github/projects/ProjectBoardIntelligence.ts'
    Imported via '../../utils/Logger' from file 'C:/Users/17175/Desktop/spek template/src/github/repos/CrossRepoSynchronization.ts'
    Imported via '../../utils/Logger' from file 'C:/Users/17175/Desktop/spek template/src/github/workflows/ActionWorkflowBuilder.ts'
    Imported via '../utils/Logger' from file 'C:/Users/17175/Desktop/spek template/src/memory/RealLangroidMemory.ts'
    Imported via '../../utils/logger' from file 'C:/Users/17175/Desktop/spek template/src/memory/langroid/RealMemoryCompressor.ts'
    Imported via '../../utils/Logger' from file 'C:/Users/17175/Desktop/spek template/src/migration/core/ActivationEngine.ts'
    Imported via '../../../utils/Logger' from file 'C:/Users/17175/Desktop/spek template/src/migration/core/states/FallbackStateMachine.ts'
    Imported via '../../../utils/Logger' from file 'C:/Users/17175/Desktop/spek template/src/migration/core/core/TransitionHub.ts'
    Imported via '../../utils/Logger' from file 'C:/Users/17175/Desktop/spek template/src/migration/core/FallbackChainFacade.ts'
    Imported via '../../../utils/Logger' from file 'C:/Users/17175/Desktop/spek template/src/migration/core/builders/ChainBuilder.ts'
    Imported via '../../../utils/Logger' from file 'C:/Users/17175/Desktop/spek template/src/migration/core/monitoring/HealthMonitor.ts'
    Imported via '../../utils/Logger' from file 'C:/Users/17175/Desktop/spek template/src/migration/core/ProtocolRegistry.ts'
    Imported via '../../utils/Logger' from file 'C:/Users/17175/Desktop/spek template/src/migration/core/MigrationOrchestrator.ts'
    Imported via '../../../utils/Logger' from file 'C:/Users/17175/Desktop/spek template/src/migration/core/validators/ActivationValidator.ts'
    Imported via '../../utils/Logger' from file 'C:/Users/17175/Desktop/spek template/src/migration/fallback/FallbackProtocolManager.ts'
    Imported via '../../../utils/Logger' from file 'C:/Users/17175/Desktop/spek template/src/migration/fsm/states/CompletedState.ts'
    Imported via '../../../utils/Logger' from file 'C:/Users/17175/Desktop/spek template/src/migration/fsm/states/ExecutingPhaseState.ts'
    Imported via '../../../utils/Logger' from file 'C:/Users/17175/Desktop/spek template/src/migration/fsm/states/ExecutingStepState.ts'
    Imported via '../../../utils/Logger' from file 'C:/Users/17175/Desktop/spek template/src/migration/fsm/states/IdleState.ts'
    Imported via '../../../utils/Logger' from file 'C:/Users/17175/Desktop/spek template/src/migration/fsm/states/RollingBackState.ts'
    Imported via '../../../utils/Logger' from file 'C:/Users/17175/Desktop/spek template/src/migration/fsm/states/ValidatingStepState.ts'
    Imported via '../../../utils/Logger' from file 'C:/Users/17175/Desktop/spek template/src/migration/fsm/transitions/TransitionHub.ts'
    Imported via '../../utils/Logger' from file 'C:/Users/17175/Desktop/spek template/src/migration/orchestration/MigrationExecutor.ts'
    Imported via '../../../utils/Logger' from file 'C:/Users/17175/Desktop/spek template/src/migration/planning/dependencies/DependencyMapper.ts'
    Imported via '../../../utils/Logger' from file 'C:/Users/17175/Desktop/spek template/src/migration/planning/fsm/AnalysisStateMachine.ts'
    Imported via '../../../utils/Logger' from file 'C:/Users/17175/Desktop/spek template/src/migration/planning/fsm/AnalysisStateMachineRefactored.ts'
    Imported via '../../../../utils/Logger' from file 'C:/Users/17175/Desktop/spek template/src/migration/planning/fsm/core/TransitionHub.ts'
    Imported via '../../../../utils/Logger' from file 'C:/Users/17175/Desktop/spek template/src/migration/planning/fsm/core/BaseStateHandler.ts'
    Imported via '../../utils/Logger' from file 'C:/Users/17175/Desktop/spek template/src/migration/strategies/CanaryProtocolMigration.ts'
    Imported via '../../../utils/Logger' from file 'C:/Users/17175/Desktop/spek template/src/migration/strategies/canary/CanaryMigrationFacade.ts'
    Imported via '../../../utils/Logger' from file 'C:/Users/17175/Desktop/spek template/src/migration/strategies/canary/CanaryMigrationStateMachine.ts'
    Imported via '../../../../utils/Logger' from file 'C:/Users/17175/Desktop/spek template/src/migration/strategies/canary/handlers/CanaryDeploymentHandler.ts'
    Imported via '../../../../utils/Logger' from file 'C:/Users/17175/Desktop/spek template/src/migration/strategies/canary/handlers/CanaryTrafficHandler.ts'
    Imported via '../../../../utils/Logger' from file 'C:/Users/17175/Desktop/spek template/src/migration/strategies/canary/handlers/CanaryValidationHandler.ts'
    Imported via '../../../../utils/Logger' from file 'C:/Users/17175/Desktop/spek template/src/migration/strategies/canary/handlers/CanaryRollbackHandler.ts'
    Imported via '../../utils/Logger' from file 'C:/Users/17175/Desktop/spek template/src/migration/translation/ProtocolFacade.ts'
    Imported via '../../utils/Logger' from file 'C:/Users/17175/Desktop/spek template/src/migration/translation/ProtocolParser.ts'
    Imported via '../../utils/Logger' from file 'C:/Users/17175/Desktop/spek template/src/migration/translation/ProtocolSerializer.ts'
    Imported via '../../utils/Logger' from file 'C:/Users/17175/Desktop/spek template/src/migration/translation/ProtocolStateMachine.ts'
    Imported via '../../utils/Logger' from file 'C:/Users/17175/Desktop/spek template/src/migration/translation/ProtocolValidator.ts'
    Imported via '../../../utils/Logger' from file 'C:/Users/17175/Desktop/spek template/src/migration/translation/fsm/FormatRegistry.ts'
    Imported via '../../../utils/Logger' from file 'C:/Users/17175/Desktop/spek template/src/migration/translation/fsm/RuleProcessor.ts'
    Imported via '../../../utils/Logger' from file 'C:/Users/17175/Desktop/spek template/src/migration/translation/fsm/ValidationOrchestrator.ts'
    Imported via '../../../utils/Logger' from file 'C:/Users/17175/Desktop/spek template/src/migration/translation/fsm/PerformanceMonitor.ts'
    Imported via '../../../utils/Logger' from file 'C:/Users/17175/Desktop/spek template/src/migration/translation/fsm/ConversionEngine.ts'
    Imported via '../../../utils/Logger' from file 'C:/Users/17175/Desktop/spek template/src/migration/translation/fsm/BatchProcessor.ts'
    Imported via '../utils/Logger' from file 'C:/Users/17175/Desktop/spek template/src/networking/RealWebSocketServer.ts'
    Imported via '../../utils/Logger' from file 'C:/Users/17175/Desktop/spek template/src/princesses/deployment/BlueGreenDeployment.ts'
    Imported via '../../utils/Logger' from file 'C:/Users/17175/Desktop/spek template/src/princesses/deployment/ContainerOrchestrator.ts'
    Imported via '../../utils/Logger' from file 'C:/Users/17175/Desktop/spek template/src/princesses/deployment/DeploymentPrincess.ts'
    Imported via '../../utils/logger' from file 'C:/Users/17175/Desktop/spek template/src/protocols/a2a/A2AProtocolEngine.ts'
    Imported via '../../utils/logger' from file 'C:/Users/17175/Desktop/spek template/src/protocols/a2a/MessageRouter.ts'
    Imported via '../../utils/logger' from file 'C:/Users/17175/Desktop/spek template/src/protocols/a2a/ProtocolRegistry.ts'
    Imported via '../../utils/logger' from file 'C:/Users/17175/Desktop/spek template/src/protocols/docs/A2ADocumentationGenerator.ts'
    Imported via '../../../utils/logger' from file 'C:/Users/17175/Desktop/spek template/src/protocols/docs/fsm/DocGeneratorTypes.ts'
    Imported via '../../../utils/logger' from file 'C:/Users/17175/Desktop/spek template/src/protocols/docs/metrics/DocGeneratorMetrics.ts'
    Imported via '../../utils/logger' from file 'C:/Users/17175/Desktop/spek template/src/protocols/mcp/MCPBridge.ts'
    Imported via '../../utils/logger' from file 'C:/Users/17175/Desktop/spek template/src/swarm/coordination/TaskDistributor.ts'
    Imported via '../../../utils/logger' from file 'C:/Users/17175/Desktop/spek template/src/swarm/memory/development/ContextDNA.ts'
    Imported via '../../../utils/logger' from file 'C:/Users/17175/Desktop/spek template/src/swarm/memory/development/VectorStore.ts'
    Imported via '../../utils/logger' from file 'C:/Users/17175/Desktop/spek template/src/swarm/orchestration/SwarmInitializer.ts'
    Imported via '../../utils/logger' from file 'C:/Users/17175/Desktop/spek template/src/swarm/orchestration/GodObjectOrchestrator.ts'
    Imported via '../../utils/logger' from file 'C:/Users/17175/Desktop/spek template/src/swarm/queen/ShardingCoordinator.ts'
    Imported via '../../../utils/Logger' from file 'C:/Users/17175/Desktop/spek template/src/swarm/validation/fsm/DomainBoundaryManager.ts'
    Imported via '../../../utils/Logger' from file 'C:/Users/17175/Desktop/spek template/src/swarm/validation/fsm/ExclusivityValidator.ts'
    Imported via '../../../utils/Logger' from file 'C:/Users/17175/Desktop/spek template/src/swarm/validation/fsm/HandoffCoordinator.ts'
    Imported via '../../../utils/Logger' from file 'C:/Users/17175/Desktop/spek template/src/swarm/validation/fsm/ValidationEngine.ts'
    Matched by include pattern 'src/**/*' in 'C:/Users/17175/Desktop/spek template/tsconfig.json'
src/protocols/a2a/ProtocolRegistry.ts(35,14): error TS2415: Class 'ProtocolRegistry' incorrectly extends base class 'import("C:/Users/17175/Desktop/spek template/node_modules/@types/node/events.d.ts")<DefaultEventMap>'.
  Property 'logger' is private in type 'ProtocolRegistry' but not in type 'import("C:/Users/17175/Desktop/spek template/node_modules/@types/node/events.d.ts")<DefaultEventMap>'.
src/protocols/a2a/ProtocolRegistry.ts(71,7): error TS2353: Object literal may only specify known properties, and 'name' does not exist in type 'Partial<LogContext>'.
src/protocols/a2a/ProtocolRegistry.ts(96,51): error TS2353: Object literal may only specify known properties, and 'name' does not exist in type 'Partial<LogContext>'.
src/protocols/a2a/ProtocolRegistry.ts(157,11): error TS2353: Object literal may only specify known properties, and 'path' does not exist in type 'Partial<LogContext>'.
src/protocols/a2a/ProtocolRegistry.ts(164,7): error TS2353: Object literal may only specify known properties, and 'discovered' does not exist in type 'Partial<LogContext>'.
src/protocols/a2a/ProtocolRegistry.ts(241,7): error TS2353: Object literal may only specify known properties, and 'protocol' does not exist in type 'Partial<LogContext>'.
src/protocols/docs/A2ADocumentationGenerator.ts(1,24): error TS1149: File name 'C:/Users/17175/Desktop/spek template/src/utils/logger.ts' differs from already included file name 'C:/Users/17175/Desktop/spek template/src/utils/Logger.ts' only in casing.
  The file is in the program because:
    Imported via '../utils/Logger' from file 'C:/Users/17175/Desktop/spek template/src/commands/init-swarm-hierarchy.ts'
    Imported via '../../../utils/logger' from file 'C:/Users/17175/Desktop/spek template/src/swarm/memory/development/LangroidMemory.ts'
    Imported via '../../utils/logger' from file 'C:/Users/17175/Desktop/spek template/src/swarm/queen/KingLogicAdapter.ts'
    Imported via '../../utils/Logger' from file 'C:/Users/17175/Desktop/spek template/src/github/api/GitHubAPIOptimizer.ts'
    Imported via '../../utils/Logger' from file 'C:/Users/17175/Desktop/spek template/src/github/api/GitHubAuthenticationManager.ts'
    Imported via '../../utils/Logger' from file 'C:/Users/17175/Desktop/spek template/src/github/integration/GitHubProjectManager.ts'
    Imported via '../../utils/Logger' from file 'C:/Users/17175/Desktop/spek template/src/github/integration/RealGitHubProjectManager.ts'
    Imported via '../../utils/Logger' from file 'C:/Users/17175/Desktop/spek template/src/github/integration/QueenGitHubOrchestrator.ts'
    Imported via '../../utils/Logger' from file 'C:/Users/17175/Desktop/spek template/src/github/integration/RepositoryCoordinator.ts'
    Imported via '../../utils/Logger' from file 'C:/Users/17175/Desktop/spek template/src/github/pr/PRLifecycleManager.ts'
    Imported via '../../utils/Logger' from file 'C:/Users/17175/Desktop/spek template/src/github/projects/ProjectBoardIntelligence.ts'
    Imported via '../../utils/Logger' from file 'C:/Users/17175/Desktop/spek template/src/github/repos/CrossRepoSynchronization.ts'
    Imported via '../../utils/Logger' from file 'C:/Users/17175/Desktop/spek template/src/github/workflows/ActionWorkflowBuilder.ts'
    Imported via '../utils/Logger' from file 'C:/Users/17175/Desktop/spek template/src/memory/RealLangroidMemory.ts'
    Imported via '../../utils/logger' from file 'C:/Users/17175/Desktop/spek template/src/memory/langroid/RealMemoryCompressor.ts'
    Imported via '../../utils/Logger' from file 'C:/Users/17175/Desktop/spek template/src/migration/core/ActivationEngine.ts'
    Imported via '../../../utils/Logger' from file 'C:/Users/17175/Desktop/spek template/src/migration/core/states/FallbackStateMachine.ts'
    Imported via '../../../utils/Logger' from file 'C:/Users/17175/Desktop/spek template/src/migration/core/core/TransitionHub.ts'
    Imported via '../../utils/Logger' from file 'C:/Users/17175/Desktop/spek template/src/migration/core/FallbackChainFacade.ts'
    Imported via '../../../utils/Logger' from file 'C:/Users/17175/Desktop/spek template/src/migration/core/builders/ChainBuilder.ts'
    Imported via '../../../utils/Logger' from file 'C:/Users/17175/Desktop/spek template/src/migration/core/monitoring/HealthMonitor.ts'
    Imported via '../../utils/Logger' from file 'C:/Users/17175/Desktop/spek template/src/migration/core/ProtocolRegistry.ts'
    Imported via '../../utils/Logger' from file 'C:/Users/17175/Desktop/spek template/src/migration/core/MigrationOrchestrator.ts'
    Imported via '../../../utils/Logger' from file 'C:/Users/17175/Desktop/spek template/src/migration/core/validators/ActivationValidator.ts'
    Imported via '../../utils/Logger' from file 'C:/Users/17175/Desktop/spek template/src/migration/fallback/FallbackProtocolManager.ts'
    Imported via '../../../utils/Logger' from file 'C:/Users/17175/Desktop/spek template/src/migration/fsm/states/CompletedState.ts'
    Imported via '../../../utils/Logger' from file 'C:/Users/17175/Desktop/spek template/src/migration/fsm/states/ExecutingPhaseState.ts'
    Imported via '../../../utils/Logger' from file 'C:/Users/17175/Desktop/spek template/src/migration/fsm/states/ExecutingStepState.ts'
    Imported via '../../../utils/Logger' from file 'C:/Users/17175/Desktop/spek template/src/migration/fsm/states/IdleState.ts'
    Imported via '../../../utils/Logger' from file 'C:/Users/17175/Desktop/spek template/src/migration/fsm/states/RollingBackState.ts'
    Imported via '../../../utils/Logger' from file 'C:/Users/17175/Desktop/spek template/src/migration/fsm/states/ValidatingStepState.ts'
    Imported via '../../../utils/Logger' from file 'C:/Users/17175/Desktop/spek template/src/migration/fsm/transitions/TransitionHub.ts'
    Imported via '../../utils/Logger' from file 'C:/Users/17175/Desktop/spek template/src/migration/orchestration/MigrationExecutor.ts'
    Imported via '../../../utils/Logger' from file 'C:/Users/17175/Desktop/spek template/src/migration/planning/dependencies/DependencyMapper.ts'
    Imported via '../../../utils/Logger' from file 'C:/Users/17175/Desktop/spek template/src/migration/planning/fsm/AnalysisStateMachine.ts'
    Imported via '../../../utils/Logger' from file 'C:/Users/17175/Desktop/spek template/src/migration/planning/fsm/AnalysisStateMachineRefactored.ts'
    Imported via '../../../../utils/Logger' from file 'C:/Users/17175/Desktop/spek template/src/migration/planning/fsm/core/TransitionHub.ts'
    Imported via '../../../../utils/Logger' from file 'C:/Users/17175/Desktop/spek template/src/migration/planning/fsm/core/BaseStateHandler.ts'
    Imported via '../../utils/Logger' from file 'C:/Users/17175/Desktop/spek template/src/migration/strategies/CanaryProtocolMigration.ts'
    Imported via '../../../utils/Logger' from file 'C:/Users/17175/Desktop/spek template/src/migration/strategies/canary/CanaryMigrationFacade.ts'
    Imported via '../../../utils/Logger' from file 'C:/Users/17175/Desktop/spek template/src/migration/strategies/canary/CanaryMigrationStateMachine.ts'
    Imported via '../../../../utils/Logger' from file 'C:/Users/17175/Desktop/spek template/src/migration/strategies/canary/handlers/CanaryDeploymentHandler.ts'
    Imported via '../../../../utils/Logger' from file 'C:/Users/17175/Desktop/spek template/src/migration/strategies/canary/handlers/CanaryTrafficHandler.ts'
    Imported via '../../../../utils/Logger' from file 'C:/Users/17175/Desktop/spek template/src/migration/strategies/canary/handlers/CanaryValidationHandler.ts'
    Imported via '../../../../utils/Logger' from file 'C:/Users/17175/Desktop/spek template/src/migration/strategies/canary/handlers/CanaryRollbackHandler.ts'
    Imported via '../../utils/Logger' from file 'C:/Users/17175/Desktop/spek template/src/migration/translation/ProtocolFacade.ts'
    Imported via '../../utils/Logger' from file 'C:/Users/17175/Desktop/spek template/src/migration/translation/ProtocolParser.ts'
    Imported via '../../utils/Logger' from file 'C:/Users/17175/Desktop/spek template/src/migration/translation/ProtocolSerializer.ts'
    Imported via '../../utils/Logger' from file 'C:/Users/17175/Desktop/spek template/src/migration/translation/ProtocolStateMachine.ts'
    Imported via '../../utils/Logger' from file 'C:/Users/17175/Desktop/spek template/src/migration/translation/ProtocolValidator.ts'
    Imported via '../../../utils/Logger' from file 'C:/Users/17175/Desktop/spek template/src/migration/translation/fsm/FormatRegistry.ts'
    Imported via '../../../utils/Logger' from file 'C:/Users/17175/Desktop/spek template/src/migration/translation/fsm/RuleProcessor.ts'
    Imported via '../../../utils/Logger' from file 'C:/Users/17175/Desktop/spek template/src/migration/translation/fsm/ValidationOrchestrator.ts'
    Imported via '../../../utils/Logger' from file 'C:/Users/17175/Desktop/spek template/src/migration/translation/fsm/PerformanceMonitor.ts'
    Imported via '../../../utils/Logger' from file 'C:/Users/17175/Desktop/spek template/src/migration/translation/fsm/ConversionEngine.ts'
    Imported via '../../../utils/Logger' from file 'C:/Users/17175/Desktop/spek template/src/migration/translation/fsm/BatchProcessor.ts'
    Imported via '../utils/Logger' from file 'C:/Users/17175/Desktop/spek template/src/networking/RealWebSocketServer.ts'
    Imported via '../../utils/Logger' from file 'C:/Users/17175/Desktop/spek template/src/princesses/deployment/BlueGreenDeployment.ts'
    Imported via '../../utils/Logger' from file 'C:/Users/17175/Desktop/spek template/src/princesses/deployment/ContainerOrchestrator.ts'
    Imported via '../../utils/Logger' from file 'C:/Users/17175/Desktop/spek template/src/princesses/deployment/DeploymentPrincess.ts'
    Imported via '../../utils/logger' from file 'C:/Users/17175/Desktop/spek template/src/protocols/a2a/A2AProtocolEngine.ts'
    Imported via '../../utils/logger' from file 'C:/Users/17175/Desktop/spek template/src/protocols/a2a/MessageRouter.ts'
    Imported via '../../utils/logger' from file 'C:/Users/17175/Desktop/spek template/src/protocols/a2a/ProtocolRegistry.ts'
    Imported via '../../utils/logger' from file 'C:/Users/17175/Desktop/spek template/src/protocols/docs/A2ADocumentationGenerator.ts'
    Imported via '../../../utils/logger' from file 'C:/Users/17175/Desktop/spek template/src/protocols/docs/fsm/DocGeneratorTypes.ts'
    Imported via '../../../utils/logger' from file 'C:/Users/17175/Desktop/spek template/src/protocols/docs/metrics/DocGeneratorMetrics.ts'
    Imported via '../../utils/logger' from file 'C:/Users/17175/Desktop/spek template/src/protocols/mcp/MCPBridge.ts'
    Imported via '../../utils/logger' from file 'C:/Users/17175/Desktop/spek template/src/swarm/coordination/TaskDistributor.ts'
    Imported via '../../../utils/logger' from file 'C:/Users/17175/Desktop/spek template/src/swarm/memory/development/ContextDNA.ts'
    Imported via '../../../utils/logger' from file 'C:/Users/17175/Desktop/spek template/src/swarm/memory/development/VectorStore.ts'
    Imported via '../../utils/logger' from file 'C:/Users/17175/Desktop/spek template/src/swarm/orchestration/SwarmInitializer.ts'
    Imported via '../../utils/logger' from file 'C:/Users/17175/Desktop/spek template/src/swarm/orchestration/GodObjectOrchestrator.ts'
    Imported via '../../utils/logger' from file 'C:/Users/17175/Desktop/spek template/src/swarm/queen/ShardingCoordinator.ts'
    Imported via '../../../utils/Logger' from file 'C:/Users/17175/Desktop/spek template/src/swarm/validation/fsm/DomainBoundaryManager.ts'
    Imported via '../../../utils/Logger' from file 'C:/Users/17175/Desktop/spek template/src/swarm/validation/fsm/ExclusivityValidator.ts'
    Imported via '../../../utils/Logger' from file 'C:/Users/17175/Desktop/spek template/src/swarm/validation/fsm/HandoffCoordinator.ts'
    Imported via '../../../utils/Logger' from file 'C:/Users/17175/Desktop/spek template/src/swarm/validation/fsm/ValidationEngine.ts'
    Matched by include pattern 'src/**/*' in 'C:/Users/17175/Desktop/spek template/tsconfig.json'
src/protocols/docs/A2ADocumentationGenerator.ts(5,10): error TS2305: Module '"./fsm/DocumentationGeneratorFSM"' has no exported member 'DocumentationGeneratorFSM'.
src/protocols/docs/A2ADocumentationGenerator.ts(7,10): error TS2305: Module '"./fsm/DocGeneratorContext"' has no exported member 'DocGeneratorContext'.
src/protocols/docs/A2ADocumentationGenerator.ts(177,14): error TS2415: Class 'A2ADocumentationGenerator' incorrectly extends base class 'import("C:/Users/17175/Desktop/spek template/node_modules/@types/node/events.d.ts")<DefaultEventMap>'.
  Property 'logger' is private in type 'A2ADocumentationGenerator' but not in type 'import("C:/Users/17175/Desktop/spek template/node_modules/@types/node/events.d.ts")<DefaultEventMap>'.
src/protocols/docs/A2ADocumentationGenerator.ts(216,44): error TS7006: Parameter 'data' implicitly has an 'any' type.
src/protocols/docs/A2ADocumentationGenerator.ts(220,40): error TS7006: Parameter 'data' implicitly has an 'any' type.
src/protocols/docs/A2ADocumentationGenerator.ts(224,36): error TS7006: Parameter 'data' implicitly has an 'any' type.
src/protocols/docs/fsm/DocGeneratorContext.ts(5,15): error TS2307: Cannot find module './DocGeneratorContextFacade' or its corresponding type declarations.
src/protocols/docs/fsm/DocGeneratorTypes.ts(2,24): error TS1149: File name 'C:/Users/17175/Desktop/spek template/src/utils/logger.ts' differs from already included file name 'C:/Users/17175/Desktop/spek template/src/utils/Logger.ts' only in casing.
  The file is in the program because:
    Imported via '../utils/Logger' from file 'C:/Users/17175/Desktop/spek template/src/commands/init-swarm-hierarchy.ts'
    Imported via '../../../utils/logger' from file 'C:/Users/17175/Desktop/spek template/src/swarm/memory/development/LangroidMemory.ts'
    Imported via '../../utils/logger' from file 'C:/Users/17175/Desktop/spek template/src/swarm/queen/KingLogicAdapter.ts'
    Imported via '../../utils/Logger' from file 'C:/Users/17175/Desktop/spek template/src/github/api/GitHubAPIOptimizer.ts'
    Imported via '../../utils/Logger' from file 'C:/Users/17175/Desktop/spek template/src/github/api/GitHubAuthenticationManager.ts'
    Imported via '../../utils/Logger' from file 'C:/Users/17175/Desktop/spek template/src/github/integration/GitHubProjectManager.ts'
    Imported via '../../utils/Logger' from file 'C:/Users/17175/Desktop/spek template/src/github/integration/RealGitHubProjectManager.ts'
    Imported via '../../utils/Logger' from file 'C:/Users/17175/Desktop/spek template/src/github/integration/QueenGitHubOrchestrator.ts'
    Imported via '../../utils/Logger' from file 'C:/Users/17175/Desktop/spek template/src/github/integration/RepositoryCoordinator.ts'
    Imported via '../../utils/Logger' from file 'C:/Users/17175/Desktop/spek template/src/github/pr/PRLifecycleManager.ts'
    Imported via '../../utils/Logger' from file 'C:/Users/17175/Desktop/spek template/src/github/projects/ProjectBoardIntelligence.ts'
    Imported via '../../utils/Logger' from file 'C:/Users/17175/Desktop/spek template/src/github/repos/CrossRepoSynchronization.ts'
    Imported via '../../utils/Logger' from file 'C:/Users/17175/Desktop/spek template/src/github/workflows/ActionWorkflowBuilder.ts'
    Imported via '../utils/Logger' from file 'C:/Users/17175/Desktop/spek template/src/memory/RealLangroidMemory.ts'
    Imported via '../../utils/logger' from file 'C:/Users/17175/Desktop/spek template/src/memory/langroid/RealMemoryCompressor.ts'
    Imported via '../../utils/Logger' from file 'C:/Users/17175/Desktop/spek template/src/migration/core/ActivationEngine.ts'
    Imported via '../../../utils/Logger' from file 'C:/Users/17175/Desktop/spek template/src/migration/core/states/FallbackStateMachine.ts'
    Imported via '../../../utils/Logger' from file 'C:/Users/17175/Desktop/spek template/src/migration/core/core/TransitionHub.ts'
    Imported via '../../utils/Logger' from file 'C:/Users/17175/Desktop/spek template/src/migration/core/FallbackChainFacade.ts'
    Imported via '../../../utils/Logger' from file 'C:/Users/17175/Desktop/spek template/src/migration/core/builders/ChainBuilder.ts'
    Imported via '../../../utils/Logger' from file 'C:/Users/17175/Desktop/spek template/src/migration/core/monitoring/HealthMonitor.ts'
    Imported via '../../utils/Logger' from file 'C:/Users/17175/Desktop/spek template/src/migration/core/ProtocolRegistry.ts'
    Imported via '../../utils/Logger' from file 'C:/Users/17175/Desktop/spek template/src/migration/core/MigrationOrchestrator.ts'
    Imported via '../../../utils/Logger' from file 'C:/Users/17175/Desktop/spek template/src/migration/core/validators/ActivationValidator.ts'
    Imported via '../../utils/Logger' from file 'C:/Users/17175/Desktop/spek template/src/migration/fallback/FallbackProtocolManager.ts'
    Imported via '../../../utils/Logger' from file 'C:/Users/17175/Desktop/spek template/src/migration/fsm/states/CompletedState.ts'
    Imported via '../../../utils/Logger' from file 'C:/Users/17175/Desktop/spek template/src/migration/fsm/states/ExecutingPhaseState.ts'
    Imported via '../../../utils/Logger' from file 'C:/Users/17175/Desktop/spek template/src/migration/fsm/states/ExecutingStepState.ts'
    Imported via '../../../utils/Logger' from file 'C:/Users/17175/Desktop/spek template/src/migration/fsm/states/IdleState.ts'
    Imported via '../../../utils/Logger' from file 'C:/Users/17175/Desktop/spek template/src/migration/fsm/states/RollingBackState.ts'
    Imported via '../../../utils/Logger' from file 'C:/Users/17175/Desktop/spek template/src/migration/fsm/states/ValidatingStepState.ts'
    Imported via '../../../utils/Logger' from file 'C:/Users/17175/Desktop/spek template/src/migration/fsm/transitions/TransitionHub.ts'
    Imported via '../../utils/Logger' from file 'C:/Users/17175/Desktop/spek template/src/migration/orchestration/MigrationExecutor.ts'
    Imported via '../../../utils/Logger' from file 'C:/Users/17175/Desktop/spek template/src/migration/planning/dependencies/DependencyMapper.ts'
    Imported via '../../../utils/Logger' from file 'C:/Users/17175/Desktop/spek template/src/migration/planning/fsm/AnalysisStateMachine.ts'
    Imported via '../../../utils/Logger' from file 'C:/Users/17175/Desktop/spek template/src/migration/planning/fsm/AnalysisStateMachineRefactored.ts'
    Imported via '../../../../utils/Logger' from file 'C:/Users/17175/Desktop/spek template/src/migration/planning/fsm/core/TransitionHub.ts'
    Imported via '../../../../utils/Logger' from file 'C:/Users/17175/Desktop/spek template/src/migration/planning/fsm/core/BaseStateHandler.ts'
    Imported via '../../utils/Logger' from file 'C:/Users/17175/Desktop/spek template/src/migration/strategies/CanaryProtocolMigration.ts'
    Imported via '../../../utils/Logger' from file 'C:/Users/17175/Desktop/spek template/src/migration/strategies/canary/CanaryMigrationFacade.ts'
    Imported via '../../../utils/Logger' from file 'C:/Users/17175/Desktop/spek template/src/migration/strategies/canary/CanaryMigrationStateMachine.ts'
    Imported via '../../../../utils/Logger' from file 'C:/Users/17175/Desktop/spek template/src/migration/strategies/canary/handlers/CanaryDeploymentHandler.ts'
    Imported via '../../../../utils/Logger' from file 'C:/Users/17175/Desktop/spek template/src/migration/strategies/canary/handlers/CanaryTrafficHandler.ts'
    Imported via '../../../../utils/Logger' from file 'C:/Users/17175/Desktop/spek template/src/migration/strategies/canary/handlers/CanaryValidationHandler.ts'
    Imported via '../../../../utils/Logger' from file 'C:/Users/17175/Desktop/spek template/src/migration/strategies/canary/handlers/CanaryRollbackHandler.ts'
    Imported via '../../utils/Logger' from file 'C:/Users/17175/Desktop/spek template/src/migration/translation/ProtocolFacade.ts'
    Imported via '../../utils/Logger' from file 'C:/Users/17175/Desktop/spek template/src/migration/translation/ProtocolParser.ts'
    Imported via '../../utils/Logger' from file 'C:/Users/17175/Desktop/spek template/src/migration/translation/ProtocolSerializer.ts'
    Imported via '../../utils/Logger' from file 'C:/Users/17175/Desktop/spek template/src/migration/translation/ProtocolStateMachine.ts'
    Imported via '../../utils/Logger' from file 'C:/Users/17175/Desktop/spek template/src/migration/translation/ProtocolValidator.ts'
    Imported via '../../../utils/Logger' from file 'C:/Users/17175/Desktop/spek template/src/migration/translation/fsm/FormatRegistry.ts'
    Imported via '../../../utils/Logger' from file 'C:/Users/17175/Desktop/spek template/src/migration/translation/fsm/RuleProcessor.ts'
    Imported via '../../../utils/Logger' from file 'C:/Users/17175/Desktop/spek template/src/migration/translation/fsm/ValidationOrchestrator.ts'
    Imported via '../../../utils/Logger' from file 'C:/Users/17175/Desktop/spek template/src/migration/translation/fsm/PerformanceMonitor.ts'
    Imported via '../../../utils/Logger' from file 'C:/Users/17175/Desktop/spek template/src/migration/translation/fsm/ConversionEngine.ts'
    Imported via '../../../utils/Logger' from file 'C:/Users/17175/Desktop/spek template/src/migration/translation/fsm/BatchProcessor.ts'
    Imported via '../utils/Logger' from file 'C:/Users/17175/Desktop/spek template/src/networking/RealWebSocketServer.ts'
    Imported via '../../utils/Logger' from file 'C:/Users/17175/Desktop/spek template/src/princesses/deployment/BlueGreenDeployment.ts'
    Imported via '../../utils/Logger' from file 'C:/Users/17175/Desktop/spek template/src/princesses/deployment/ContainerOrchestrator.ts'
    Imported via '../../utils/Logger' from file 'C:/Users/17175/Desktop/spek template/src/princesses/deployment/DeploymentPrincess.ts'
    Imported via '../../utils/logger' from file 'C:/Users/17175/Desktop/spek template/src/protocols/a2a/A2AProtocolEngine.ts'
    Imported via '../../utils/logger' from file 'C:/Users/17175/Desktop/spek template/src/protocols/a2a/MessageRouter.ts'
    Imported via '../../utils/logger' from file 'C:/Users/17175/Desktop/spek template/src/protocols/a2a/ProtocolRegistry.ts'
    Imported via '../../utils/logger' from file 'C:/Users/17175/Desktop/spek template/src/protocols/docs/A2ADocumentationGenerator.ts'
    Imported via '../../../utils/logger' from file 'C:/Users/17175/Desktop/spek template/src/protocols/docs/fsm/DocGeneratorTypes.ts'
    Imported via '../../../utils/logger' from file 'C:/Users/17175/Desktop/spek template/src/protocols/docs/metrics/DocGeneratorMetrics.ts'
    Imported via '../../utils/logger' from file 'C:/Users/17175/Desktop/spek template/src/protocols/mcp/MCPBridge.ts'
    Imported via '../../utils/logger' from file 'C:/Users/17175/Desktop/spek template/src/swarm/coordination/TaskDistributor.ts'
    Imported via '../../../utils/logger' from file 'C:/Users/17175/Desktop/spek template/src/swarm/memory/development/ContextDNA.ts'
    Imported via '../../../utils/logger' from file 'C:/Users/17175/Desktop/spek template/src/swarm/memory/development/VectorStore.ts'
    Imported via '../../utils/logger' from file 'C:/Users/17175/Desktop/spek template/src/swarm/orchestration/SwarmInitializer.ts'
    Imported via '../../utils/logger' from file 'C:/Users/17175/Desktop/spek template/src/swarm/orchestration/GodObjectOrchestrator.ts'
    Imported via '../../utils/logger' from file 'C:/Users/17175/Desktop/spek template/src/swarm/queen/ShardingCoordinator.ts'
    Imported via '../../../utils/Logger' from file 'C:/Users/17175/Desktop/spek template/src/swarm/validation/fsm/DomainBoundaryManager.ts'
    Imported via '../../../utils/Logger' from file 'C:/Users/17175/Desktop/spek template/src/swarm/validation/fsm/ExclusivityValidator.ts'
    Imported via '../../../utils/Logger' from file 'C:/Users/17175/Desktop/spek template/src/swarm/validation/fsm/HandoffCoordinator.ts'
    Imported via '../../../utils/Logger' from file 'C:/Users/17175/Desktop/spek template/src/swarm/validation/fsm/ValidationEngine.ts'
    Matched by include pattern 'src/**/*' in 'C:/Users/17175/Desktop/spek template/tsconfig.json'
src/protocols/docs/fsm/DocGeneratorTypes.ts(68,14): error TS2415: Class 'DocGeneratorTransitionHub' incorrectly extends base class 'import("C:/Users/17175/Desktop/spek template/node_modules/@types/node/events.d.ts")<DefaultEventMap>'.
  Property 'logger' is private in type 'DocGeneratorTransitionHub' but not in type 'import("C:/Users/17175/Desktop/spek template/node_modules/@types/node/events.d.ts")<DefaultEventMap>'.
src/protocols/docs/fsm/DocGeneratorTypes.ts(296,7): error TS2353: Object literal may only specify known properties, and 'fromState' does not exist in type 'Partial<LogContext>'.
src/protocols/docs/fsm/DocumentationGeneratorFSM.ts(5,15): error TS2307: Cannot find module './DocumentationGeneratorFSMFacade' or its corresponding type declarations.
src/protocols/docs/fsm/index.ts(10,10): error TS2305: Module '"./DocGeneratorContext"' has no exported member 'DocGeneratorContext'.
src/protocols/docs/fsm/index.ts(13,3): error TS2305: Module '"./DocumentationGeneratorFSM"' has no exported member 'DocumentationGeneratorFSM'.
src/protocols/docs/fsm/index.ts(14,3): error TS2305: Module '"./DocumentationGeneratorFSM"' has no exported member 'StateHandler'.
src/protocols/docs/metrics/DocGeneratorMetrics.ts(1,24): error TS1149: File name 'C:/Users/17175/Desktop/spek template/src/utils/logger.ts' differs from already included file name 'C:/Users/17175/Desktop/spek template/src/utils/Logger.ts' only in casing.
  The file is in the program because:
    Imported via '../utils/Logger' from file 'C:/Users/17175/Desktop/spek template/src/commands/init-swarm-hierarchy.ts'
    Imported via '../../../utils/logger' from file 'C:/Users/17175/Desktop/spek template/src/swarm/memory/development/LangroidMemory.ts'
    Imported via '../../utils/logger' from file 'C:/Users/17175/Desktop/spek template/src/swarm/queen/KingLogicAdapter.ts'
    Imported via '../../utils/Logger' from file 'C:/Users/17175/Desktop/spek template/src/github/api/GitHubAPIOptimizer.ts'
    Imported via '../../utils/Logger' from file 'C:/Users/17175/Desktop/spek template/src/github/api/GitHubAuthenticationManager.ts'
    Imported via '../../utils/Logger' from file 'C:/Users/17175/Desktop/spek template/src/github/integration/GitHubProjectManager.ts'
    Imported via '../../utils/Logger' from file 'C:/Users/17175/Desktop/spek template/src/github/integration/RealGitHubProjectManager.ts'
    Imported via '../../utils/Logger' from file 'C:/Users/17175/Desktop/spek template/src/github/integration/QueenGitHubOrchestrator.ts'
    Imported via '../../utils/Logger' from file 'C:/Users/17175/Desktop/spek template/src/github/integration/RepositoryCoordinator.ts'
    Imported via '../../utils/Logger' from file 'C:/Users/17175/Desktop/spek template/src/github/pr/PRLifecycleManager.ts'
    Imported via '../../utils/Logger' from file 'C:/Users/17175/Desktop/spek template/src/github/projects/ProjectBoardIntelligence.ts'
    Imported via '../../utils/Logger' from file 'C:/Users/17175/Desktop/spek template/src/github/repos/CrossRepoSynchronization.ts'
    Imported via '../../utils/Logger' from file 'C:/Users/17175/Desktop/spek template/src/github/workflows/ActionWorkflowBuilder.ts'
    Imported via '../utils/Logger' from file 'C:/Users/17175/Desktop/spek template/src/memory/RealLangroidMemory.ts'
    Imported via '../../utils/logger' from file 'C:/Users/17175/Desktop/spek template/src/memory/langroid/RealMemoryCompressor.ts'
    Imported via '../../utils/Logger' from file 'C:/Users/17175/Desktop/spek template/src/migration/core/ActivationEngine.ts'
    Imported via '../../../utils/Logger' from file 'C:/Users/17175/Desktop/spek template/src/migration/core/states/FallbackStateMachine.ts'
    Imported via '../../../utils/Logger' from file 'C:/Users/17175/Desktop/spek template/src/migration/core/core/TransitionHub.ts'
    Imported via '../../utils/Logger' from file 'C:/Users/17175/Desktop/spek template/src/migration/core/FallbackChainFacade.ts'
    Imported via '../../../utils/Logger' from file 'C:/Users/17175/Desktop/spek template/src/migration/core/builders/ChainBuilder.ts'
    Imported via '../../../utils/Logger' from file 'C:/Users/17175/Desktop/spek template/src/migration/core/monitoring/HealthMonitor.ts'
    Imported via '../../utils/Logger' from file 'C:/Users/17175/Desktop/spek template/src/migration/core/ProtocolRegistry.ts'
    Imported via '../../utils/Logger' from file 'C:/Users/17175/Desktop/spek template/src/migration/core/MigrationOrchestrator.ts'
    Imported via '../../../utils/Logger' from file 'C:/Users/17175/Desktop/spek template/src/migration/core/validators/ActivationValidator.ts'
    Imported via '../../utils/Logger' from file 'C:/Users/17175/Desktop/spek template/src/migration/fallback/FallbackProtocolManager.ts'
    Imported via '../../../utils/Logger' from file 'C:/Users/17175/Desktop/spek template/src/migration/fsm/states/CompletedState.ts'
    Imported via '../../../utils/Logger' from file 'C:/Users/17175/Desktop/spek template/src/migration/fsm/states/ExecutingPhaseState.ts'
    Imported via '../../../utils/Logger' from file 'C:/Users/17175/Desktop/spek template/src/migration/fsm/states/ExecutingStepState.ts'
    Imported via '../../../utils/Logger' from file 'C:/Users/17175/Desktop/spek template/src/migration/fsm/states/IdleState.ts'
    Imported via '../../../utils/Logger' from file 'C:/Users/17175/Desktop/spek template/src/migration/fsm/states/RollingBackState.ts'
    Imported via '../../../utils/Logger' from file 'C:/Users/17175/Desktop/spek template/src/migration/fsm/states/ValidatingStepState.ts'
    Imported via '../../../utils/Logger' from file 'C:/Users/17175/Desktop/spek template/src/migration/fsm/transitions/TransitionHub.ts'
    Imported via '../../utils/Logger' from file 'C:/Users/17175/Desktop/spek template/src/migration/orchestration/MigrationExecutor.ts'
    Imported via '../../../utils/Logger' from file 'C:/Users/17175/Desktop/spek template/src/migration/planning/dependencies/DependencyMapper.ts'
    Imported via '../../../utils/Logger' from file 'C:/Users/17175/Desktop/spek template/src/migration/planning/fsm/AnalysisStateMachine.ts'
    Imported via '../../../utils/Logger' from file 'C:/Users/17175/Desktop/spek template/src/migration/planning/fsm/AnalysisStateMachineRefactored.ts'
    Imported via '../../../../utils/Logger' from file 'C:/Users/17175/Desktop/spek template/src/migration/planning/fsm/core/TransitionHub.ts'
    Imported via '../../../../utils/Logger' from file 'C:/Users/17175/Desktop/spek template/src/migration/planning/fsm/core/BaseStateHandler.ts'
    Imported via '../../utils/Logger' from file 'C:/Users/17175/Desktop/spek template/src/migration/strategies/CanaryProtocolMigration.ts'
    Imported via '../../../utils/Logger' from file 'C:/Users/17175/Desktop/spek template/src/migration/strategies/canary/CanaryMigrationFacade.ts'
    Imported via '../../../utils/Logger' from file 'C:/Users/17175/Desktop/spek template/src/migration/strategies/canary/CanaryMigrationStateMachine.ts'
    Imported via '../../../../utils/Logger' from file 'C:/Users/17175/Desktop/spek template/src/migration/strategies/canary/handlers/CanaryDeploymentHandler.ts'
    Imported via '../../../../utils/Logger' from file 'C:/Users/17175/Desktop/spek template/src/migration/strategies/canary/handlers/CanaryTrafficHandler.ts'
    Imported via '../../../../utils/Logger' from file 'C:/Users/17175/Desktop/spek template/src/migration/strategies/canary/handlers/CanaryValidationHandler.ts'
    Imported via '../../../../utils/Logger' from file 'C:/Users/17175/Desktop/spek template/src/migration/strategies/canary/handlers/CanaryRollbackHandler.ts'
    Imported via '../../utils/Logger' from file 'C:/Users/17175/Desktop/spek template/src/migration/translation/ProtocolFacade.ts'
    Imported via '../../utils/Logger' from file 'C:/Users/17175/Desktop/spek template/src/migration/translation/ProtocolParser.ts'
    Imported via '../../utils/Logger' from file 'C:/Users/17175/Desktop/spek template/src/migration/translation/ProtocolSerializer.ts'
    Imported via '../../utils/Logger' from file 'C:/Users/17175/Desktop/spek template/src/migration/translation/ProtocolStateMachine.ts'
    Imported via '../../utils/Logger' from file 'C:/Users/17175/Desktop/spek template/src/migration/translation/ProtocolValidator.ts'
    Imported via '../../../utils/Logger' from file 'C:/Users/17175/Desktop/spek template/src/migration/translation/fsm/FormatRegistry.ts'
    Imported via '../../../utils/Logger' from file 'C:/Users/17175/Desktop/spek template/src/migration/translation/fsm/RuleProcessor.ts'
    Imported via '../../../utils/Logger' from file 'C:/Users/17175/Desktop/spek template/src/migration/translation/fsm/ValidationOrchestrator.ts'
    Imported via '../../../utils/Logger' from file 'C:/Users/17175/Desktop/spek template/src/migration/translation/fsm/PerformanceMonitor.ts'
    Imported via '../../../utils/Logger' from file 'C:/Users/17175/Desktop/spek template/src/migration/translation/fsm/ConversionEngine.ts'
    Imported via '../../../utils/Logger' from file 'C:/Users/17175/Desktop/spek template/src/migration/translation/fsm/BatchProcessor.ts'
    Imported via '../utils/Logger' from file 'C:/Users/17175/Desktop/spek template/src/networking/RealWebSocketServer.ts'
    Imported via '../../utils/Logger' from file 'C:/Users/17175/Desktop/spek template/src/princesses/deployment/BlueGreenDeployment.ts'
    Imported via '../../utils/Logger' from file 'C:/Users/17175/Desktop/spek template/src/princesses/deployment/ContainerOrchestrator.ts'
    Imported via '../../utils/Logger' from file 'C:/Users/17175/Desktop/spek template/src/princesses/deployment/DeploymentPrincess.ts'
    Imported via '../../utils/logger' from file 'C:/Users/17175/Desktop/spek template/src/protocols/a2a/A2AProtocolEngine.ts'
    Imported via '../../utils/logger' from file 'C:/Users/17175/Desktop/spek template/src/protocols/a2a/MessageRouter.ts'
    Imported via '../../utils/logger' from file 'C:/Users/17175/Desktop/spek template/src/protocols/a2a/ProtocolRegistry.ts'
    Imported via '../../utils/logger' from file 'C:/Users/17175/Desktop/spek template/src/protocols/docs/A2ADocumentationGenerator.ts'
    Imported via '../../../utils/logger' from file 'C:/Users/17175/Desktop/spek template/src/protocols/docs/fsm/DocGeneratorTypes.ts'
    Imported via '../../../utils/logger' from file 'C:/Users/17175/Desktop/spek template/src/protocols/docs/metrics/DocGeneratorMetrics.ts'
    Imported via '../../utils/logger' from file 'C:/Users/17175/Desktop/spek template/src/protocols/mcp/MCPBridge.ts'
    Imported via '../../utils/logger' from file 'C:/Users/17175/Desktop/spek template/src/swarm/coordination/TaskDistributor.ts'
    Imported via '../../../utils/logger' from file 'C:/Users/17175/Desktop/spek template/src/swarm/memory/development/ContextDNA.ts'
    Imported via '../../../utils/logger' from file 'C:/Users/17175/Desktop/spek template/src/swarm/memory/development/VectorStore.ts'
    Imported via '../../utils/logger' from file 'C:/Users/17175/Desktop/spek template/src/swarm/orchestration/SwarmInitializer.ts'
    Imported via '../../utils/logger' from file 'C:/Users/17175/Desktop/spek template/src/swarm/orchestration/GodObjectOrchestrator.ts'
    Imported via '../../utils/logger' from file 'C:/Users/17175/Desktop/spek template/src/swarm/queen/ShardingCoordinator.ts'
    Imported via '../../../utils/Logger' from file 'C:/Users/17175/Desktop/spek template/src/swarm/validation/fsm/DomainBoundaryManager.ts'
    Imported via '../../../utils/Logger' from file 'C:/Users/17175/Desktop/spek template/src/swarm/validation/fsm/ExclusivityValidator.ts'
    Imported via '../../../utils/Logger' from file 'C:/Users/17175/Desktop/spek template/src/swarm/validation/fsm/HandoffCoordinator.ts'
    Imported via '../../../utils/Logger' from file 'C:/Users/17175/Desktop/spek template/src/swarm/validation/fsm/ValidationEngine.ts'
    Matched by include pattern 'src/**/*' in 'C:/Users/17175/Desktop/spek template/tsconfig.json'
src/protocols/docs/metrics/DocGeneratorMetrics.ts(96,7): error TS2353: Object literal may only specify known properties, and 'fromState' does not exist in type 'Partial<LogContext>'.
src/protocols/docs/metrics/DocGeneratorMetrics.ts(241,11): error TS2740: Type '{}' is missing the following properties from type 'Record<DocGeneratorEvent, number>': INITIALIZE, START_GENERATION, GENERATE_PROTOCOL, GENERATE_EXAMPLES, and 10 more.
src/protocols/handlers/HTTPProtocolHandler.ts(5,15): error TS2307: Cannot find module './HTTPProtocolHandlerFacade' or its corresponding type declarations.
src/protocols/handlers/WebSocketProtocolHandler.ts(5,15): error TS2307: Cannot find module './WebSocketProtocolHandlerFacade' or its corresponding type declarations.
src/protocols/mcp/MCPBridge.ts(1,24): error TS1149: File name 'C:/Users/17175/Desktop/spek template/src/utils/logger.ts' differs from already included file name 'C:/Users/17175/Desktop/spek template/src/utils/Logger.ts' only in casing.
  The file is in the program because:
    Imported via '../utils/Logger' from file 'C:/Users/17175/Desktop/spek template/src/commands/init-swarm-hierarchy.ts'
    Imported via '../../../utils/logger' from file 'C:/Users/17175/Desktop/spek template/src/swarm/memory/development/LangroidMemory.ts'
    Imported via '../../utils/logger' from file 'C:/Users/17175/Desktop/spek template/src/swarm/queen/KingLogicAdapter.ts'
    Imported via '../../utils/Logger' from file 'C:/Users/17175/Desktop/spek template/src/github/api/GitHubAPIOptimizer.ts'
    Imported via '../../utils/Logger' from file 'C:/Users/17175/Desktop/spek template/src/github/api/GitHubAuthenticationManager.ts'
    Imported via '../../utils/Logger' from file 'C:/Users/17175/Desktop/spek template/src/github/integration/GitHubProjectManager.ts'
    Imported via '../../utils/Logger' from file 'C:/Users/17175/Desktop/spek template/src/github/integration/RealGitHubProjectManager.ts'
    Imported via '../../utils/Logger' from file 'C:/Users/17175/Desktop/spek template/src/github/integration/QueenGitHubOrchestrator.ts'
    Imported via '../../utils/Logger' from file 'C:/Users/17175/Desktop/spek template/src/github/integration/RepositoryCoordinator.ts'
    Imported via '../../utils/Logger' from file 'C:/Users/17175/Desktop/spek template/src/github/pr/PRLifecycleManager.ts'
    Imported via '../../utils/Logger' from file 'C:/Users/17175/Desktop/spek template/src/github/projects/ProjectBoardIntelligence.ts'
    Imported via '../../utils/Logger' from file 'C:/Users/17175/Desktop/spek template/src/github/repos/CrossRepoSynchronization.ts'
    Imported via '../../utils/Logger' from file 'C:/Users/17175/Desktop/spek template/src/github/workflows/ActionWorkflowBuilder.ts'
    Imported via '../utils/Logger' from file 'C:/Users/17175/Desktop/spek template/src/memory/RealLangroidMemory.ts'
    Imported via '../../utils/logger' from file 'C:/Users/17175/Desktop/spek template/src/memory/langroid/RealMemoryCompressor.ts'
    Imported via '../../utils/Logger' from file 'C:/Users/17175/Desktop/spek template/src/migration/core/ActivationEngine.ts'
    Imported via '../../../utils/Logger' from file 'C:/Users/17175/Desktop/spek template/src/migration/core/states/FallbackStateMachine.ts'
    Imported via '../../../utils/Logger' from file 'C:/Users/17175/Desktop/spek template/src/migration/core/core/TransitionHub.ts'
    Imported via '../../utils/Logger' from file 'C:/Users/17175/Desktop/spek template/src/migration/core/FallbackChainFacade.ts'
    Imported via '../../../utils/Logger' from file 'C:/Users/17175/Desktop/spek template/src/migration/core/builders/ChainBuilder.ts'
    Imported via '../../../utils/Logger' from file 'C:/Users/17175/Desktop/spek template/src/migration/core/monitoring/HealthMonitor.ts'
    Imported via '../../utils/Logger' from file 'C:/Users/17175/Desktop/spek template/src/migration/core/ProtocolRegistry.ts'
    Imported via '../../utils/Logger' from file 'C:/Users/17175/Desktop/spek template/src/migration/core/MigrationOrchestrator.ts'
    Imported via '../../../utils/Logger' from file 'C:/Users/17175/Desktop/spek template/src/migration/core/validators/ActivationValidator.ts'
    Imported via '../../utils/Logger' from file 'C:/Users/17175/Desktop/spek template/src/migration/fallback/FallbackProtocolManager.ts'
    Imported via '../../../utils/Logger' from file 'C:/Users/17175/Desktop/spek template/src/migration/fsm/states/CompletedState.ts'
    Imported via '../../../utils/Logger' from file 'C:/Users/17175/Desktop/spek template/src/migration/fsm/states/ExecutingPhaseState.ts'
    Imported via '../../../utils/Logger' from file 'C:/Users/17175/Desktop/spek template/src/migration/fsm/states/ExecutingStepState.ts'
    Imported via '../../../utils/Logger' from file 'C:/Users/17175/Desktop/spek template/src/migration/fsm/states/IdleState.ts'
    Imported via '../../../utils/Logger' from file 'C:/Users/17175/Desktop/spek template/src/migration/fsm/states/RollingBackState.ts'
    Imported via '../../../utils/Logger' from file 'C:/Users/17175/Desktop/spek template/src/migration/fsm/states/ValidatingStepState.ts'
    Imported via '../../../utils/Logger' from file 'C:/Users/17175/Desktop/spek template/src/migration/fsm/transitions/TransitionHub.ts'
    Imported via '../../utils/Logger' from file 'C:/Users/17175/Desktop/spek template/src/migration/orchestration/MigrationExecutor.ts'
    Imported via '../../../utils/Logger' from file 'C:/Users/17175/Desktop/spek template/src/migration/planning/dependencies/DependencyMapper.ts'
    Imported via '../../../utils/Logger' from file 'C:/Users/17175/Desktop/spek template/src/migration/planning/fsm/AnalysisStateMachine.ts'
    Imported via '../../../utils/Logger' from file 'C:/Users/17175/Desktop/spek template/src/migration/planning/fsm/AnalysisStateMachineRefactored.ts'
    Imported via '../../../../utils/Logger' from file 'C:/Users/17175/Desktop/spek template/src/migration/planning/fsm/core/TransitionHub.ts'
    Imported via '../../../../utils/Logger' from file 'C:/Users/17175/Desktop/spek template/src/migration/planning/fsm/core/BaseStateHandler.ts'
    Imported via '../../utils/Logger' from file 'C:/Users/17175/Desktop/spek template/src/migration/strategies/CanaryProtocolMigration.ts'
    Imported via '../../../utils/Logger' from file 'C:/Users/17175/Desktop/spek template/src/migration/strategies/canary/CanaryMigrationFacade.ts'
    Imported via '../../../utils/Logger' from file 'C:/Users/17175/Desktop/spek template/src/migration/strategies/canary/CanaryMigrationStateMachine.ts'
    Imported via '../../../../utils/Logger' from file 'C:/Users/17175/Desktop/spek template/src/migration/strategies/canary/handlers/CanaryDeploymentHandler.ts'
    Imported via '../../../../utils/Logger' from file 'C:/Users/17175/Desktop/spek template/src/migration/strategies/canary/handlers/CanaryTrafficHandler.ts'
    Imported via '../../../../utils/Logger' from file 'C:/Users/17175/Desktop/spek template/src/migration/strategies/canary/handlers/CanaryValidationHandler.ts'
    Imported via '../../../../utils/Logger' from file 'C:/Users/17175/Desktop/spek template/src/migration/strategies/canary/handlers/CanaryRollbackHandler.ts'
    Imported via '../../utils/Logger' from file 'C:/Users/17175/Desktop/spek template/src/migration/translation/ProtocolFacade.ts'
    Imported via '../../utils/Logger' from file 'C:/Users/17175/Desktop/spek template/src/migration/translation/ProtocolParser.ts'
    Imported via '../../utils/Logger' from file 'C:/Users/17175/Desktop/spek template/src/migration/translation/ProtocolSerializer.ts'
    Imported via '../../utils/Logger' from file 'C:/Users/17175/Desktop/spek template/src/migration/translation/ProtocolStateMachine.ts'
    Imported via '../../utils/Logger' from file 'C:/Users/17175/Desktop/spek template/src/migration/translation/ProtocolValidator.ts'
    Imported via '../../../utils/Logger' from file 'C:/Users/17175/Desktop/spek template/src/migration/translation/fsm/FormatRegistry.ts'
    Imported via '../../../utils/Logger' from file 'C:/Users/17175/Desktop/spek template/src/migration/translation/fsm/RuleProcessor.ts'
    Imported via '../../../utils/Logger' from file 'C:/Users/17175/Desktop/spek template/src/migration/translation/fsm/ValidationOrchestrator.ts'
    Imported via '../../../utils/Logger' from file 'C:/Users/17175/Desktop/spek template/src/migration/translation/fsm/PerformanceMonitor.ts'
    Imported via '../../../utils/Logger' from file 'C:/Users/17175/Desktop/spek template/src/migration/translation/fsm/ConversionEngine.ts'
    Imported via '../../../utils/Logger' from file 'C:/Users/17175/Desktop/spek template/src/migration/translation/fsm/BatchProcessor.ts'
    Imported via '../utils/Logger' from file 'C:/Users/17175/Desktop/spek template/src/networking/RealWebSocketServer.ts'
    Imported via '../../utils/Logger' from file 'C:/Users/17175/Desktop/spek template/src/princesses/deployment/BlueGreenDeployment.ts'
    Imported via '../../utils/Logger' from file 'C:/Users/17175/Desktop/spek template/src/princesses/deployment/ContainerOrchestrator.ts'
    Imported via '../../utils/Logger' from file 'C:/Users/17175/Desktop/spek template/src/princesses/deployment/DeploymentPrincess.ts'
    Imported via '../../utils/logger' from file 'C:/Users/17175/Desktop/spek template/src/protocols/a2a/A2AProtocolEngine.ts'
    Imported via '../../utils/logger' from file 'C:/Users/17175/Desktop/spek template/src/protocols/a2a/MessageRouter.ts'
    Imported via '../../utils/logger' from file 'C:/Users/17175/Desktop/spek template/src/protocols/a2a/ProtocolRegistry.ts'
    Imported via '../../utils/logger' from file 'C:/Users/17175/Desktop/spek template/src/protocols/docs/A2ADocumentationGenerator.ts'
    Imported via '../../../utils/logger' from file 'C:/Users/17175/Desktop/spek template/src/protocols/docs/fsm/DocGeneratorTypes.ts'
    Imported via '../../../utils/logger' from file 'C:/Users/17175/Desktop/spek template/src/protocols/docs/metrics/DocGeneratorMetrics.ts'
    Imported via '../../utils/logger' from file 'C:/Users/17175/Desktop/spek template/src/protocols/mcp/MCPBridge.ts'
    Imported via '../../utils/logger' from file 'C:/Users/17175/Desktop/spek template/src/swarm/coordination/TaskDistributor.ts'
    Imported via '../../../utils/logger' from file 'C:/Users/17175/Desktop/spek template/src/swarm/memory/development/ContextDNA.ts'
    Imported via '../../../utils/logger' from file 'C:/Users/17175/Desktop/spek template/src/swarm/memory/development/VectorStore.ts'
    Imported via '../../utils/logger' from file 'C:/Users/17175/Desktop/spek template/src/swarm/orchestration/SwarmInitializer.ts'
    Imported via '../../utils/logger' from file 'C:/Users/17175/Desktop/spek template/src/swarm/orchestration/GodObjectOrchestrator.ts'
    Imported via '../../utils/logger' from file 'C:/Users/17175/Desktop/spek template/src/swarm/queen/ShardingCoordinator.ts'
    Imported via '../../../utils/Logger' from file 'C:/Users/17175/Desktop/spek template/src/swarm/validation/fsm/DomainBoundaryManager.ts'
    Imported via '../../../utils/Logger' from file 'C:/Users/17175/Desktop/spek template/src/swarm/validation/fsm/ExclusivityValidator.ts'
    Imported via '../../../utils/Logger' from file 'C:/Users/17175/Desktop/spek template/src/swarm/validation/fsm/HandoffCoordinator.ts'
    Imported via '../../../utils/Logger' from file 'C:/Users/17175/Desktop/spek template/src/swarm/validation/fsm/ValidationEngine.ts'
    Matched by include pattern 'src/**/*' in 'C:/Users/17175/Desktop/spek template/tsconfig.json'
src/protocols/mcp/MCPBridge.ts(7,10): error TS2305: Module '"./MCPFailoverManager"' has no exported member 'MCPFailoverManager'.
src/protocols/mcp/MCPBridge.ts(50,14): error TS2415: Class 'MCPBridge' incorrectly extends base class 'import("C:/Users/17175/Desktop/spek template/node_modules/@types/node/events.d.ts")<DefaultEventMap>'.
  Property 'logger' is private in type 'MCPBridge' but not in type 'import("C:/Users/17175/Desktop/spek template/node_modules/@types/node/events.d.ts")<DefaultEventMap>'.
src/protocols/mcp/MCPBridge.ts(133,7): error TS2353: Object literal may only specify known properties, and 'autoDiscovery' does not exist in type 'Partial<LogContext>'.
src/protocols/mcp/MCPBridge.ts(166,11): error TS2353: Object literal may only specify known properties, and 'serverName' does not exist in type 'Partial<LogContext>'.
src/protocols/mcp/MCPBridge.ts(173,7): error TS2353: Object literal may only specify known properties, and 'discovered' does not exist in type 'Partial<LogContext>'.
src/protocols/mcp/MCPBridge.ts(214,9): error TS2353: Object literal may only specify known properties, and 'requestId' does not exist in type 'Partial<LogContext>'.
src/protocols/mcp/MCPBridge.ts(220,69): error TS2345: Argument of type 'unknown' is not assignable to parameter of type 'Error'.
src/protocols/mcp/MCPBridge.ts(275,29): error TS2345: Argument of type 'string | undefined' is not assignable to parameter of type 'string'.
  Type 'undefined' is not assignable to type 'string'.
src/protocols/mcp/MCPBridge.ts(276,26): error TS2345: Argument of type 'string | undefined' is not assignable to parameter of type 'string'.
  Type 'undefined' is not assignable to type 'string'.
src/protocols/mcp/MCPBridge.ts(278,24): error TS2345: Argument of type 'string | undefined' is not assignable to parameter of type 'string'.
  Type 'undefined' is not assignable to type 'string'.
src/protocols/mcp/MCPBridge.ts(292,13): error TS2353: Object literal may only specify known properties, and 'server' does not exist in type 'Partial<LogContext>'.
src/protocols/mcp/MCPBridge.ts(323,60): error TS2353: Object literal may only specify known properties, and 'error' does not exist in type 'Partial<LogContext>'.
src/protocols/mcp/MCPBridge.ts(369,9): error TS2353: Object literal may only specify known properties, and 'serverName' does not exist in type 'Partial<LogContext>'.
src/protocols/mcp/MCPBridge.ts(452,7): error TS2353: Object literal may only specify known properties, and 'originalServer' does not exist in type 'Partial<LogContext>'.
src/protocols/mcp/MCPBridge.ts(468,56): error TS2353: Object literal may only specify known properties, and 'error' does not exist in type 'Partial<LogContext>'.
src/protocols/mcp/MCPBridge.ts(479,52): error TS2353: Object literal may only specify known properties, and 'error' does not exist in type 'Partial<LogContext>'.
src/protocols/mcp/MCPBridge.ts(486,47): error TS2353: Object literal may only specify known properties, and 'error' does not exist in type 'Partial<LogContext>'.
src/protocols/mcp/MCPBridge.ts(491,9): error TS2353: Object literal may only specify known properties, and 'server' does not exist in type 'Partial<LogContext>'.
src/protocols/mcp/MCPBridge.ts(497,50): error TS7006: Parameter 'event' implicitly has an 'any' type.
src/protocols/mcp/MCPFailoverManager.ts(5,15): error TS2307: Cannot find module './MCPFailoverManagerFacade' or its corresponding type declarations.
src/protocols/monitoring/ProtocolMetrics.ts(5,15): error TS2307: Cannot find module './ProtocolMetricsFacade' or its corresponding type declarations.
src/protocols/queue/MessageQueueManager.ts(5,15): error TS2307: Cannot find module './MessageQueueManagerFacade' or its corresponding type declarations.
src/protocols/security/CommunicationSecurity.ts(5,15): error TS2307: Cannot find module './CommunicationSecurityFacade' or its corresponding type declarations.
src/QualityGateTypes.ts(7,21): error TS2459: Module '"../types/base/primitives"' declares 'Milliseconds' locally, but it is not exported.
src/QueenDebugCore.ts(7,21): error TS2459: Module '"../types/base/primitives"' declares 'Milliseconds' locally, but it is not exported.
src/QueenDebugMonitorFSM.ts(7,21): error TS2459: Module '"../types/base/primitives"' declares 'Milliseconds' locally, but it is not exported.
src/QueenDebugProcessor.ts(7,21): error TS2459: Module '"../types/base/primitives"' declares 'Milliseconds' locally, but it is not exported.
src/QueenDebugTypes.ts(7,21): error TS2459: Module '"../types/base/primitives"' declares 'Milliseconds' locally, but it is not exported.
src/real-time-ingestion-engine.ts(7,21): error TS2459: Module '"../types/base/primitives"' declares 'Milliseconds' locally, but it is not exported.
src/reasoning/core/InferenceEngine.ts(153,11): error TS2345: Argument of type 'boolean | null' is not assignable to parameter of type 'boolean | undefined'.
  Type 'null' is not assignable to type 'boolean | undefined'.
src/reasoning/core/InferenceEngine.ts(194,7): error TS2322: Type 'boolean | undefined' is not assignable to type 'boolean'.
  Type 'undefined' is not assignable to type 'boolean'.
src/refactored/connascence/AnalysisOrchestrator.ts(214,82): error TS2345: Argument of type 'string[] | undefined' is not assignable to parameter of type 'string[]'.
  Type 'undefined' is not assignable to type 'string[]'.
src/repository/core/DataAccessLayer.ts(135,9): error TS2322: Type '{ endTime: number; duration: number; startTime?: number | undefined; cacheHit?: boolean; }' is not assignable to type '{ startTime: number; endTime?: number | undefined; duration?: number | undefined; cacheHit?: boolean | undefined; }'.
  Types of property 'startTime' are incompatible.
    Type 'number | undefined' is not assignable to type 'number'.
      Type 'undefined' is not assignable to type 'number'.
src/repository/core/QueryEngine.ts(354,5): error TS2322: Type 'boolean | undefined' is not assignable to type 'boolean'.
  Type 'undefined' is not assignable to type 'boolean'.
src/repository/RepositoryBaseFSM.ts(134,7): error TS2322: Type 'string | object | T' is not assignable to type 'string | object'.
  Type 'T' is not assignable to type 'string | object'.
src/repository/RepositoryBaseFSM.ts(375,7): error TS2322: Type 'string | object | T' is not assignable to type 'string | object'.
  Type 'T' is not assignable to type 'string | object'.
src/risk-dashboard/GaryDPIEngine.ts(62,11): error TS2300: Duplicate identifier 'isRunning'.
src/risk-dashboard/GaryDPIEngine.ts(511,3): error TS2300: Duplicate identifier 'isRunning'.
src/risk-dashboard/IntegratedRiskDashboard.tsx(9,3): error TS2305: Module '"./RiskMonitoringDashboard"' has no exported member 'RiskMonitoringDashboard'.
src/risk-dashboard/IntegratedRiskDashboard.tsx(10,3): error TS2305: Module '"./RiskMonitoringDashboard"' has no exported member 'RiskMetrics'.
src/risk-dashboard/IntegratedRiskDashboard.tsx(11,3): error TS2305: Module '"./RiskMonitoringDashboard"' has no exported member 'RiskAlert'.
src/risk-dashboard/IntegratedRiskDashboard.tsx(12,3): error TS2305: Module '"./RiskMonitoringDashboard"' has no exported member 'DashboardState'.
src/risk-dashboard/IntegratedRiskDashboard.tsx(20,8): error TS1192: Module '"C:/Users/17175/Desktop/spek template/src/risk-dashboard/TalebBarbellEngine"' has no default export.
src/risk-dashboard/IntegratedRiskDashboard.tsx(21,3): error TS2305: Module '"./TalebBarbellEngine"' has no exported member 'BarbellAllocation'.
src/risk-dashboard/IntegratedRiskDashboard.tsx(22,3): error TS2305: Module '"./TalebBarbellEngine"' has no exported member 'MarketRegime'.
src/risk-dashboard/IntegratedRiskDashboard.tsx(23,3): error TS2305: Module '"./TalebBarbellEngine"' has no exported member 'RebalanceRecommendation'.
src/risk-dashboard/IntegratedRiskDashboard.tsx(25,8): error TS1192: Module '"C:/Users/17175/Desktop/spek template/src/risk-dashboard/KellyCriterionEngine"' has no default export.
src/risk-dashboard/IntegratedRiskDashboard.tsx(26,3): error TS2305: Module '"./KellyCriterionEngine"' has no exported member 'KellyPortfolio'.
src/risk-dashboard/IntegratedRiskDashboard.tsx(27,3): error TS2305: Module '"./KellyCriterionEngine"' has no exported member 'KellyPosition'.
src/risk-dashboard/IntegratedRiskDashboard.tsx(28,3): error TS2305: Module '"./KellyCriterionEngine"' has no exported member 'MarketOpportunity'.
src/risk-dashboard/IntegratedRiskDashboard.tsx(237,33): error TS7006: Parameter 'data' implicitly has an 'any' type.
src/risk-dashboard/IntegratedRiskDashboard.tsx(283,31): error TS7006: Parameter 'data' implicitly has an 'any' type.
src/risk-dashboard/IntegratedRiskDashboard.tsx(325,31): error TS7006: Parameter 'data' implicitly has an 'any' type.
src/risk-dashboard/IntegratedServer.ts(5,15): error TS2307: Cannot find module './IntegratedServerFacade' or its corresponding type declarations.
src/risk-dashboard/KellyCriterionEngine.ts(5,15): error TS2307: Cannot find module './KellyCriterionEngineFacade' or its corresponding type declarations.
src/risk-dashboard/RealTimeRiskDashboard.tsx(8,3): error TS2305: Module '"./RiskMonitoringDashboard"' has no exported member 'RiskMonitoringDashboard'.
src/risk-dashboard/RealTimeRiskDashboard.tsx(9,3): error TS2305: Module '"./RiskMonitoringDashboard"' has no exported member 'RiskMetrics'.
src/risk-dashboard/RealTimeRiskDashboard.tsx(10,3): error TS2305: Module '"./RiskMonitoringDashboard"' has no exported member 'RiskAlert'.
src/risk-dashboard/RealTimeRiskDashboard.tsx(11,3): error TS2305: Module '"./RiskMonitoringDashboard"' has no exported member 'DashboardState'.
src/risk-dashboard/RealTimeRiskDashboard.tsx(12,3): error TS2305: Module '"./RiskMonitoringDashboard"' has no exported member 'AlertConfiguration'.
src/risk-dashboard/RealTimeRiskDashboard.tsx(127,31): error TS7006: Parameter 'data' implicitly has an 'any' type.
src/risk-dashboard/RealTimeRiskDashboard.tsx(165,27): error TS7006: Parameter 'renderData' implicitly has an 'any' type.
src/risk-dashboard/RiskMonitoringDashboard.ts(5,15): error TS2307: Cannot find module './RiskMonitoringDashboardFacade' or its corresponding type declarations.
src/risk-dashboard/RiskVisualizationComponents.tsx(12,10): error TS2305: Module '"./RiskMonitoringDashboard"' has no exported member 'RiskMetrics'.
src/risk-dashboard/RiskVisualizationComponents.tsx(12,23): error TS2305: Module '"./RiskMonitoringDashboard"' has no exported member 'RiskAlert'.
src/risk-dashboard/RiskVisualizationComponents.tsx(12,34): error TS2305: Module '"./RiskMonitoringDashboard"' has no exported member 'ProbabilityOfRuin'.
src/risk-dashboard/RiskVisualizationComponents.tsx(317,12): error TS7053: Element implicitly has an 'any' type because expression of type 'any' can't be used to index type '{ CRITICAL: number; HIGH: number; MEDIUM: number; LOW: number; }'.
src/risk-dashboard/RiskVisualizationComponents.tsx(317,36): error TS7053: Element implicitly has an 'any' type because expression of type 'any' can't be used to index type '{ CRITICAL: number; HIGH: number; MEDIUM: number; LOW: number; }'.
src/risk-dashboard/RiskVisualizationComponents.tsx(342,41): error TS7053: Element implicitly has an 'any' type because expression of type 'any' can't be used to index type '{ CRITICAL: string; HIGH: string; MEDIUM: string; LOW: string; }'.
src/risk-dashboard/RiskVisualizationComponents.tsx(349,49): error TS7053: Element implicitly has an 'any' type because expression of type 'any' can't be used to index type '{ CRITICAL: string; HIGH: string; MEDIUM: string; LOW: string; }'.
src/risk-dashboard/RiskWebSocketServer.ts(9,10): error TS2305: Module '"./RiskMonitoringDashboard"' has no exported member 'RiskMetrics'.
src/risk-dashboard/RiskWebSocketServer.ts(9,23): error TS2305: Module '"./RiskMonitoringDashboard"' has no exported member 'ProbabilityOfRuin'.
src/risk-dashboard/RiskWebSocketServer.ts(55,22): error TS7006: Parameter 'info' implicitly has an 'any' type.
src/risk-dashboard/server.ts(13,34): error TS1343: The 'import.meta' meta-property is only allowed when the '--module' option is 'es2020', 'es2022', 'esnext', 'system', 'node16', 'node18', 'node20', or 'nodenext'.
src/risk-dashboard/server.ts(357,47): error TS2304: Cannot find name 'riskData'.
src/risk-dashboard/server.ts(503,5): error TS1343: The 'import.meta' meta-property is only allowed when the '--module' option is 'es2020', 'es2022', 'esnext', 'system', 'node16', 'node18', 'node20', or 'nodenext'.
src/risk-dashboard/TalebBarbellEngine.ts(5,15): error TS2307: Cannot find module './TalebBarbellEngineFacade' or its corresponding type declarations.
src/RiskAssessmentTypes.ts(7,21): error TS2459: Module '"../types/base/primitives"' declares 'Milliseconds' locally, but it is not exported.
src/RiskMonitoringDashboard.ts(7,21): error TS2459: Module '"../types/base/primitives"' declares 'Milliseconds' locally, but it is not exported.
src/rollback/systems/DefenseRollbackSystem.ts(5,15): error TS2307: Cannot find module './DefenseRollbackSystemFacade' or its corresponding type declarations.
src/routing/components/ContextStore.ts(5,15): error TS2307: Cannot find module './ContextStoreFacade' or its corresponding type declarations.
src/routing/components/RoutingValidationEngine.ts(93,54): error TS2345: Argument of type 'Record<string, any> | undefined' is not assignable to parameter of type 'Record<string, any>'.
  Type 'undefined' is not assignable to type 'Record<string, any>'.
src/routing/components/RoutingValidationEngine.ts(108,20): error TS18046: 'error' is of type 'unknown'.
src/routing/core/RouterBase.ts(154,9): error TS2367: This comparison appears to be unintentional because the types 'RoutingState.ERROR | RoutingState.COMPLETED' and 'RoutingState.IDLE' have no overlap.
src/routing/facades/ContextRouterFacade.ts(9,10): error TS2305: Module '"../components/ContextStore"' has no exported member 'ContextStore'.
src/routing/facades/ContextRouterFacade.ts(77,24): error TS2345: Argument of type 'unknown' is not assignable to parameter of type 'Error'.
src/routing/facades/MessageRouterFacade.ts(88,24): error TS2345: Argument of type 'unknown' is not assignable to parameter of type 'Error'.
src/services/desktop-agent/computer-use/computer-use.controller.ts(8,8): error TS2307: Cannot find module '@nestjs/common' or its corresponding type declarations.
src/services/desktop-agent/computer-use/computer-use.controller.ts(35,9): error TS18046: 'error' is of type 'unknown'.
src/services/desktop-agent/computer-use/computer-use.module.ts(1,24): error TS2307: Cannot find module '@nestjs/common' or its corresponding type declarations.
src/services/desktop-agent/computer-use/computer-use.service.ts(1,36): error TS2307: Cannot find module '@nestjs/common' or its corresponding type declarations.
src/services/desktop-agent/computer-use/computer-use.service.ts(108,27): error TS2339: Property 'mouseMoveEvent' does not exist on type 'NutService'.
src/services/desktop-agent/computer-use/computer-use.service.ts(115,27): error TS2339: Property 'mouseMoveEvent' does not exist on type 'NutService'.
src/services/desktop-agent/computer-use/computer-use.service.ts(119,29): error TS2339: Property 'holdKeys' does not exist on type 'NutService'.
src/services/desktop-agent/computer-use/computer-use.service.ts(124,29): error TS2339: Property 'mouseMoveEvent' does not exist on type 'NutService'.
src/services/desktop-agent/computer-use/computer-use.service.ts(129,29): error TS2339: Property 'holdKeys' does not exist on type 'NutService'.
src/services/desktop-agent/computer-use/computer-use.service.ts(138,29): error TS2339: Property 'mouseMoveEvent' does not exist on type 'NutService'.
src/services/desktop-agent/computer-use/computer-use.service.ts(143,29): error TS2339: Property 'holdKeys' does not exist on type 'NutService'.
src/services/desktop-agent/computer-use/computer-use.service.ts(150,31): error TS2339: Property 'mouseClickEvent' does not exist on type 'NutService'.
src/services/desktop-agent/computer-use/computer-use.service.ts(155,29): error TS2339: Property 'mouseClickEvent' does not exist on type 'NutService'.
src/services/desktop-agent/computer-use/computer-use.service.ts(160,29): error TS2339: Property 'holdKeys' does not exist on type 'NutService'.
src/services/desktop-agent/computer-use/computer-use.service.ts(169,29): error TS2339: Property 'mouseMoveEvent' does not exist on type 'NutService'.
src/services/desktop-agent/computer-use/computer-use.service.ts(174,29): error TS2339: Property 'mouseButtonEvent' does not exist on type 'NutService'.
src/services/desktop-agent/computer-use/computer-use.service.ts(176,29): error TS2339: Property 'mouseButtonEvent' does not exist on type 'NutService'.
src/services/desktop-agent/computer-use/computer-use.service.ts(184,27): error TS2339: Property 'mouseMoveEvent' does not exist on type 'NutService'.
src/services/desktop-agent/computer-use/computer-use.service.ts(188,29): error TS2339: Property 'holdKeys' does not exist on type 'NutService'.
src/services/desktop-agent/computer-use/computer-use.service.ts(192,27): error TS2339: Property 'mouseButtonEvent' does not exist on type 'NutService'.
src/services/desktop-agent/computer-use/computer-use.service.ts(194,29): error TS2339: Property 'mouseMoveEvent' does not exist on type 'NutService'.
src/services/desktop-agent/computer-use/computer-use.service.ts(196,27): error TS2339: Property 'mouseButtonEvent' does not exist on type 'NutService'.
src/services/desktop-agent/computer-use/computer-use.service.ts(200,29): error TS2339: Property 'holdKeys' does not exist on type 'NutService'.
src/services/desktop-agent/computer-use/computer-use.service.ts(209,29): error TS2339: Property 'mouseMoveEvent' does not exist on type 'NutService'.
src/services/desktop-agent/computer-use/computer-use.service.ts(214,29): error TS2339: Property 'holdKeys' does not exist on type 'NutService'.
src/services/desktop-agent/computer-use/computer-use.service.ts(219,29): error TS2339: Property 'mouseWheelEvent' does not exist on type 'NutService'.
src/services/desktop-agent/computer-use/computer-use.service.ts(225,29): error TS2339: Property 'holdKeys' does not exist on type 'NutService'.
src/services/desktop-agent/computer-use/computer-use.service.ts(231,27): error TS2339: Property 'sendKeys' does not exist on type 'NutService'.
src/services/desktop-agent/computer-use/computer-use.service.ts(236,27): error TS2339: Property 'holdKeys' does not exist on type 'NutService'.
src/services/desktop-agent/computer-use/computer-use.service.ts(241,27): error TS2339: Property 'typeText' does not exist on type 'NutService'.
src/services/desktop-agent/computer-use/computer-use.service.ts(246,27): error TS2339: Property 'pasteText' does not exist on type 'NutService'.
src/services/desktop-agent/computer-use/computer-use.service.ts(255,42): error TS2339: Property 'screendump' does not exist on type 'NutService'.
src/services/desktop-agent/computer-use/computer-use.service.ts(261,34): error TS2339: Property 'getCursorPosition' does not exist on type 'NutService'.
src/services/desktop-agent/computer-use/computer-use.service.ts(413,64): error TS18046: 'error' is of type 'unknown'.
src/services/desktop-agent/computer-use/computer-use.service.ts(503,64): error TS18046: 'error' is of type 'unknown'.
src/services/desktop-agent/computer-use/dto/base.dto.ts(1,26): error TS2307: Cannot find module 'class-validator' or its corresponding type declarations.
src/services/desktop-agent/computer-use/dto/base.dto.ts(5,3): error TS2564: Property 'x' has no initializer and is not definitely assigned in the constructor.
src/services/desktop-agent/computer-use/dto/base.dto.ts(8,3): error TS2564: Property 'y' has no initializer and is not definitely assigned in the constructor.
src/services/desktop-agent/computer-use/dto/computer-action-validation.pipe.ts(6,8): error TS2307: Cannot find module '@nestjs/common' or its corresponding type declarations.
src/services/desktop-agent/computer-use/dto/computer-action-validation.pipe.ts(7,26): error TS2307: Cannot find module 'class-validator' or its corresponding type declarations.
src/services/desktop-agent/computer-use/dto/computer-action-validation.pipe.ts(8,30): error TS2307: Cannot find module 'class-transformer' or its corresponding type declarations.
src/services/desktop-agent/computer-use/dto/computer-action.dto.ts(10,8): error TS2307: Cannot find module 'class-validator' or its corresponding type declarations.
src/services/desktop-agent/computer-use/dto/computer-action.dto.ts(11,22): error TS2307: Cannot find module 'class-transformer' or its corresponding type declarations.
src/services/desktop-agent/computer-use/dto/computer-action.dto.ts(29,3): error TS2564: Property 'action' has no initializer and is not definitely assigned in the constructor.
src/services/desktop-agent/computer-use/dto/computer-action.dto.ts(33,3): error TS2564: Property 'coordinates' has no initializer and is not definitely assigned in the constructor.
src/services/desktop-agent/computer-use/dto/computer-action.dto.ts(38,3): error TS2564: Property 'action' has no initializer and is not definitely assigned in the constructor.
src/services/desktop-agent/computer-use/dto/computer-action.dto.ts(43,3): error TS2564: Property 'path' has no initializer and is not definitely assigned in the constructor.
src/services/desktop-agent/computer-use/dto/computer-action.dto.ts(53,3): error TS2564: Property 'action' has no initializer and is not definitely assigned in the constructor.
src/services/desktop-agent/computer-use/dto/computer-action.dto.ts(61,3): error TS2564: Property 'button' has no initializer and is not definitely assigned in the constructor.
src/services/desktop-agent/computer-use/dto/computer-action.dto.ts(70,3): error TS2564: Property 'clickCount' has no initializer and is not definitely assigned in the constructor.
src/services/desktop-agent/computer-use/dto/computer-action.dto.ts(75,3): error TS2564: Property 'action' has no initializer and is not definitely assigned in the constructor.
src/services/desktop-agent/computer-use/dto/computer-action.dto.ts(83,3): error TS2564: Property 'button' has no initializer and is not definitely assigned in the constructor.
src/services/desktop-agent/computer-use/dto/computer-action.dto.ts(86,3): error TS2564: Property 'press' has no initializer and is not definitely assigned in the constructor.
src/services/desktop-agent/computer-use/dto/computer-action.dto.ts(91,3): error TS2564: Property 'action' has no initializer and is not definitely assigned in the constructor.
src/services/desktop-agent/computer-use/dto/computer-action.dto.ts(96,3): error TS2564: Property 'path' has no initializer and is not definitely assigned in the constructor.
src/services/desktop-agent/computer-use/dto/computer-action.dto.ts(99,3): error TS2564: Property 'button' has no initializer and is not definitely assigned in the constructor.
src/services/desktop-agent/computer-use/dto/computer-action.dto.ts(109,3): error TS2564: Property 'action' has no initializer and is not definitely assigned in the constructor.
src/services/desktop-agent/computer-use/dto/computer-action.dto.ts(117,3): error TS2564: Property 'direction' has no initializer and is not definitely assigned in the constructor.
src/services/desktop-agent/computer-use/dto/computer-action.dto.ts(121,3): error TS2564: Property 'scrollCount' has no initializer and is not definitely assigned in the constructor.
src/services/desktop-agent/computer-use/dto/computer-action.dto.ts(131,3): error TS2564: Property 'action' has no initializer and is not definitely assigned in the constructor.
src/services/desktop-agent/computer-use/dto/computer-action.dto.ts(135,3): error TS2564: Property 'keys' has no initializer and is not definitely assigned in the constructor.
src/services/desktop-agent/computer-use/dto/computer-action.dto.ts(145,3): error TS2564: Property 'action' has no initializer and is not definitely assigned in the constructor.
src/services/desktop-agent/computer-use/dto/computer-action.dto.ts(149,3): error TS2564: Property 'keys' has no initializer and is not definitely assigned in the constructor.
src/services/desktop-agent/computer-use/dto/computer-action.dto.ts(152,3): error TS2564: Property 'press' has no initializer and is not definitely assigned in the constructor.
src/services/desktop-agent/computer-use/dto/computer-action.dto.ts(157,3): error TS2564: Property 'action' has no initializer and is not definitely assigned in the constructor.
src/services/desktop-agent/computer-use/dto/computer-action.dto.ts(160,3): error TS2564: Property 'text' has no initializer and is not definitely assigned in the constructor.
src/services/desktop-agent/computer-use/dto/computer-action.dto.ts(170,3): error TS2564: Property 'action' has no initializer and is not definitely assigned in the constructor.
src/services/desktop-agent/computer-use/dto/computer-action.dto.ts(173,3): error TS2564: Property 'text' has no initializer and is not definitely assigned in the constructor.
src/services/desktop-agent/computer-use/dto/computer-action.dto.ts(178,3): error TS2564: Property 'action' has no initializer and is not definitely assigned in the constructor.
src/services/desktop-agent/computer-use/dto/computer-action.dto.ts(182,3): error TS2564: Property 'duration' has no initializer and is not definitely assigned in the constructor.
src/services/desktop-agent/computer-use/dto/computer-action.dto.ts(187,3): error TS2564: Property 'action' has no initializer and is not definitely assigned in the constructor.
src/services/desktop-agent/computer-use/dto/computer-action.dto.ts(192,3): error TS2564: Property 'action' has no initializer and is not definitely assigned in the constructor.
src/services/desktop-agent/computer-use/dto/computer-action.dto.ts(197,3): error TS2564: Property 'action' has no initializer and is not definitely assigned in the constructor.
src/services/desktop-agent/computer-use/dto/computer-action.dto.ts(200,3): error TS2564: Property 'application' has no initializer and is not definitely assigned in the constructor.
src/services/desktop-agent/computer-use/dto/computer-action.dto.ts(205,3): error TS2564: Property 'action' has no initializer and is not definitely assigned in the constructor.
src/services/desktop-agent/computer-use/dto/computer-action.dto.ts(208,3): error TS2564: Property 'path' has no initializer and is not definitely assigned in the constructor.
src/services/desktop-agent/computer-use/dto/computer-action.dto.ts(211,3): error TS2564: Property 'data' has no initializer and is not definitely assigned in the constructor.
src/services/desktop-agent/computer-use/dto/computer-action.dto.ts(216,3): error TS2564: Property 'action' has no initializer and is not definitely assigned in the constructor.
src/services/desktop-agent/computer-use/dto/computer-action.dto.ts(219,3): error TS2564: Property 'path' has no initializer and is not definitely assigned in the constructor.
src/services/desktop-agent/mcp/bytebot-mcp.module.ts(1,24): error TS2307: Cannot find module '@nestjs/common' or its corresponding type declarations.
src/services/desktop-agent/mcp/bytebot-mcp.module.ts(2,27): error TS2307: Cannot find module '@rekog/mcp-nest' or its corresponding type declarations.
src/services/desktop-agent/mcp/bytebot-mcp.module.ts(4,10): error TS2305: Module '"./computer-use.tools"' has no exported member 'ComputerUseTools'.
src/services/desktop-agent/mcp/compressor.ts(1,24): error TS2307: Cannot find module 'sharp' or its corresponding type declarations.
src/services/desktop-agent/mcp/computer-use.toolsFacade.ts(7,10): error TS2551: Property '_config' does not exist on type 'ComputerUseToolsFacade'. Did you mean 'config'?
src/services/desktop-agent/nut/nut.module.ts(1,24): error TS2307: Cannot find module '@nestjs/common' or its corresponding type declarations.
src/services/desktop-agent/nut/nut.service.ts(1,36): error TS2307: Cannot find module '@nestjs/common' or its corresponding type declarations.
src/services/desktop-agent/tools/ComputerUseToolsOrchestrator.ts(6,28): error TS2307: Cannot find module '@nestjs/common' or its corresponding type declarations.
src/services/desktop-agent/tools/FileToolHandler.ts(6,28): error TS2307: Cannot find module '@nestjs/common' or its corresponding type declarations.
src/services/desktop-agent/tools/FileToolHandler.ts(7,22): error TS2307: Cannot find module '@rekog/mcp-nest' or its corresponding type declarations.
src/services/desktop-agent/tools/KeyboardToolHandler.ts(6,28): error TS2307: Cannot find module '@nestjs/common' or its corresponding type declarations.
src/services/desktop-agent/tools/KeyboardToolHandler.ts(7,22): error TS2307: Cannot find module '@rekog/mcp-nest' or its corresponding type declarations.
src/services/desktop-agent/tools/MouseToolHandler.ts(6,28): error TS2307: Cannot find module '@nestjs/common' or its corresponding type declarations.
src/services/desktop-agent/tools/MouseToolHandler.ts(7,22): error TS2307: Cannot find module '@rekog/mcp-nest' or its corresponding type declarations.
src/services/desktop-agent/tools/SystemToolHandler.ts(6,28): error TS2307: Cannot find module '@nestjs/common' or its corresponding type declarations.
src/services/desktop-agent/tools/SystemToolHandler.ts(7,22): error TS2307: Cannot find module '@rekog/mcp-nest' or its corresponding type declarations.
src/state-store/core/StateStoreFacade.ts(22,11): error TS2564: Property 'fsm' has no initializer and is not definitely assigned in the constructor.
src/state-store/core/StateStoreFacade.ts(23,11): error TS2564: Property 'transactions' has no initializer and is not definitely assigned in the constructor.
src/state-store/core/StateStoreFacade.ts(24,11): error TS2564: Property 'persistence' has no initializer and is not definitely assigned in the constructor.
src/state-store/core/StateStoreFacade.ts(25,11): error TS2564: Property 'backup' has no initializer and is not definitely assigned in the constructor.
src/swarm/communication/components/SecurityValidator.ts(218,24): error TS2339: Property 'contextId' does not exist on type 'ContextFingerprint'.
src/swarm/communication/components/SecurityValidator.ts(274,35): error TS2345: Argument of type 'string | undefined' is not assignable to parameter of type 'string'.
  Type 'undefined' is not assignable to type 'string'.
src/swarm/communication/fsm/ProtocolBaseFSM.ts(51,9): error TS2353: Object literal may only specify known properties, and '[ProtocolState.IDLE]' does not exist in type 'FSMTransition[]'.
src/swarm/communication/fsm/ProtocolBaseFSM.ts(73,5): error TS2820: Type 'ProtocolState.IDLE' is not assignable to type 'FSMState'. Did you mean 'FSMState.IDLE'?
src/swarm/communication/PrincessCommunicationProtocolFacade.ts(21,41): error TS2355: A function whose declared type is neither 'undefined', 'void', nor 'any' must return a value.
src/swarm/controllers/fsm/DebugTransitionHub.ts(269,18): error TS18046: 'error' is of type 'unknown'.
src/swarm/controllers/fsm/DebugTransitionHub.ts(277,39): error TS18046: 'error' is of type 'unknown'.
src/swarm/controllers/PrincessHiveDeployment.ts(5,15): error TS2307: Cannot find module './PrincessHiveDeploymentFacade' or its corresponding type declarations.
src/swarm/controllers/states/AnalyzingErrorsState.ts(43,30): error TS18046: 'error' is of type 'unknown'.
src/swarm/controllers/states/AnalyzingErrorsState.ts(104,7): error TS2353: Object literal may only specify known properties, and 'expertiseMapping' does not exist in type 'ErrorAnalysis'.
src/swarm/controllers/states/AnalyzingErrorsState.ts(128,12): error TS7053: Element implicitly has an 'any' type because expression of type 'string' can't be used to index type '{ backend_api: string[]; frontend_ui: string[]; database: string[]; security: string[]; performance: string[]; infrastructure: string[]; }'.
  No index signature with a parameter of type 'string' was found on type '{ backend_api: string[]; frontend_ui: string[]; database: string[]; security: string[]; performance: string[]; infrastructure: string[]; }'.
src/swarm/controllers/states/ErrorRecoveryState.ts(70,50): error TS18046: 'error' is of type 'unknown'.
src/swarm/controllers/types/DebugState.ts(38,50): error TS2694: Namespace '"C:/Users/17175/Desktop/spek template/src/swarm/controllers/DebugSwarmController"' has no exported member 'DebugAssignment'.
src/swarm/controllers/types/DebugState.ts(39,44): error TS2694: Namespace '"C:/Users/17175/Desktop/spek template/src/swarm/controllers/DebugSwarmController"' has no exported member 'Fix'.
src/swarm/coordination/ConflictResolver.ts(14,15): error TS2307: Cannot find module './ConflictResolverFacade' or its corresponding type declarations.
src/swarm/coordination/engines/DistributionEngine.ts(62,24): error TS2304: Cannot find name 'TaskAssignment'.
src/swarm/coordination/engines/DistributionEngine.ts(63,47): error TS2304: Cannot find name 'TaskAssignment'.
src/swarm/coordination/engines/DistributionEngine.ts(64,31): error TS2304: Cannot find name 'SubTask'.
src/swarm/coordination/HierarchicalTopology.ts(5,15): error TS2307: Cannot find module './HierarchicalTopologyFacade' or its corresponding type declarations.
src/swarm/coordination/PrincessCoordinator.ts(5,15): error TS2307: Cannot find module './PrincessCoordinatorFacade' or its corresponding type declarations.
src/swarm/coordination/TaskDistributor.ts(16,31): error TS1149: File name 'C:/Users/17175/Desktop/spek template/src/utils/logger.ts' differs from already included file name 'C:/Users/17175/Desktop/spek template/src/utils/Logger.ts' only in casing.
  The file is in the program because:
    Imported via '../utils/Logger' from file 'C:/Users/17175/Desktop/spek template/src/commands/init-swarm-hierarchy.ts'
    Imported via '../../../utils/logger' from file 'C:/Users/17175/Desktop/spek template/src/swarm/memory/development/LangroidMemory.ts'
    Imported via '../../utils/logger' from file 'C:/Users/17175/Desktop/spek template/src/swarm/queen/KingLogicAdapter.ts'
    Imported via '../../utils/Logger' from file 'C:/Users/17175/Desktop/spek template/src/github/api/GitHubAPIOptimizer.ts'
    Imported via '../../utils/Logger' from file 'C:/Users/17175/Desktop/spek template/src/github/api/GitHubAuthenticationManager.ts'
    Imported via '../../utils/Logger' from file 'C:/Users/17175/Desktop/spek template/src/github/integration/GitHubProjectManager.ts'
    Imported via '../../utils/Logger' from file 'C:/Users/17175/Desktop/spek template/src/github/integration/RealGitHubProjectManager.ts'
    Imported via '../../utils/Logger' from file 'C:/Users/17175/Desktop/spek template/src/github/integration/QueenGitHubOrchestrator.ts'
    Imported via '../../utils/Logger' from file 'C:/Users/17175/Desktop/spek template/src/github/integration/RepositoryCoordinator.ts'
    Imported via '../../utils/Logger' from file 'C:/Users/17175/Desktop/spek template/src/github/pr/PRLifecycleManager.ts'
    Imported via '../../utils/Logger' from file 'C:/Users/17175/Desktop/spek template/src/github/projects/ProjectBoardIntelligence.ts'
    Imported via '../../utils/Logger' from file 'C:/Users/17175/Desktop/spek template/src/github/repos/CrossRepoSynchronization.ts'
    Imported via '../../utils/Logger' from file 'C:/Users/17175/Desktop/spek template/src/github/workflows/ActionWorkflowBuilder.ts'
    Imported via '../utils/Logger' from file 'C:/Users/17175/Desktop/spek template/src/memory/RealLangroidMemory.ts'
    Imported via '../../utils/logger' from file 'C:/Users/17175/Desktop/spek template/src/memory/langroid/RealMemoryCompressor.ts'
    Imported via '../../utils/Logger' from file 'C:/Users/17175/Desktop/spek template/src/migration/core/ActivationEngine.ts'
    Imported via '../../../utils/Logger' from file 'C:/Users/17175/Desktop/spek template/src/migration/core/states/FallbackStateMachine.ts'
    Imported via '../../../utils/Logger' from file 'C:/Users/17175/Desktop/spek template/src/migration/core/core/TransitionHub.ts'
    Imported via '../../utils/Logger' from file 'C:/Users/17175/Desktop/spek template/src/migration/core/FallbackChainFacade.ts'
    Imported via '../../../utils/Logger' from file 'C:/Users/17175/Desktop/spek template/src/migration/core/builders/ChainBuilder.ts'
    Imported via '../../../utils/Logger' from file 'C:/Users/17175/Desktop/spek template/src/migration/core/monitoring/HealthMonitor.ts'
    Imported via '../../utils/Logger' from file 'C:/Users/17175/Desktop/spek template/src/migration/core/ProtocolRegistry.ts'
    Imported via '../../utils/Logger' from file 'C:/Users/17175/Desktop/spek template/src/migration/core/MigrationOrchestrator.ts'
    Imported via '../../../utils/Logger' from file 'C:/Users/17175/Desktop/spek template/src/migration/core/validators/ActivationValidator.ts'
    Imported via '../../utils/Logger' from file 'C:/Users/17175/Desktop/spek template/src/migration/fallback/FallbackProtocolManager.ts'
    Imported via '../../../utils/Logger' from file 'C:/Users/17175/Desktop/spek template/src/migration/fsm/states/CompletedState.ts'
    Imported via '../../../utils/Logger' from file 'C:/Users/17175/Desktop/spek template/src/migration/fsm/states/ExecutingPhaseState.ts'
    Imported via '../../../utils/Logger' from file 'C:/Users/17175/Desktop/spek template/src/migration/fsm/states/ExecutingStepState.ts'
    Imported via '../../../utils/Logger' from file 'C:/Users/17175/Desktop/spek template/src/migration/fsm/states/IdleState.ts'
    Imported via '../../../utils/Logger' from file 'C:/Users/17175/Desktop/spek template/src/migration/fsm/states/RollingBackState.ts'
    Imported via '../../../utils/Logger' from file 'C:/Users/17175/Desktop/spek template/src/migration/fsm/states/ValidatingStepState.ts'
    Imported via '../../../utils/Logger' from file 'C:/Users/17175/Desktop/spek template/src/migration/fsm/transitions/TransitionHub.ts'
    Imported via '../../utils/Logger' from file 'C:/Users/17175/Desktop/spek template/src/migration/orchestration/MigrationExecutor.ts'
    Imported via '../../../utils/Logger' from file 'C:/Users/17175/Desktop/spek template/src/migration/planning/dependencies/DependencyMapper.ts'
    Imported via '../../../utils/Logger' from file 'C:/Users/17175/Desktop/spek template/src/migration/planning/fsm/AnalysisStateMachine.ts'
    Imported via '../../../utils/Logger' from file 'C:/Users/17175/Desktop/spek template/src/migration/planning/fsm/AnalysisStateMachineRefactored.ts'
    Imported via '../../../../utils/Logger' from file 'C:/Users/17175/Desktop/spek template/src/migration/planning/fsm/core/TransitionHub.ts'
    Imported via '../../../../utils/Logger' from file 'C:/Users/17175/Desktop/spek template/src/migration/planning/fsm/core/BaseStateHandler.ts'
    Imported via '../../utils/Logger' from file 'C:/Users/17175/Desktop/spek template/src/migration/strategies/CanaryProtocolMigration.ts'
    Imported via '../../../utils/Logger' from file 'C:/Users/17175/Desktop/spek template/src/migration/strategies/canary/CanaryMigrationFacade.ts'
    Imported via '../../../utils/Logger' from file 'C:/Users/17175/Desktop/spek template/src/migration/strategies/canary/CanaryMigrationStateMachine.ts'
    Imported via '../../../../utils/Logger' from file 'C:/Users/17175/Desktop/spek template/src/migration/strategies/canary/handlers/CanaryDeploymentHandler.ts'
    Imported via '../../../../utils/Logger' from file 'C:/Users/17175/Desktop/spek template/src/migration/strategies/canary/handlers/CanaryTrafficHandler.ts'
    Imported via '../../../../utils/Logger' from file 'C:/Users/17175/Desktop/spek template/src/migration/strategies/canary/handlers/CanaryValidationHandler.ts'
    Imported via '../../../../utils/Logger' from file 'C:/Users/17175/Desktop/spek template/src/migration/strategies/canary/handlers/CanaryRollbackHandler.ts'
    Imported via '../../utils/Logger' from file 'C:/Users/17175/Desktop/spek template/src/migration/translation/ProtocolFacade.ts'
    Imported via '../../utils/Logger' from file 'C:/Users/17175/Desktop/spek template/src/migration/translation/ProtocolParser.ts'
    Imported via '../../utils/Logger' from file 'C:/Users/17175/Desktop/spek template/src/migration/translation/ProtocolSerializer.ts'
    Imported via '../../utils/Logger' from file 'C:/Users/17175/Desktop/spek template/src/migration/translation/ProtocolStateMachine.ts'
    Imported via '../../utils/Logger' from file 'C:/Users/17175/Desktop/spek template/src/migration/translation/ProtocolValidator.ts'
    Imported via '../../../utils/Logger' from file 'C:/Users/17175/Desktop/spek template/src/migration/translation/fsm/FormatRegistry.ts'
    Imported via '../../../utils/Logger' from file 'C:/Users/17175/Desktop/spek template/src/migration/translation/fsm/RuleProcessor.ts'
    Imported via '../../../utils/Logger' from file 'C:/Users/17175/Desktop/spek template/src/migration/translation/fsm/ValidationOrchestrator.ts'
    Imported via '../../../utils/Logger' from file 'C:/Users/17175/Desktop/spek template/src/migration/translation/fsm/PerformanceMonitor.ts'
    Imported via '../../../utils/Logger' from file 'C:/Users/17175/Desktop/spek template/src/migration/translation/fsm/ConversionEngine.ts'
    Imported via '../../../utils/Logger' from file 'C:/Users/17175/Desktop/spek template/src/migration/translation/fsm/BatchProcessor.ts'
    Imported via '../utils/Logger' from file 'C:/Users/17175/Desktop/spek template/src/networking/RealWebSocketServer.ts'
    Imported via '../../utils/Logger' from file 'C:/Users/17175/Desktop/spek template/src/princesses/deployment/BlueGreenDeployment.ts'
    Imported via '../../utils/Logger' from file 'C:/Users/17175/Desktop/spek template/src/princesses/deployment/ContainerOrchestrator.ts'
    Imported via '../../utils/Logger' from file 'C:/Users/17175/Desktop/spek template/src/princesses/deployment/DeploymentPrincess.ts'
    Imported via '../../utils/logger' from file 'C:/Users/17175/Desktop/spek template/src/protocols/a2a/A2AProtocolEngine.ts'
    Imported via '../../utils/logger' from file 'C:/Users/17175/Desktop/spek template/src/protocols/a2a/MessageRouter.ts'
    Imported via '../../utils/logger' from file 'C:/Users/17175/Desktop/spek template/src/protocols/a2a/ProtocolRegistry.ts'
    Imported via '../../utils/logger' from file 'C:/Users/17175/Desktop/spek template/src/protocols/docs/A2ADocumentationGenerator.ts'
    Imported via '../../../utils/logger' from file 'C:/Users/17175/Desktop/spek template/src/protocols/docs/fsm/DocGeneratorTypes.ts'
    Imported via '../../../utils/logger' from file 'C:/Users/17175/Desktop/spek template/src/protocols/docs/metrics/DocGeneratorMetrics.ts'
    Imported via '../../utils/logger' from file 'C:/Users/17175/Desktop/spek template/src/protocols/mcp/MCPBridge.ts'
    Imported via '../../utils/logger' from file 'C:/Users/17175/Desktop/spek template/src/swarm/coordination/TaskDistributor.ts'
    Imported via '../../../utils/logger' from file 'C:/Users/17175/Desktop/spek template/src/swarm/memory/development/ContextDNA.ts'
    Imported via '../../../utils/logger' from file 'C:/Users/17175/Desktop/spek template/src/swarm/memory/development/VectorStore.ts'
    Imported via '../../utils/logger' from file 'C:/Users/17175/Desktop/spek template/src/swarm/orchestration/SwarmInitializer.ts'
    Imported via '../../utils/logger' from file 'C:/Users/17175/Desktop/spek template/src/swarm/orchestration/GodObjectOrchestrator.ts'
    Imported via '../../utils/logger' from file 'C:/Users/17175/Desktop/spek template/src/swarm/queen/ShardingCoordinator.ts'
    Imported via '../../../utils/Logger' from file 'C:/Users/17175/Desktop/spek template/src/swarm/validation/fsm/DomainBoundaryManager.ts'
    Imported via '../../../utils/Logger' from file 'C:/Users/17175/Desktop/spek template/src/swarm/validation/fsm/ExclusivityValidator.ts'
    Imported via '../../../utils/Logger' from file 'C:/Users/17175/Desktop/spek template/src/swarm/validation/fsm/HandoffCoordinator.ts'
    Imported via '../../../utils/Logger' from file 'C:/Users/17175/Desktop/spek template/src/swarm/validation/fsm/ValidationEngine.ts'
    Matched by include pattern 'src/**/*' in 'C:/Users/17175/Desktop/spek template/tsconfig.json'
src/swarm/coordination/TaskDistributor.ts(30,14): error TS2415: Class 'TaskDistributor' incorrectly extends base class 'import("C:/Users/17175/Desktop/spek template/node_modules/@types/node/events.d.ts")<DefaultEventMap>'.
  Property 'logger' is private in type 'TaskDistributor' but not in type 'import("C:/Users/17175/Desktop/spek template/node_modules/@types/node/events.d.ts")<DefaultEventMap>'.
src/swarm/coordination/TaskDistributor.ts(53,7): error TS2741: Property 'capabilities' is missing in type 'import("C:/Users/17175/Desktop/spek template/src/swarm/types/task.types").Task' but required in type 'import("C:/Users/17175/Desktop/spek template/src/swarm/coordination/fsm/TaskDistributionStateMachine").Task'.
src/swarm/drones/fsm/DroneBaseFSM.ts(14,13): error TS2564: Property 'transitionHub' has no initializer and is not definitely assigned in the constructor.
src/swarm/drones/fsm/DroneBaseFSM.ts(15,13): error TS2564: Property 'taskExecutor' has no initializer and is not definitely assigned in the constructor.
src/swarm/drones/fsm/DroneBaseFSM.ts(16,13): error TS2564: Property 'metricsCollector' has no initializer and is not definitely assigned in the constructor.
src/swarm/drones/fsm/DroneBaseFSM.ts(17,13): error TS2564: Property 'reportGenerator' has no initializer and is not definitely assigned in the constructor.
src/swarm/hierarchy/base/PrincessBase.ts(9,10): error TS2305: Module '"../PrincessAuditGate"' has no exported member 'PrincessAuditGate'.
src/swarm/hierarchy/base/PrincessBase.ts(9,29): error TS2305: Module '"../PrincessAuditGate"' has no exported member 'SubagentWork'.
src/swarm/hierarchy/base/PrincessBase.ts(9,43): error TS2305: Module '"../PrincessAuditGate"' has no exported member 'AuditResult'.
src/swarm/hierarchy/base/PrincessBase.ts(79,53): error TS7006: Parameter 'data' implicitly has an 'any' type.
src/swarm/hierarchy/base/PrincessBase.ts(84,47): error TS7006: Parameter 'result' implicitly has an 'any' type.
src/swarm/hierarchy/base/PrincessBase.ts(88,47): error TS7006: Parameter 'detection' implicitly has an 'any' type.
src/swarm/hierarchy/CodexQualityEnhancer.ts(5,15): error TS2307: Cannot find module './CodexQualityEnhancerFacade' or its corresponding type declarations.
src/swarm/hierarchy/CodexSandboxValidator.ts(5,15): error TS2307: Cannot find module './CodexSandboxValidatorFacade' or its corresponding type declarations.
src/swarm/hierarchy/CodexTheaterAuditor.ts(5,15): error TS2307: Cannot find module './CodexTheaterAuditorFacade' or its corresponding type declarations.
src/swarm/hierarchy/consensus/ConsensusCoordinator.ts(8,10): error TS2305: Module '"../PrincessConsensus"' has no exported member 'PrincessConsensus'.
src/swarm/hierarchy/consensus/ConsensusCoordinator.ts(87,45): error TS7006: Parameter 'result' implicitly has an 'any' type.
src/swarm/hierarchy/consensus/ConsensusCoordinator.ts(93,44): error TS7006: Parameter 'failure' implicitly has an 'any' type.
src/swarm/hierarchy/consensus/ConsensusCoordinator.ts(99,48): error TS7031: Binding element 'princess' implicitly has an 'any' type.
src/swarm/hierarchy/consensus/ConsensusCoordinator.ts(99,58): error TS7031: Binding element 'pattern' implicitly has an 'any' type.
src/swarm/hierarchy/ContextRouter.ts(113,23): error TS2445: Property 'initializeSpecificRouter' is protected and only accessible within class 'ContextRouterFacade' and its subclasses.
src/swarm/hierarchy/CoordinationPrincess.ts(5,15): error TS2307: Cannot find module './CoordinationPrincessFacade' or its corresponding type declarations.
src/swarm/hierarchy/core/QueenOrchestrator.ts(11,35): error TS2307: Cannot find module '../CrossHiveProtocol' or its corresponding type declarations.
src/swarm/hierarchy/core/QueenOrchestrator.ts(14,42): error TS2307: Cannot find module '../../../context/GitHubProjectIntegration' or its corresponding type declarations.
src/swarm/hierarchy/core/QueenOrchestrator.ts(65,11): error TS2722: Cannot invoke an object which is possibly 'undefined'.
src/swarm/hierarchy/core/QueenOrchestrator.ts(68,11): error TS2722: Cannot invoke an object which is possibly 'undefined'.
src/swarm/hierarchy/core/QueenOrchestrator.ts(68,48): error TS2554: Expected 0 arguments, but got 1.
src/swarm/hierarchy/core/QueenOrchestrator.ts(120,47): error TS2554: Expected 3 arguments, but got 1.
src/swarm/hierarchy/core/QueenOrchestrator.ts(122,66): error TS2339: Property 'errors' does not exist on type 'ComprehensiveValidation'.
src/swarm/hierarchy/core/QueenOrchestrator.ts(207,39): error TS2339: Property 'executeTask' does not exist on type 'HivePrincess'.
src/swarm/hierarchy/core/QueenOrchestrator.ts(215,59): error TS2339: Property 'calculateDegradation' does not exist on type 'MonitoringOrchestrator'.
src/swarm/hierarchy/core/QueenOrchestrator.ts(234,53): error TS7006: Parameter 'r' implicitly has an 'any' type.
src/swarm/hierarchy/core/QueenOrchestrator.ts(324,35): error TS2339: Property 'initiateRecovery' does not exist on type 'MonitoringOrchestrator'.
src/swarm/hierarchy/core/QueenOrchestrator.ts(341,43): error TS7031: Binding element 'message' implicitly has an 'any' type.
src/swarm/hierarchy/core/QueenOrchestrator.ts(341,52): error TS7031: Binding element 'target' implicitly has an 'any' type.
src/swarm/hierarchy/core/QueenOrchestrator.ts(345,50): error TS7031: Binding element 'princess' implicitly has an 'any' type.
src/swarm/hierarchy/core/QueenOrchestrator.ts(356,29): error TS2339: Property 'on' does not exist on type 'MonitoringOrchestrator'.
src/swarm/hierarchy/core/QueenOrchestrator.ts(356,57): error TS7006: Parameter 'data' implicitly has an 'any' type.
src/swarm/hierarchy/core/QueenOrchestrator.ts(489,7): error TS2322: Type '"orchestrator"' is not assignable to type '"QUEEN" | "PRINCESS" | "DRONE"'.
src/swarm/hierarchy/core/QueenOrchestrator.ts(496,7): error TS2322: Type '"coordinator"' is not assignable to type '"QUEEN" | "PRINCESS" | "DRONE"'.
src/swarm/hierarchy/core/QueenOrchestrator.ts(506,7): error TS2820: Type '"high"' is not assignable to type '"LOW" | "MEDIUM" | "HIGH" | "CRITICAL"'. Did you mean '"HIGH"'?
src/swarm/hierarchy/core/QueenOrchestrator.ts(507,7): error TS2739: Type '{}' is missing the following properties from type 'AgentContext': previousMessages, memoryState, taskContext, performanceMetrics
src/swarm/hierarchy/CrossHiveProtocol-fsm/CrossHiveProtocolCore.ts(5,15): error TS2307: Cannot find module './CrossHiveProtocolCoreFacade' or its corresponding type declarations.
src/swarm/hierarchy/CrossHiveProtocol-fsm/CrossHiveProtocolFacade.ts(4,10): error TS2305: Module '"./CrossHiveProtocolCore"' has no exported member 'CrossHiveProtocolCore'.
src/swarm/hierarchy/CrossHiveProtocol-fsm/CrossHiveProtocolFacade.ts(18,29): error TS2345: Argument of type '"START"' is not assignable to parameter of type 'CrossHiveProtocolEvents'.
src/swarm/hierarchy/CrossHiveProtocol-fsm/CrossHiveProtocolFacade.ts(20,29): error TS2345: Argument of type '"COMPLETE"' is not assignable to parameter of type 'CrossHiveProtocolEvents'.
src/swarm/hierarchy/domains/ArchitecturePrincess.ts(9,14): error TS2415: Class 'ArchitecturePrincess' incorrectly extends base class 'PrincessBase'.
  Property 'getDomainSpecificCriticalKeys' is protected in type 'ArchitecturePrincess' but public in type 'PrincessBase'.
src/swarm/hierarchy/domains/DevelopmentPrincess.ts(15,10): error TS2305: Module '"../../queen/MECEDistributor"' has no exported member 'MECEDistributor'.
src/swarm/hierarchy/domains/DevelopmentPrincess.ts(18,14): error TS2415: Class 'DevelopmentPrincess' incorrectly extends base class 'PrincessBase'.
  Property 'getDomainSpecificCriticalKeys' is protected in type 'DevelopmentPrincess' but public in type 'PrincessBase'.
src/swarm/hierarchy/domains/DocumentationPrincess.ts(9,14): error TS2415: Class 'DocumentationPrincess' incorrectly extends base class 'PrincessBase'.
  Property 'getDomainSpecificCriticalKeys' is protected in type 'DocumentationPrincess' but public in type 'PrincessBase'.
src/swarm/hierarchy/domains/InfrastructurePrincess.ts(9,14): error TS2415: Class 'InfrastructurePrincess' incorrectly extends base class 'PrincessBase'.
  Property 'getDomainSpecificCriticalKeys' is protected in type 'InfrastructurePrincess' but public in type 'PrincessBase'.
src/swarm/hierarchy/domains/PerformancePrincess.ts(9,14): error TS2415: Class 'PerformancePrincess' incorrectly extends base class 'PrincessBase'.
  Property 'getDomainSpecificCriticalKeys' is protected in type 'PerformancePrincess' but public in type 'PrincessBase'.
src/swarm/hierarchy/domains/quality/QualityPrincessActions.ts(39,60): error TS2345: Argument of type 'QualityTask' is not assignable to parameter of type 'Task'.
  Type 'QualityTask' is missing the following properties from type 'Task': name, domain
src/swarm/hierarchy/domains/quality/QualityPrincessActions.ts(54,38): error TS2345: Argument of type 'QualityTask' is not assignable to parameter of type 'Task'.
  Type 'QualityTask' is missing the following properties from type 'Task': name, domain
src/swarm/hierarchy/domains/quality/QualityPrincessActions.ts(201,72): error TS2739: Type 'QualityTask' is missing the following properties from type 'Task': name, domain
src/swarm/hierarchy/domains/quality/QualityPrincessCore.ts(7,10): error TS2305: Module '"../../../memory/quality/LangroidMemory"' has no exported member 'QualityLangroidMemory'.
src/swarm/hierarchy/domains/quality/QualityPrincessCore.ts(9,10): error TS2305: Module '"../../../queen/MECEDistributor"' has no exported member 'MECEDistributor'.
src/swarm/hierarchy/domains/quality/QualityPrincessTransitions.ts(159,5): error TS2322: Type 'Promise<QualityState>' is not assignable to type 'Promise<void>'.
  Type 'import("C:/Users/17175/Desktop/spek template/src/swarm/hierarchy/domains/quality/QualityPrincessTypes").QualityState' is not assignable to type 'void'.
src/swarm/hierarchy/domains/QualityPrincess.ts(12,10): error TS2305: Module '"../../memory/quality/LangroidMemory"' has no exported member 'QualityLangroidMemory'.
src/swarm/hierarchy/domains/QualityPrincess.ts(14,10): error TS2305: Module '"../../queen/MECEDistributor"' has no exported member 'MECEDistributor'.
src/swarm/hierarchy/domains/QualityPrincess.ts(17,14): error TS2415: Class 'QualityPrincess' incorrectly extends base class 'PrincessBase'.
  Property 'getDomainSpecificCriticalKeys' is protected in type 'QualityPrincess' but public in type 'PrincessBase'.
src/swarm/hierarchy/domains/QualityPrincess.ts(295,44): error TS7006: Parameter 'p' implicitly has an 'any' type.
src/swarm/hierarchy/domains/ResearchPrincess.ts(9,14): error TS2415: Class 'ResearchPrincess' incorrectly extends base class 'PrincessBase'.
  Property 'getDomainSpecificCriticalKeys' is protected in type 'ResearchPrincess' but public in type 'PrincessBase'.
src/swarm/hierarchy/domains/SecurityPrincess.ts(9,14): error TS2415: Class 'SecurityPrincess' incorrectly extends base class 'PrincessBase'.
  Property 'getDomainSpecificCriticalKeys' is protected in type 'SecurityPrincess' but public in type 'PrincessBase'.
src/swarm/hierarchy/EnterpriseQualityAnalyzer.ts(5,15): error TS2307: Cannot find module './EnterpriseQualityAnalyzerFacade' or its corresponding type declarations.
src/swarm/hierarchy/FinalQualityValidator.ts(7,10): error TS2305: Module '"./CodexSandboxValidator"' has no exported member 'CodexSandboxValidator'.
src/swarm/hierarchy/FinalQualityValidator.ts(7,33): error TS2305: Module '"./CodexSandboxValidator"' has no exported member 'SandboxTestResult'.
src/swarm/hierarchy/FinalQualityValidator.ts(8,32): error TS2305: Module '"./DebugCycleController"' has no exported member 'DebugResult'.
src/swarm/hierarchy/FinalQualityValidator.ts(9,10): error TS2305: Module '"./EnterpriseQualityAnalyzer"' has no exported member 'EnterpriseQualityAnalyzer'.
src/swarm/hierarchy/FinalQualityValidator.ts(9,37): error TS2305: Module '"./EnterpriseQualityAnalyzer"' has no exported member 'QualityAnalysisReport'.
src/swarm/hierarchy/FinalQualityValidator.ts(10,10): error TS2305: Module '"./CodexQualityEnhancer"' has no exported member 'CodexQualityEnhancer'.
src/swarm/hierarchy/FinalQualityValidator.ts(10,32): error TS2305: Module '"./CodexQualityEnhancer"' has no exported member 'QualityEnhancementResult'.
src/swarm/hierarchy/FinalQualityValidator.ts(128,45): error TS2345: Argument of type 'any' is not assignable to parameter of type 'never'.
src/swarm/hierarchy/FinalQualityValidator.ts(133,64): error TS2339: Property 'runDebugCycle' does not exist on type 'DebugCycleController'.
src/swarm/hierarchy/FinalQualityValidator.ts(143,49): error TS2345: Argument of type 'any' is not assignable to parameter of type 'never'.
src/swarm/hierarchy/FinalQualityValidator.ts(150,47): error TS2345: Argument of type 'any' is not assignable to parameter of type 'never'.
src/swarm/hierarchy/FinalQualityValidator.ts(323,29): error TS18046: 'rule' is of type 'unknown'.
src/swarm/hierarchy/GitHubCompletionRecorder.ts(5,15): error TS2307: Cannot find module './GitHubCompletionRecorderFacade' or its corresponding type declarations.
src/swarm/hierarchy/HivePrincess.ts(35,9): error TS2322: Type 'ArchitecturePrincess' is not assignable to type 'PrincessBase'.
  Property 'getDomainSpecificCriticalKeys' is protected in type 'ArchitecturePrincess' but public in type 'PrincessBase'.
src/swarm/hierarchy/HivePrincess.ts(38,9): error TS2322: Type 'DevelopmentPrincess' is not assignable to type 'PrincessBase'.
  Property 'getDomainSpecificCriticalKeys' is protected in type 'DevelopmentPrincess' but public in type 'PrincessBase'.
src/swarm/hierarchy/HivePrincess.ts(41,9): error TS2322: Type 'QualityPrincess' is not assignable to type 'PrincessBase'.
  Property 'getDomainSpecificCriticalKeys' is protected in type 'QualityPrincess' but public in type 'PrincessBase'.
src/swarm/hierarchy/HivePrincess.ts(44,9): error TS2322: Type 'SecurityPrincess' is not assignable to type 'PrincessBase'.
  Property 'getDomainSpecificCriticalKeys' is protected in type 'SecurityPrincess' but public in type 'PrincessBase'.
src/swarm/hierarchy/HivePrincess.ts(47,9): error TS2322: Type 'PerformancePrincess' is not assignable to type 'PrincessBase'.
  Property 'getDomainSpecificCriticalKeys' is protected in type 'PerformancePrincess' but public in type 'PrincessBase'.
src/swarm/hierarchy/HivePrincess.ts(50,9): error TS2322: Type 'DocumentationPrincess' is not assignable to type 'PrincessBase'.
  Property 'getDomainSpecificCriticalKeys' is protected in type 'DocumentationPrincess' but public in type 'PrincessBase'.
src/swarm/hierarchy/managers/PrincessManager.ts(114,24): error TS2339: Property 'initialize' does not exist on type 'HivePrincess'.
src/swarm/hierarchy/managers/PrincessManager.ts(133,20): error TS2339: Property 'setModel' does not exist on type 'HivePrincess'.
src/swarm/hierarchy/managers/PrincessManager.ts(136,22): error TS2339: Property 'addMCPServer' does not exist on type 'HivePrincess'.
src/swarm/hierarchy/managers/PrincessManager.ts(139,14): error TS2339: Property 'setMaxContextSize' does not exist on type 'HivePrincess'.
src/swarm/hierarchy/managers/PrincessManager.ts(163,41): error TS2339: Property 'getHealth' does not exist on type 'HivePrincess'.
src/swarm/hierarchy/managers/PrincessManager.ts(196,22): error TS2339: Property 'restart' does not exist on type 'HivePrincess'.
src/swarm/hierarchy/managers/PrincessManager.ts(205,37): error TS2339: Property 'getSharedContext' does not exist on type 'HivePrincess'.
src/swarm/hierarchy/managers/PrincessManager.ts(206,24): error TS2339: Property 'restoreContext' does not exist on type 'HivePrincess'.
src/swarm/hierarchy/managers/PrincessManager.ts(226,20): error TS2339: Property 'isolate' does not exist on type 'HivePrincess'.
src/swarm/hierarchy/managers/PrincessManager.ts(243,58): error TS2339: Property 'isHealthy' does not exist on type 'HivePrincess'.
src/swarm/hierarchy/managers/PrincessManager.ts(254,22): error TS2339: Property 'increaseCapacity' does not exist on type 'HivePrincess'.
src/swarm/hierarchy/managers/PrincessManager.ts(264,42): error TS2339: Property 'getContextIntegrity' does not exist on type 'HivePrincess'.
src/swarm/hierarchy/managers/PrincessManager.ts(279,39): error TS2339: Property 'getHealth' does not exist on type 'HivePrincess'.
src/swarm/hierarchy/managers/PrincessManager.ts(280,42): error TS2339: Property 'getContextIntegrity' does not exist on type 'HivePrincess'.
src/swarm/hierarchy/managers/PrincessManager.ts(289,40): error TS2339: Property 'getContextUsage' does not exist on type 'HivePrincess'.
src/swarm/hierarchy/managers/PrincessManager.ts(304,55): error TS2339: Property 'shutdown' does not exist on type 'HivePrincess'.
src/swarm/hierarchy/PrincessAgent.ts(22,11): error TS2564: Property 'config' has no initializer and is not definitely assigned in the constructor.
src/swarm/hierarchy/PrincessAgent.ts(30,10): error TS2551: Property '_config' does not exist on type 'PrincessAgent'. Did you mean 'config'?
src/swarm/hierarchy/PrincessAgent.ts(36,17): error TS2551: Property '_config' does not exist on type 'PrincessAgent'. Did you mean 'config'?
src/swarm/hierarchy/PrincessAgent.ts(42,17): error TS2551: Property '_config' does not exist on type 'PrincessAgent'. Did you mean 'config'?
src/swarm/hierarchy/PrincessAgent.ts(81,16): error TS2551: Property '_config' does not exist on type 'PrincessAgent'. Did you mean 'config'?
src/swarm/hierarchy/PrincessAgent.ts(82,20): error TS2551: Property '_config' does not exist on type 'PrincessAgent'. Did you mean 'config'?
src/swarm/hierarchy/PrincessAgent.ts(85,26): error TS2551: Property '_config' does not exist on type 'PrincessAgent'. Did you mean 'config'?
src/swarm/hierarchy/PrincessAuditGate.ts(5,15): error TS2307: Cannot find module './PrincessAuditGateFacade' or its corresponding type declarations.
src/swarm/hierarchy/PrincessConsensus.ts(5,15): error TS2307: Cannot find module './PrincessConsensusFacade' or its corresponding type declarations.
src/swarm/hierarchy/SwarmQueen.ts(10,10): error TS2305: Module '"../../context/IntelligentContextPruner"' has no exported member 'IntelligentContextPruner'.
src/swarm/hierarchy/SwarmQueen.ts(54,12): error TS2565: Property 'contextEnhancer' is used before being assigned.
src/swarm/hierarchy/SwarmQueen.ts(68,11): error TS2722: Cannot invoke an object which is possibly 'undefined'.
src/swarm/hierarchy/validation/states/BaseStateHandler.ts(67,53): error TS18046: 'error' is of type 'unknown'.
src/swarm/hierarchy/validation/ValidationFSM.test.ts(7,10): error TS2305: Module '"../CodexSandboxValidator"' has no exported member 'CodexSandboxValidator'.
src/swarm/hierarchy/validation/ValidationFSM.test.ts(63,30): error TS2339: Property 'toBeGreaterThan' does not exist on type '{ toBe(expected: any): void; toEqual(expected: any): void; toBeDefined(): void; toBeUndefined(): void; toBeNull(): void; toBeTruthy(): void; toBeFalsy(): void; toContain(item: any): void; ... 8 more ...; not: { ...; }; }'.
src/swarm/hierarchy/validation/ValidationFSM.test.ts(67,41): error TS2339: Property 'toBeOneOf' does not exist on type '{ toBe(expected: any): void; toEqual(expected: any): void; toBeDefined(): void; toBeUndefined(): void; toBeNull(): void; toBeTruthy(): void; toBeFalsy(): void; toContain(item: any): void; ... 8 more ...; not: { ...; }; }'.
src/swarm/hierarchy/validation/ValidationFSM.test.ts(72,6): error TS2554: Expected 2 arguments, but got 3.
src/swarm/hierarchy/validation/ValidationFSM.test.ts(108,26): error TS2339: Property 'toBeGreaterThan' does not exist on type '{ toBe(expected: any): void; toEqual(expected: any): void; toBeDefined(): void; toBeUndefined(): void; toBeNull(): void; toBeTruthy(): void; toBeFalsy(): void; toContain(item: any): void; ... 8 more ...; not: { ...; }; }'.
src/swarm/hierarchy/validation/ValidationFSM.test.ts(159,33): error TS2339: Property 'toBeGreaterThan' does not exist on type '{ toBe(expected: any): void; toEqual(expected: any): void; toBeDefined(): void; toBeUndefined(): void; toBeNull(): void; toBeTruthy(): void; toBeFalsy(): void; toContain(item: any): void; ... 8 more ...; not: { ...; }; }'.
src/swarm/hierarchy/validation/ValidationFSM.test.ts(163,37): error TS2339: Property 'toBeGreaterThanOrEqual' does not exist on type '{ toBe(expected: any): void; toEqual(expected: any): void; toBeDefined(): void; toBeUndefined(): void; toBeNull(): void; toBeTruthy(): void; toBeFalsy(): void; toContain(item: any): void; ... 8 more ...; not: { ...; }; }'.
src/swarm/hierarchy/validation/ValidationFSM.test.ts(185,26): error TS2339: Property 'toBeGreaterThan' does not exist on type '{ toBe(expected: any): void; toEqual(expected: any): void; toBeDefined(): void; toBeUndefined(): void; toBeNull(): void; toBeTruthy(): void; toBeFalsy(): void; toContain(item: any): void; ... 8 more ...; not: { ...; }; }'.
src/swarm/hierarchy/validation/ValidationFSM.test.ts(247,8): error TS2339: Property 'extend' does not exist on type '(value: any) => { toBe(expected: any): void; toEqual(expected: any): void; toBeDefined(): void; toBeUndefined(): void; toBeNull(): void; toBeTruthy(): void; toBeFalsy(): void; toContain(item: any): void; ... 8 more ...; not: { ...; }; }'.
src/swarm/hierarchy/validation/ValidationFSM.test.ts(248,13): error TS7006: Parameter 'received' implicitly has an 'any' type.
src/swarm/hierarchy/validation/ValidationFSM.test.ts(248,23): error TS7006: Parameter 'expected' implicitly has an 'any' type.
src/swarm/integrations/GitHubProjectIntegration.ts(8,65): error TS2307: Cannot find module '../github/fsm/ProjectIntegrationFSM' or its corresponding type declarations.
src/swarm/integrations/GitHubProjectIntegration.ts(261,34): error TS7006: Parameter 'event' implicitly has an 'any' type.
src/swarm/integrations/GitHubProjectIntegration.ts(265,39): error TS7006: Parameter 'result' implicitly has an 'any' type.
src/swarm/integrations/GitHubProjectIntegration.ts(269,37): error TS7006: Parameter 'error' implicitly has an 'any' type.
src/swarm/memory/development/ContextDNA.ts(8,24): error TS1149: File name 'C:/Users/17175/Desktop/spek template/src/utils/logger.ts' differs from already included file name 'C:/Users/17175/Desktop/spek template/src/utils/Logger.ts' only in casing.
  The file is in the program because:
    Imported via '../utils/Logger' from file 'C:/Users/17175/Desktop/spek template/src/commands/init-swarm-hierarchy.ts'
    Imported via '../../../utils/logger' from file 'C:/Users/17175/Desktop/spek template/src/swarm/memory/development/LangroidMemory.ts'
    Imported via '../../utils/logger' from file 'C:/Users/17175/Desktop/spek template/src/swarm/queen/KingLogicAdapter.ts'
    Imported via '../../utils/Logger' from file 'C:/Users/17175/Desktop/spek template/src/github/api/GitHubAPIOptimizer.ts'
    Imported via '../../utils/Logger' from file 'C:/Users/17175/Desktop/spek template/src/github/api/GitHubAuthenticationManager.ts'
    Imported via '../../utils/Logger' from file 'C:/Users/17175/Desktop/spek template/src/github/integration/GitHubProjectManager.ts'
    Imported via '../../utils/Logger' from file 'C:/Users/17175/Desktop/spek template/src/github/integration/RealGitHubProjectManager.ts'
    Imported via '../../utils/Logger' from file 'C:/Users/17175/Desktop/spek template/src/github/integration/QueenGitHubOrchestrator.ts'
    Imported via '../../utils/Logger' from file 'C:/Users/17175/Desktop/spek template/src/github/integration/RepositoryCoordinator.ts'
    Imported via '../../utils/Logger' from file 'C:/Users/17175/Desktop/spek template/src/github/pr/PRLifecycleManager.ts'
    Imported via '../../utils/Logger' from file 'C:/Users/17175/Desktop/spek template/src/github/projects/ProjectBoardIntelligence.ts'
    Imported via '../../utils/Logger' from file 'C:/Users/17175/Desktop/spek template/src/github/repos/CrossRepoSynchronization.ts'
    Imported via '../../utils/Logger' from file 'C:/Users/17175/Desktop/spek template/src/github/workflows/ActionWorkflowBuilder.ts'
    Imported via '../utils/Logger' from file 'C:/Users/17175/Desktop/spek template/src/memory/RealLangroidMemory.ts'
    Imported via '../../utils/logger' from file 'C:/Users/17175/Desktop/spek template/src/memory/langroid/RealMemoryCompressor.ts'
    Imported via '../../utils/Logger' from file 'C:/Users/17175/Desktop/spek template/src/migration/core/ActivationEngine.ts'
    Imported via '../../../utils/Logger' from file 'C:/Users/17175/Desktop/spek template/src/migration/core/states/FallbackStateMachine.ts'
    Imported via '../../../utils/Logger' from file 'C:/Users/17175/Desktop/spek template/src/migration/core/core/TransitionHub.ts'
    Imported via '../../utils/Logger' from file 'C:/Users/17175/Desktop/spek template/src/migration/core/FallbackChainFacade.ts'
    Imported via '../../../utils/Logger' from file 'C:/Users/17175/Desktop/spek template/src/migration/core/builders/ChainBuilder.ts'
    Imported via '../../../utils/Logger' from file 'C:/Users/17175/Desktop/spek template/src/migration/core/monitoring/HealthMonitor.ts'
    Imported via '../../utils/Logger' from file 'C:/Users/17175/Desktop/spek template/src/migration/core/ProtocolRegistry.ts'
    Imported via '../../utils/Logger' from file 'C:/Users/17175/Desktop/spek template/src/migration/core/MigrationOrchestrator.ts'
    Imported via '../../../utils/Logger' from file 'C:/Users/17175/Desktop/spek template/src/migration/core/validators/ActivationValidator.ts'
    Imported via '../../utils/Logger' from file 'C:/Users/17175/Desktop/spek template/src/migration/fallback/FallbackProtocolManager.ts'
    Imported via '../../../utils/Logger' from file 'C:/Users/17175/Desktop/spek template/src/migration/fsm/states/CompletedState.ts'
    Imported via '../../../utils/Logger' from file 'C:/Users/17175/Desktop/spek template/src/migration/fsm/states/ExecutingPhaseState.ts'
    Imported via '../../../utils/Logger' from file 'C:/Users/17175/Desktop/spek template/src/migration/fsm/states/ExecutingStepState.ts'
    Imported via '../../../utils/Logger' from file 'C:/Users/17175/Desktop/spek template/src/migration/fsm/states/IdleState.ts'
    Imported via '../../../utils/Logger' from file 'C:/Users/17175/Desktop/spek template/src/migration/fsm/states/RollingBackState.ts'
    Imported via '../../../utils/Logger' from file 'C:/Users/17175/Desktop/spek template/src/migration/fsm/states/ValidatingStepState.ts'
    Imported via '../../../utils/Logger' from file 'C:/Users/17175/Desktop/spek template/src/migration/fsm/transitions/TransitionHub.ts'
    Imported via '../../utils/Logger' from file 'C:/Users/17175/Desktop/spek template/src/migration/orchestration/MigrationExecutor.ts'
    Imported via '../../../utils/Logger' from file 'C:/Users/17175/Desktop/spek template/src/migration/planning/dependencies/DependencyMapper.ts'
    Imported via '../../../utils/Logger' from file 'C:/Users/17175/Desktop/spek template/src/migration/planning/fsm/AnalysisStateMachine.ts'
    Imported via '../../../utils/Logger' from file 'C:/Users/17175/Desktop/spek template/src/migration/planning/fsm/AnalysisStateMachineRefactored.ts'
    Imported via '../../../../utils/Logger' from file 'C:/Users/17175/Desktop/spek template/src/migration/planning/fsm/core/TransitionHub.ts'
    Imported via '../../../../utils/Logger' from file 'C:/Users/17175/Desktop/spek template/src/migration/planning/fsm/core/BaseStateHandler.ts'
    Imported via '../../utils/Logger' from file 'C:/Users/17175/Desktop/spek template/src/migration/strategies/CanaryProtocolMigration.ts'
    Imported via '../../../utils/Logger' from file 'C:/Users/17175/Desktop/spek template/src/migration/strategies/canary/CanaryMigrationFacade.ts'
    Imported via '../../../utils/Logger' from file 'C:/Users/17175/Desktop/spek template/src/migration/strategies/canary/CanaryMigrationStateMachine.ts'
    Imported via '../../../../utils/Logger' from file 'C:/Users/17175/Desktop/spek template/src/migration/strategies/canary/handlers/CanaryDeploymentHandler.ts'
    Imported via '../../../../utils/Logger' from file 'C:/Users/17175/Desktop/spek template/src/migration/strategies/canary/handlers/CanaryTrafficHandler.ts'
    Imported via '../../../../utils/Logger' from file 'C:/Users/17175/Desktop/spek template/src/migration/strategies/canary/handlers/CanaryValidationHandler.ts'
    Imported via '../../../../utils/Logger' from file 'C:/Users/17175/Desktop/spek template/src/migration/strategies/canary/handlers/CanaryRollbackHandler.ts'
    Imported via '../../utils/Logger' from file 'C:/Users/17175/Desktop/spek template/src/migration/translation/ProtocolFacade.ts'
    Imported via '../../utils/Logger' from file 'C:/Users/17175/Desktop/spek template/src/migration/translation/ProtocolParser.ts'
    Imported via '../../utils/Logger' from file 'C:/Users/17175/Desktop/spek template/src/migration/translation/ProtocolSerializer.ts'
    Imported via '../../utils/Logger' from file 'C:/Users/17175/Desktop/spek template/src/migration/translation/ProtocolStateMachine.ts'
    Imported via '../../utils/Logger' from file 'C:/Users/17175/Desktop/spek template/src/migration/translation/ProtocolValidator.ts'
    Imported via '../../../utils/Logger' from file 'C:/Users/17175/Desktop/spek template/src/migration/translation/fsm/FormatRegistry.ts'
    Imported via '../../../utils/Logger' from file 'C:/Users/17175/Desktop/spek template/src/migration/translation/fsm/RuleProcessor.ts'
    Imported via '../../../utils/Logger' from file 'C:/Users/17175/Desktop/spek template/src/migration/translation/fsm/ValidationOrchestrator.ts'
    Imported via '../../../utils/Logger' from file 'C:/Users/17175/Desktop/spek template/src/migration/translation/fsm/PerformanceMonitor.ts'
    Imported via '../../../utils/Logger' from file 'C:/Users/17175/Desktop/spek template/src/migration/translation/fsm/ConversionEngine.ts'
    Imported via '../../../utils/Logger' from file 'C:/Users/17175/Desktop/spek template/src/migration/translation/fsm/BatchProcessor.ts'
    Imported via '../utils/Logger' from file 'C:/Users/17175/Desktop/spek template/src/networking/RealWebSocketServer.ts'
    Imported via '../../utils/Logger' from file 'C:/Users/17175/Desktop/spek template/src/princesses/deployment/BlueGreenDeployment.ts'
    Imported via '../../utils/Logger' from file 'C:/Users/17175/Desktop/spek template/src/princesses/deployment/ContainerOrchestrator.ts'
    Imported via '../../utils/Logger' from file 'C:/Users/17175/Desktop/spek template/src/princesses/deployment/DeploymentPrincess.ts'
    Imported via '../../utils/logger' from file 'C:/Users/17175/Desktop/spek template/src/protocols/a2a/A2AProtocolEngine.ts'
    Imported via '../../utils/logger' from file 'C:/Users/17175/Desktop/spek template/src/protocols/a2a/MessageRouter.ts'
    Imported via '../../utils/logger' from file 'C:/Users/17175/Desktop/spek template/src/protocols/a2a/ProtocolRegistry.ts'
    Imported via '../../utils/logger' from file 'C:/Users/17175/Desktop/spek template/src/protocols/docs/A2ADocumentationGenerator.ts'
    Imported via '../../../utils/logger' from file 'C:/Users/17175/Desktop/spek template/src/protocols/docs/fsm/DocGeneratorTypes.ts'
    Imported via '../../../utils/logger' from file 'C:/Users/17175/Desktop/spek template/src/protocols/docs/metrics/DocGeneratorMetrics.ts'
    Imported via '../../utils/logger' from file 'C:/Users/17175/Desktop/spek template/src/protocols/mcp/MCPBridge.ts'
    Imported via '../../utils/logger' from file 'C:/Users/17175/Desktop/spek template/src/swarm/coordination/TaskDistributor.ts'
    Imported via '../../../utils/logger' from file 'C:/Users/17175/Desktop/spek template/src/swarm/memory/development/ContextDNA.ts'
    Imported via '../../../utils/logger' from file 'C:/Users/17175/Desktop/spek template/src/swarm/memory/development/VectorStore.ts'
    Imported via '../../utils/logger' from file 'C:/Users/17175/Desktop/spek template/src/swarm/orchestration/SwarmInitializer.ts'
    Imported via '../../utils/logger' from file 'C:/Users/17175/Desktop/spek template/src/swarm/orchestration/GodObjectOrchestrator.ts'
    Imported via '../../utils/logger' from file 'C:/Users/17175/Desktop/spek template/src/swarm/queen/ShardingCoordinator.ts'
    Imported via '../../../utils/Logger' from file 'C:/Users/17175/Desktop/spek template/src/swarm/validation/fsm/DomainBoundaryManager.ts'
    Imported via '../../../utils/Logger' from file 'C:/Users/17175/Desktop/spek template/src/swarm/validation/fsm/ExclusivityValidator.ts'
    Imported via '../../../utils/Logger' from file 'C:/Users/17175/Desktop/spek template/src/swarm/validation/fsm/HandoffCoordinator.ts'
    Imported via '../../../utils/Logger' from file 'C:/Users/17175/Desktop/spek template/src/swarm/validation/fsm/ValidationEngine.ts'
    Matched by include pattern 'src/**/*' in 'C:/Users/17175/Desktop/spek template/tsconfig.json'
src/swarm/memory/development/ContextDNA.ts(50,14): error TS2415: Class 'ContextDNA' incorrectly extends base class 'import("C:/Users/17175/Desktop/spek template/node_modules/@types/node/events.d.ts")<DefaultEventMap>'.
  Property 'logger' is private in type 'ContextDNA' but not in type 'import("C:/Users/17175/Desktop/spek template/node_modules/@types/node/events.d.ts")<DefaultEventMap>'.
src/swarm/memory/development/LangroidMemory.ts(11,24): error TS1149: File name 'C:/Users/17175/Desktop/spek template/src/utils/logger.ts' differs from already included file name 'C:/Users/17175/Desktop/spek template/src/utils/Logger.ts' only in casing.
  The file is in the program because:
    Imported via '../utils/Logger' from file 'C:/Users/17175/Desktop/spek template/src/commands/init-swarm-hierarchy.ts'
    Imported via '../../../utils/logger' from file 'C:/Users/17175/Desktop/spek template/src/swarm/memory/development/LangroidMemory.ts'
    Imported via '../../utils/logger' from file 'C:/Users/17175/Desktop/spek template/src/swarm/queen/KingLogicAdapter.ts'
    Imported via '../../utils/Logger' from file 'C:/Users/17175/Desktop/spek template/src/github/api/GitHubAPIOptimizer.ts'
    Imported via '../../utils/Logger' from file 'C:/Users/17175/Desktop/spek template/src/github/api/GitHubAuthenticationManager.ts'
    Imported via '../../utils/Logger' from file 'C:/Users/17175/Desktop/spek template/src/github/integration/GitHubProjectManager.ts'
    Imported via '../../utils/Logger' from file 'C:/Users/17175/Desktop/spek template/src/github/integration/RealGitHubProjectManager.ts'
    Imported via '../../utils/Logger' from file 'C:/Users/17175/Desktop/spek template/src/github/integration/QueenGitHubOrchestrator.ts'
    Imported via '../../utils/Logger' from file 'C:/Users/17175/Desktop/spek template/src/github/integration/RepositoryCoordinator.ts'
    Imported via '../../utils/Logger' from file 'C:/Users/17175/Desktop/spek template/src/github/pr/PRLifecycleManager.ts'
    Imported via '../../utils/Logger' from file 'C:/Users/17175/Desktop/spek template/src/github/projects/ProjectBoardIntelligence.ts'
    Imported via '../../utils/Logger' from file 'C:/Users/17175/Desktop/spek template/src/github/repos/CrossRepoSynchronization.ts'
    Imported via '../../utils/Logger' from file 'C:/Users/17175/Desktop/spek template/src/github/workflows/ActionWorkflowBuilder.ts'
    Imported via '../utils/Logger' from file 'C:/Users/17175/Desktop/spek template/src/memory/RealLangroidMemory.ts'
    Imported via '../../utils/logger' from file 'C:/Users/17175/Desktop/spek template/src/memory/langroid/RealMemoryCompressor.ts'
    Imported via '../../utils/Logger' from file 'C:/Users/17175/Desktop/spek template/src/migration/core/ActivationEngine.ts'
    Imported via '../../../utils/Logger' from file 'C:/Users/17175/Desktop/spek template/src/migration/core/states/FallbackStateMachine.ts'
    Imported via '../../../utils/Logger' from file 'C:/Users/17175/Desktop/spek template/src/migration/core/core/TransitionHub.ts'
    Imported via '../../utils/Logger' from file 'C:/Users/17175/Desktop/spek template/src/migration/core/FallbackChainFacade.ts'
    Imported via '../../../utils/Logger' from file 'C:/Users/17175/Desktop/spek template/src/migration/core/builders/ChainBuilder.ts'
    Imported via '../../../utils/Logger' from file 'C:/Users/17175/Desktop/spek template/src/migration/core/monitoring/HealthMonitor.ts'
    Imported via '../../utils/Logger' from file 'C:/Users/17175/Desktop/spek template/src/migration/core/ProtocolRegistry.ts'
    Imported via '../../utils/Logger' from file 'C:/Users/17175/Desktop/spek template/src/migration/core/MigrationOrchestrator.ts'
    Imported via '../../../utils/Logger' from file 'C:/Users/17175/Desktop/spek template/src/migration/core/validators/ActivationValidator.ts'
    Imported via '../../utils/Logger' from file 'C:/Users/17175/Desktop/spek template/src/migration/fallback/FallbackProtocolManager.ts'
    Imported via '../../../utils/Logger' from file 'C:/Users/17175/Desktop/spek template/src/migration/fsm/states/CompletedState.ts'
    Imported via '../../../utils/Logger' from file 'C:/Users/17175/Desktop/spek template/src/migration/fsm/states/ExecutingPhaseState.ts'
    Imported via '../../../utils/Logger' from file 'C:/Users/17175/Desktop/spek template/src/migration/fsm/states/ExecutingStepState.ts'
    Imported via '../../../utils/Logger' from file 'C:/Users/17175/Desktop/spek template/src/migration/fsm/states/IdleState.ts'
    Imported via '../../../utils/Logger' from file 'C:/Users/17175/Desktop/spek template/src/migration/fsm/states/RollingBackState.ts'
    Imported via '../../../utils/Logger' from file 'C:/Users/17175/Desktop/spek template/src/migration/fsm/states/ValidatingStepState.ts'
    Imported via '../../../utils/Logger' from file 'C:/Users/17175/Desktop/spek template/src/migration/fsm/transitions/TransitionHub.ts'
    Imported via '../../utils/Logger' from file 'C:/Users/17175/Desktop/spek template/src/migration/orchestration/MigrationExecutor.ts'
    Imported via '../../../utils/Logger' from file 'C:/Users/17175/Desktop/spek template/src/migration/planning/dependencies/DependencyMapper.ts'
    Imported via '../../../utils/Logger' from file 'C:/Users/17175/Desktop/spek template/src/migration/planning/fsm/AnalysisStateMachine.ts'
    Imported via '../../../utils/Logger' from file 'C:/Users/17175/Desktop/spek template/src/migration/planning/fsm/AnalysisStateMachineRefactored.ts'
    Imported via '../../../../utils/Logger' from file 'C:/Users/17175/Desktop/spek template/src/migration/planning/fsm/core/TransitionHub.ts'
    Imported via '../../../../utils/Logger' from file 'C:/Users/17175/Desktop/spek template/src/migration/planning/fsm/core/BaseStateHandler.ts'
    Imported via '../../utils/Logger' from file 'C:/Users/17175/Desktop/spek template/src/migration/strategies/CanaryProtocolMigration.ts'
    Imported via '../../../utils/Logger' from file 'C:/Users/17175/Desktop/spek template/src/migration/strategies/canary/CanaryMigrationFacade.ts'
    Imported via '../../../utils/Logger' from file 'C:/Users/17175/Desktop/spek template/src/migration/strategies/canary/CanaryMigrationStateMachine.ts'
    Imported via '../../../../utils/Logger' from file 'C:/Users/17175/Desktop/spek template/src/migration/strategies/canary/handlers/CanaryDeploymentHandler.ts'
    Imported via '../../../../utils/Logger' from file 'C:/Users/17175/Desktop/spek template/src/migration/strategies/canary/handlers/CanaryTrafficHandler.ts'
    Imported via '../../../../utils/Logger' from file 'C:/Users/17175/Desktop/spek template/src/migration/strategies/canary/handlers/CanaryValidationHandler.ts'
    Imported via '../../../../utils/Logger' from file 'C:/Users/17175/Desktop/spek template/src/migration/strategies/canary/handlers/CanaryRollbackHandler.ts'
    Imported via '../../utils/Logger' from file 'C:/Users/17175/Desktop/spek template/src/migration/translation/ProtocolFacade.ts'
    Imported via '../../utils/Logger' from file 'C:/Users/17175/Desktop/spek template/src/migration/translation/ProtocolParser.ts'
    Imported via '../../utils/Logger' from file 'C:/Users/17175/Desktop/spek template/src/migration/translation/ProtocolSerializer.ts'
    Imported via '../../utils/Logger' from file 'C:/Users/17175/Desktop/spek template/src/migration/translation/ProtocolStateMachine.ts'
    Imported via '../../utils/Logger' from file 'C:/Users/17175/Desktop/spek template/src/migration/translation/ProtocolValidator.ts'
    Imported via '../../../utils/Logger' from file 'C:/Users/17175/Desktop/spek template/src/migration/translation/fsm/FormatRegistry.ts'
    Imported via '../../../utils/Logger' from file 'C:/Users/17175/Desktop/spek template/src/migration/translation/fsm/RuleProcessor.ts'
    Imported via '../../../utils/Logger' from file 'C:/Users/17175/Desktop/spek template/src/migration/translation/fsm/ValidationOrchestrator.ts'
    Imported via '../../../utils/Logger' from file 'C:/Users/17175/Desktop/spek template/src/migration/translation/fsm/PerformanceMonitor.ts'
    Imported via '../../../utils/Logger' from file 'C:/Users/17175/Desktop/spek template/src/migration/translation/fsm/ConversionEngine.ts'
    Imported via '../../../utils/Logger' from file 'C:/Users/17175/Desktop/spek template/src/migration/translation/fsm/BatchProcessor.ts'
    Imported via '../utils/Logger' from file 'C:/Users/17175/Desktop/spek template/src/networking/RealWebSocketServer.ts'
    Imported via '../../utils/Logger' from file 'C:/Users/17175/Desktop/spek template/src/princesses/deployment/BlueGreenDeployment.ts'
    Imported via '../../utils/Logger' from file 'C:/Users/17175/Desktop/spek template/src/princesses/deployment/ContainerOrchestrator.ts'
    Imported via '../../utils/Logger' from file 'C:/Users/17175/Desktop/spek template/src/princesses/deployment/DeploymentPrincess.ts'
    Imported via '../../utils/logger' from file 'C:/Users/17175/Desktop/spek template/src/protocols/a2a/A2AProtocolEngine.ts'
    Imported via '../../utils/logger' from file 'C:/Users/17175/Desktop/spek template/src/protocols/a2a/MessageRouter.ts'
    Imported via '../../utils/logger' from file 'C:/Users/17175/Desktop/spek template/src/protocols/a2a/ProtocolRegistry.ts'
    Imported via '../../utils/logger' from file 'C:/Users/17175/Desktop/spek template/src/protocols/docs/A2ADocumentationGenerator.ts'
    Imported via '../../../utils/logger' from file 'C:/Users/17175/Desktop/spek template/src/protocols/docs/fsm/DocGeneratorTypes.ts'
    Imported via '../../../utils/logger' from file 'C:/Users/17175/Desktop/spek template/src/protocols/docs/metrics/DocGeneratorMetrics.ts'
    Imported via '../../utils/logger' from file 'C:/Users/17175/Desktop/spek template/src/protocols/mcp/MCPBridge.ts'
    Imported via '../../utils/logger' from file 'C:/Users/17175/Desktop/spek template/src/swarm/coordination/TaskDistributor.ts'
    Imported via '../../../utils/logger' from file 'C:/Users/17175/Desktop/spek template/src/swarm/memory/development/ContextDNA.ts'
    Imported via '../../../utils/logger' from file 'C:/Users/17175/Desktop/spek template/src/swarm/memory/development/VectorStore.ts'
    Imported via '../../utils/logger' from file 'C:/Users/17175/Desktop/spek template/src/swarm/orchestration/SwarmInitializer.ts'
    Imported via '../../utils/logger' from file 'C:/Users/17175/Desktop/spek template/src/swarm/orchestration/GodObjectOrchestrator.ts'
    Imported via '../../utils/logger' from file 'C:/Users/17175/Desktop/spek template/src/swarm/queen/ShardingCoordinator.ts'
    Imported via '../../../utils/Logger' from file 'C:/Users/17175/Desktop/spek template/src/swarm/validation/fsm/DomainBoundaryManager.ts'
    Imported via '../../../utils/Logger' from file 'C:/Users/17175/Desktop/spek template/src/swarm/validation/fsm/ExclusivityValidator.ts'
    Imported via '../../../utils/Logger' from file 'C:/Users/17175/Desktop/spek template/src/swarm/validation/fsm/HandoffCoordinator.ts'
    Imported via '../../../utils/Logger' from file 'C:/Users/17175/Desktop/spek template/src/swarm/validation/fsm/ValidationEngine.ts'
    Matched by include pattern 'src/**/*' in 'C:/Users/17175/Desktop/spek template/tsconfig.json'
src/swarm/memory/development/LangroidMemory.ts(12,27): error TS2305: Module '"../langroid/LangroidAdapter"' has no exported member 'LangroidAgentConfig'.
src/swarm/memory/development/LangroidMemory.ts(53,11): error TS2416: Property 'initialize' in type 'LangroidMemory' is not assignable to the same property in base type 'import("C:/Users/17175/Desktop/spek template/node_modules/@types/node/events.d.ts")<DefaultEventMap>'.
  Type '() => void' is not assignable to type '() => Promise<void>'.
    Type 'void' is not assignable to type 'Promise<void>'.
src/swarm/memory/development/LangroidMemory.ts(57,52): error TS2554: Expected 1 arguments, but got 3.
src/swarm/memory/development/LangroidMemory.ts(120,68): error TS2345: Argument of type 'unknown' is not assignable to parameter of type 'Partial<LogContext> | undefined'.
src/swarm/memory/development/LangroidMemory.ts(163,62): error TS2559: Type 'string' has no properties in common with type 'Partial<LogContext>'.
src/swarm/memory/development/LangroidMemory.ts(165,63): error TS2345: Argument of type 'unknown' is not assignable to parameter of type 'Partial<LogContext> | undefined'.
src/swarm/memory/development/LangroidMemory.ts(201,68): error TS2345: Argument of type 'unknown' is not assignable to parameter of type 'Partial<LogContext> | undefined'.
src/swarm/memory/development/LangroidMemory.ts(330,11): error TS18046: 'error' is of type 'unknown'.
src/swarm/memory/development/LangroidMemory.ts(333,63): error TS2345: Argument of type 'unknown' is not assignable to parameter of type 'Partial<LogContext> | undefined'.
src/swarm/memory/development/LangroidMemory.ts(354,54): error TS2345: Argument of type 'unknown' is not assignable to parameter of type 'Partial<LogContext> | undefined'.
src/swarm/memory/development/LangroidMemory.ts(363,68): error TS2554: Expected 0 arguments, but got 1.
src/swarm/memory/development/LangroidMemory.ts(390,62): error TS2345: Argument of type 'unknown' is not assignable to parameter of type 'Partial<LogContext> | undefined'.
src/swarm/memory/development/VectorStore.ts(7,24): error TS1149: File name 'C:/Users/17175/Desktop/spek template/src/utils/logger.ts' differs from already included file name 'C:/Users/17175/Desktop/spek template/src/utils/Logger.ts' only in casing.
  The file is in the program because:
    Imported via '../utils/Logger' from file 'C:/Users/17175/Desktop/spek template/src/commands/init-swarm-hierarchy.ts'
    Imported via '../../../utils/logger' from file 'C:/Users/17175/Desktop/spek template/src/swarm/memory/development/LangroidMemory.ts'
    Imported via '../../utils/logger' from file 'C:/Users/17175/Desktop/spek template/src/swarm/queen/KingLogicAdapter.ts'
    Imported via '../../utils/Logger' from file 'C:/Users/17175/Desktop/spek template/src/github/api/GitHubAPIOptimizer.ts'
    Imported via '../../utils/Logger' from file 'C:/Users/17175/Desktop/spek template/src/github/api/GitHubAuthenticationManager.ts'
    Imported via '../../utils/Logger' from file 'C:/Users/17175/Desktop/spek template/src/github/integration/GitHubProjectManager.ts'
    Imported via '../../utils/Logger' from file 'C:/Users/17175/Desktop/spek template/src/github/integration/RealGitHubProjectManager.ts'
    Imported via '../../utils/Logger' from file 'C:/Users/17175/Desktop/spek template/src/github/integration/QueenGitHubOrchestrator.ts'
    Imported via '../../utils/Logger' from file 'C:/Users/17175/Desktop/spek template/src/github/integration/RepositoryCoordinator.ts'
    Imported via '../../utils/Logger' from file 'C:/Users/17175/Desktop/spek template/src/github/pr/PRLifecycleManager.ts'
    Imported via '../../utils/Logger' from file 'C:/Users/17175/Desktop/spek template/src/github/projects/ProjectBoardIntelligence.ts'
    Imported via '../../utils/Logger' from file 'C:/Users/17175/Desktop/spek template/src/github/repos/CrossRepoSynchronization.ts'
    Imported via '../../utils/Logger' from file 'C:/Users/17175/Desktop/spek template/src/github/workflows/ActionWorkflowBuilder.ts'
    Imported via '../utils/Logger' from file 'C:/Users/17175/Desktop/spek template/src/memory/RealLangroidMemory.ts'
    Imported via '../../utils/logger' from file 'C:/Users/17175/Desktop/spek template/src/memory/langroid/RealMemoryCompressor.ts'
    Imported via '../../utils/Logger' from file 'C:/Users/17175/Desktop/spek template/src/migration/core/ActivationEngine.ts'
    Imported via '../../../utils/Logger' from file 'C:/Users/17175/Desktop/spek template/src/migration/core/states/FallbackStateMachine.ts'
    Imported via '../../../utils/Logger' from file 'C:/Users/17175/Desktop/spek template/src/migration/core/core/TransitionHub.ts'
    Imported via '../../utils/Logger' from file 'C:/Users/17175/Desktop/spek template/src/migration/core/FallbackChainFacade.ts'
    Imported via '../../../utils/Logger' from file 'C:/Users/17175/Desktop/spek template/src/migration/core/builders/ChainBuilder.ts'
    Imported via '../../../utils/Logger' from file 'C:/Users/17175/Desktop/spek template/src/migration/core/monitoring/HealthMonitor.ts'
    Imported via '../../utils/Logger' from file 'C:/Users/17175/Desktop/spek template/src/migration/core/ProtocolRegistry.ts'
    Imported via '../../utils/Logger' from file 'C:/Users/17175/Desktop/spek template/src/migration/core/MigrationOrchestrator.ts'
    Imported via '../../../utils/Logger' from file 'C:/Users/17175/Desktop/spek template/src/migration/core/validators/ActivationValidator.ts'
    Imported via '../../utils/Logger' from file 'C:/Users/17175/Desktop/spek template/src/migration/fallback/FallbackProtocolManager.ts'
    Imported via '../../../utils/Logger' from file 'C:/Users/17175/Desktop/spek template/src/migration/fsm/states/CompletedState.ts'
    Imported via '../../../utils/Logger' from file 'C:/Users/17175/Desktop/spek template/src/migration/fsm/states/ExecutingPhaseState.ts'
    Imported via '../../../utils/Logger' from file 'C:/Users/17175/Desktop/spek template/src/migration/fsm/states/ExecutingStepState.ts'
    Imported via '../../../utils/Logger' from file 'C:/Users/17175/Desktop/spek template/src/migration/fsm/states/IdleState.ts'
    Imported via '../../../utils/Logger' from file 'C:/Users/17175/Desktop/spek template/src/migration/fsm/states/RollingBackState.ts'
    Imported via '../../../utils/Logger' from file 'C:/Users/17175/Desktop/spek template/src/migration/fsm/states/ValidatingStepState.ts'
    Imported via '../../../utils/Logger' from file 'C:/Users/17175/Desktop/spek template/src/migration/fsm/transitions/TransitionHub.ts'
    Imported via '../../utils/Logger' from file 'C:/Users/17175/Desktop/spek template/src/migration/orchestration/MigrationExecutor.ts'
    Imported via '../../../utils/Logger' from file 'C:/Users/17175/Desktop/spek template/src/migration/planning/dependencies/DependencyMapper.ts'
    Imported via '../../../utils/Logger' from file 'C:/Users/17175/Desktop/spek template/src/migration/planning/fsm/AnalysisStateMachine.ts'
    Imported via '../../../utils/Logger' from file 'C:/Users/17175/Desktop/spek template/src/migration/planning/fsm/AnalysisStateMachineRefactored.ts'
    Imported via '../../../../utils/Logger' from file 'C:/Users/17175/Desktop/spek template/src/migration/planning/fsm/core/TransitionHub.ts'
    Imported via '../../../../utils/Logger' from file 'C:/Users/17175/Desktop/spek template/src/migration/planning/fsm/core/BaseStateHandler.ts'
    Imported via '../../utils/Logger' from file 'C:/Users/17175/Desktop/spek template/src/migration/strategies/CanaryProtocolMigration.ts'
    Imported via '../../../utils/Logger' from file 'C:/Users/17175/Desktop/spek template/src/migration/strategies/canary/CanaryMigrationFacade.ts'
    Imported via '../../../utils/Logger' from file 'C:/Users/17175/Desktop/spek template/src/migration/strategies/canary/CanaryMigrationStateMachine.ts'
    Imported via '../../../../utils/Logger' from file 'C:/Users/17175/Desktop/spek template/src/migration/strategies/canary/handlers/CanaryDeploymentHandler.ts'
    Imported via '../../../../utils/Logger' from file 'C:/Users/17175/Desktop/spek template/src/migration/strategies/canary/handlers/CanaryTrafficHandler.ts'
    Imported via '../../../../utils/Logger' from file 'C:/Users/17175/Desktop/spek template/src/migration/strategies/canary/handlers/CanaryValidationHandler.ts'
    Imported via '../../../../utils/Logger' from file 'C:/Users/17175/Desktop/spek template/src/migration/strategies/canary/handlers/CanaryRollbackHandler.ts'
    Imported via '../../utils/Logger' from file 'C:/Users/17175/Desktop/spek template/src/migration/translation/ProtocolFacade.ts'
    Imported via '../../utils/Logger' from file 'C:/Users/17175/Desktop/spek template/src/migration/translation/ProtocolParser.ts'
    Imported via '../../utils/Logger' from file 'C:/Users/17175/Desktop/spek template/src/migration/translation/ProtocolSerializer.ts'
    Imported via '../../utils/Logger' from file 'C:/Users/17175/Desktop/spek template/src/migration/translation/ProtocolStateMachine.ts'
    Imported via '../../utils/Logger' from file 'C:/Users/17175/Desktop/spek template/src/migration/translation/ProtocolValidator.ts'
    Imported via '../../../utils/Logger' from file 'C:/Users/17175/Desktop/spek template/src/migration/translation/fsm/FormatRegistry.ts'
    Imported via '../../../utils/Logger' from file 'C:/Users/17175/Desktop/spek template/src/migration/translation/fsm/RuleProcessor.ts'
    Imported via '../../../utils/Logger' from file 'C:/Users/17175/Desktop/spek template/src/migration/translation/fsm/ValidationOrchestrator.ts'
    Imported via '../../../utils/Logger' from file 'C:/Users/17175/Desktop/spek template/src/migration/translation/fsm/PerformanceMonitor.ts'
    Imported via '../../../utils/Logger' from file 'C:/Users/17175/Desktop/spek template/src/migration/translation/fsm/ConversionEngine.ts'
    Imported via '../../../utils/Logger' from file 'C:/Users/17175/Desktop/spek template/src/migration/translation/fsm/BatchProcessor.ts'
    Imported via '../utils/Logger' from file 'C:/Users/17175/Desktop/spek template/src/networking/RealWebSocketServer.ts'
    Imported via '../../utils/Logger' from file 'C:/Users/17175/Desktop/spek template/src/princesses/deployment/BlueGreenDeployment.ts'
    Imported via '../../utils/Logger' from file 'C:/Users/17175/Desktop/spek template/src/princesses/deployment/ContainerOrchestrator.ts'
    Imported via '../../utils/Logger' from file 'C:/Users/17175/Desktop/spek template/src/princesses/deployment/DeploymentPrincess.ts'
    Imported via '../../utils/logger' from file 'C:/Users/17175/Desktop/spek template/src/protocols/a2a/A2AProtocolEngine.ts'
    Imported via '../../utils/logger' from file 'C:/Users/17175/Desktop/spek template/src/protocols/a2a/MessageRouter.ts'
    Imported via '../../utils/logger' from file 'C:/Users/17175/Desktop/spek template/src/protocols/a2a/ProtocolRegistry.ts'
    Imported via '../../utils/logger' from file 'C:/Users/17175/Desktop/spek template/src/protocols/docs/A2ADocumentationGenerator.ts'
    Imported via '../../../utils/logger' from file 'C:/Users/17175/Desktop/spek template/src/protocols/docs/fsm/DocGeneratorTypes.ts'
    Imported via '../../../utils/logger' from file 'C:/Users/17175/Desktop/spek template/src/protocols/docs/metrics/DocGeneratorMetrics.ts'
    Imported via '../../utils/logger' from file 'C:/Users/17175/Desktop/spek template/src/protocols/mcp/MCPBridge.ts'
    Imported via '../../utils/logger' from file 'C:/Users/17175/Desktop/spek template/src/swarm/coordination/TaskDistributor.ts'
    Imported via '../../../utils/logger' from file 'C:/Users/17175/Desktop/spek template/src/swarm/memory/development/ContextDNA.ts'
    Imported via '../../../utils/logger' from file 'C:/Users/17175/Desktop/spek template/src/swarm/memory/development/VectorStore.ts'
    Imported via '../../utils/logger' from file 'C:/Users/17175/Desktop/spek template/src/swarm/orchestration/SwarmInitializer.ts'
    Imported via '../../utils/logger' from file 'C:/Users/17175/Desktop/spek template/src/swarm/orchestration/GodObjectOrchestrator.ts'
    Imported via '../../utils/logger' from file 'C:/Users/17175/Desktop/spek template/src/swarm/queen/ShardingCoordinator.ts'
    Imported via '../../../utils/Logger' from file 'C:/Users/17175/Desktop/spek template/src/swarm/validation/fsm/DomainBoundaryManager.ts'
    Imported via '../../../utils/Logger' from file 'C:/Users/17175/Desktop/spek template/src/swarm/validation/fsm/ExclusivityValidator.ts'
    Imported via '../../../utils/Logger' from file 'C:/Users/17175/Desktop/spek template/src/swarm/validation/fsm/HandoffCoordinator.ts'
    Imported via '../../../utils/Logger' from file 'C:/Users/17175/Desktop/spek template/src/swarm/validation/fsm/ValidationEngine.ts'
    Matched by include pattern 'src/**/*' in 'C:/Users/17175/Desktop/spek template/tsconfig.json'
src/swarm/memory/development/VectorStore.ts(31,14): error TS2415: Class 'VectorStore' incorrectly extends base class 'import("C:/Users/17175/Desktop/spek template/node_modules/@types/node/events.d.ts")<DefaultEventMap>'.
  Property 'logger' is private in type 'VectorStore' but not in type 'import("C:/Users/17175/Desktop/spek template/node_modules/@types/node/events.d.ts")<DefaultEventMap>'.
src/swarm/memory/quality/LangroidMemory.ts(5,15): error TS2307: Cannot find module './LangroidMemoryFacade' or its corresponding type declarations.
src/swarm/monitoring/SwarmMetricsCollector.ts(5,15): error TS2307: Cannot find module './SwarmMetricsCollectorFacade' or its corresponding type declarations.
src/swarm/orchestration/fsm/ExecutorBaseFSM.ts(51,9): error TS2353: Object literal may only specify known properties, and '[ExecutorState.IDLE]' does not exist in type 'FSMTransition[]'.
src/swarm/orchestration/fsm/ExecutorBaseFSM.ts(73,5): error TS2820: Type 'ExecutorState.IDLE' is not assignable to type 'FSMState'. Did you mean 'FSMState.IDLE'?
src/swarm/orchestration/GodObjectOrchestrator.ts(13,10): error TS2305: Module '"./ParallelPipelineManager"' has no exported member 'ParallelPipelineManager'.
src/swarm/orchestration/GodObjectOrchestrator.ts(14,10): error TS2305: Module '"./SwarmMonitor"' has no exported member 'SwarmMonitor'.
src/swarm/orchestration/GodObjectOrchestrator.ts(15,31): error TS1149: File name 'C:/Users/17175/Desktop/spek template/src/utils/logger.ts' differs from already included file name 'C:/Users/17175/Desktop/spek template/src/utils/Logger.ts' only in casing.
  The file is in the program because:
    Imported via '../utils/Logger' from file 'C:/Users/17175/Desktop/spek template/src/commands/init-swarm-hierarchy.ts'
    Imported via '../../../utils/logger' from file 'C:/Users/17175/Desktop/spek template/src/swarm/memory/development/LangroidMemory.ts'
    Imported via '../../utils/logger' from file 'C:/Users/17175/Desktop/spek template/src/swarm/queen/KingLogicAdapter.ts'
    Imported via '../../utils/Logger' from file 'C:/Users/17175/Desktop/spek template/src/github/api/GitHubAPIOptimizer.ts'
    Imported via '../../utils/Logger' from file 'C:/Users/17175/Desktop/spek template/src/github/api/GitHubAuthenticationManager.ts'
    Imported via '../../utils/Logger' from file 'C:/Users/17175/Desktop/spek template/src/github/integration/GitHubProjectManager.ts'
    Imported via '../../utils/Logger' from file 'C:/Users/17175/Desktop/spek template/src/github/integration/RealGitHubProjectManager.ts'
    Imported via '../../utils/Logger' from file 'C:/Users/17175/Desktop/spek template/src/github/integration/QueenGitHubOrchestrator.ts'
    Imported via '../../utils/Logger' from file 'C:/Users/17175/Desktop/spek template/src/github/integration/RepositoryCoordinator.ts'
    Imported via '../../utils/Logger' from file 'C:/Users/17175/Desktop/spek template/src/github/pr/PRLifecycleManager.ts'
    Imported via '../../utils/Logger' from file 'C:/Users/17175/Desktop/spek template/src/github/projects/ProjectBoardIntelligence.ts'
    Imported via '../../utils/Logger' from file 'C:/Users/17175/Desktop/spek template/src/github/repos/CrossRepoSynchronization.ts'
    Imported via '../../utils/Logger' from file 'C:/Users/17175/Desktop/spek template/src/github/workflows/ActionWorkflowBuilder.ts'
    Imported via '../utils/Logger' from file 'C:/Users/17175/Desktop/spek template/src/memory/RealLangroidMemory.ts'
    Imported via '../../utils/logger' from file 'C:/Users/17175/Desktop/spek template/src/memory/langroid/RealMemoryCompressor.ts'
    Imported via '../../utils/Logger' from file 'C:/Users/17175/Desktop/spek template/src/migration/core/ActivationEngine.ts'
    Imported via '../../../utils/Logger' from file 'C:/Users/17175/Desktop/spek template/src/migration/core/states/FallbackStateMachine.ts'
    Imported via '../../../utils/Logger' from file 'C:/Users/17175/Desktop/spek template/src/migration/core/core/TransitionHub.ts'
    Imported via '../../utils/Logger' from file 'C:/Users/17175/Desktop/spek template/src/migration/core/FallbackChainFacade.ts'
    Imported via '../../../utils/Logger' from file 'C:/Users/17175/Desktop/spek template/src/migration/core/builders/ChainBuilder.ts'
    Imported via '../../../utils/Logger' from file 'C:/Users/17175/Desktop/spek template/src/migration/core/monitoring/HealthMonitor.ts'
    Imported via '../../utils/Logger' from file 'C:/Users/17175/Desktop/spek template/src/migration/core/ProtocolRegistry.ts'
    Imported via '../../utils/Logger' from file 'C:/Users/17175/Desktop/spek template/src/migration/core/MigrationOrchestrator.ts'
    Imported via '../../../utils/Logger' from file 'C:/Users/17175/Desktop/spek template/src/migration/core/validators/ActivationValidator.ts'
    Imported via '../../utils/Logger' from file 'C:/Users/17175/Desktop/spek template/src/migration/fallback/FallbackProtocolManager.ts'
    Imported via '../../../utils/Logger' from file 'C:/Users/17175/Desktop/spek template/src/migration/fsm/states/CompletedState.ts'
    Imported via '../../../utils/Logger' from file 'C:/Users/17175/Desktop/spek template/src/migration/fsm/states/ExecutingPhaseState.ts'
    Imported via '../../../utils/Logger' from file 'C:/Users/17175/Desktop/spek template/src/migration/fsm/states/ExecutingStepState.ts'
    Imported via '../../../utils/Logger' from file 'C:/Users/17175/Desktop/spek template/src/migration/fsm/states/IdleState.ts'
    Imported via '../../../utils/Logger' from file 'C:/Users/17175/Desktop/spek template/src/migration/fsm/states/RollingBackState.ts'
    Imported via '../../../utils/Logger' from file 'C:/Users/17175/Desktop/spek template/src/migration/fsm/states/ValidatingStepState.ts'
    Imported via '../../../utils/Logger' from file 'C:/Users/17175/Desktop/spek template/src/migration/fsm/transitions/TransitionHub.ts'
    Imported via '../../utils/Logger' from file 'C:/Users/17175/Desktop/spek template/src/migration/orchestration/MigrationExecutor.ts'
    Imported via '../../../utils/Logger' from file 'C:/Users/17175/Desktop/spek template/src/migration/planning/dependencies/DependencyMapper.ts'
    Imported via '../../../utils/Logger' from file 'C:/Users/17175/Desktop/spek template/src/migration/planning/fsm/AnalysisStateMachine.ts'
    Imported via '../../../utils/Logger' from file 'C:/Users/17175/Desktop/spek template/src/migration/planning/fsm/AnalysisStateMachineRefactored.ts'
    Imported via '../../../../utils/Logger' from file 'C:/Users/17175/Desktop/spek template/src/migration/planning/fsm/core/TransitionHub.ts'
    Imported via '../../../../utils/Logger' from file 'C:/Users/17175/Desktop/spek template/src/migration/planning/fsm/core/BaseStateHandler.ts'
    Imported via '../../utils/Logger' from file 'C:/Users/17175/Desktop/spek template/src/migration/strategies/CanaryProtocolMigration.ts'
    Imported via '../../../utils/Logger' from file 'C:/Users/17175/Desktop/spek template/src/migration/strategies/canary/CanaryMigrationFacade.ts'
    Imported via '../../../utils/Logger' from file 'C:/Users/17175/Desktop/spek template/src/migration/strategies/canary/CanaryMigrationStateMachine.ts'
    Imported via '../../../../utils/Logger' from file 'C:/Users/17175/Desktop/spek template/src/migration/strategies/canary/handlers/CanaryDeploymentHandler.ts'
    Imported via '../../../../utils/Logger' from file 'C:/Users/17175/Desktop/spek template/src/migration/strategies/canary/handlers/CanaryTrafficHandler.ts'
    Imported via '../../../../utils/Logger' from file 'C:/Users/17175/Desktop/spek template/src/migration/strategies/canary/handlers/CanaryValidationHandler.ts'
    Imported via '../../../../utils/Logger' from file 'C:/Users/17175/Desktop/spek template/src/migration/strategies/canary/handlers/CanaryRollbackHandler.ts'
    Imported via '../../utils/Logger' from file 'C:/Users/17175/Desktop/spek template/src/migration/translation/ProtocolFacade.ts'
    Imported via '../../utils/Logger' from file 'C:/Users/17175/Desktop/spek template/src/migration/translation/ProtocolParser.ts'
    Imported via '../../utils/Logger' from file 'C:/Users/17175/Desktop/spek template/src/migration/translation/ProtocolSerializer.ts'
    Imported via '../../utils/Logger' from file 'C:/Users/17175/Desktop/spek template/src/migration/translation/ProtocolStateMachine.ts'
    Imported via '../../utils/Logger' from file 'C:/Users/17175/Desktop/spek template/src/migration/translation/ProtocolValidator.ts'
    Imported via '../../../utils/Logger' from file 'C:/Users/17175/Desktop/spek template/src/migration/translation/fsm/FormatRegistry.ts'
    Imported via '../../../utils/Logger' from file 'C:/Users/17175/Desktop/spek template/src/migration/translation/fsm/RuleProcessor.ts'
    Imported via '../../../utils/Logger' from file 'C:/Users/17175/Desktop/spek template/src/migration/translation/fsm/ValidationOrchestrator.ts'
    Imported via '../../../utils/Logger' from file 'C:/Users/17175/Desktop/spek template/src/migration/translation/fsm/PerformanceMonitor.ts'
    Imported via '../../../utils/Logger' from file 'C:/Users/17175/Desktop/spek template/src/migration/translation/fsm/ConversionEngine.ts'
    Imported via '../../../utils/Logger' from file 'C:/Users/17175/Desktop/spek template/src/migration/translation/fsm/BatchProcessor.ts'
    Imported via '../utils/Logger' from file 'C:/Users/17175/Desktop/spek template/src/networking/RealWebSocketServer.ts'
    Imported via '../../utils/Logger' from file 'C:/Users/17175/Desktop/spek template/src/princesses/deployment/BlueGreenDeployment.ts'
    Imported via '../../utils/Logger' from file 'C:/Users/17175/Desktop/spek template/src/princesses/deployment/ContainerOrchestrator.ts'
    Imported via '../../utils/Logger' from file 'C:/Users/17175/Desktop/spek template/src/princesses/deployment/DeploymentPrincess.ts'
    Imported via '../../utils/logger' from file 'C:/Users/17175/Desktop/spek template/src/protocols/a2a/A2AProtocolEngine.ts'
    Imported via '../../utils/logger' from file 'C:/Users/17175/Desktop/spek template/src/protocols/a2a/MessageRouter.ts'
    Imported via '../../utils/logger' from file 'C:/Users/17175/Desktop/spek template/src/protocols/a2a/ProtocolRegistry.ts'
    Imported via '../../utils/logger' from file 'C:/Users/17175/Desktop/spek template/src/protocols/docs/A2ADocumentationGenerator.ts'
    Imported via '../../../utils/logger' from file 'C:/Users/17175/Desktop/spek template/src/protocols/docs/fsm/DocGeneratorTypes.ts'
    Imported via '../../../utils/logger' from file 'C:/Users/17175/Desktop/spek template/src/protocols/docs/metrics/DocGeneratorMetrics.ts'
    Imported via '../../utils/logger' from file 'C:/Users/17175/Desktop/spek template/src/protocols/mcp/MCPBridge.ts'
    Imported via '../../utils/logger' from file 'C:/Users/17175/Desktop/spek template/src/swarm/coordination/TaskDistributor.ts'
    Imported via '../../../utils/logger' from file 'C:/Users/17175/Desktop/spek template/src/swarm/memory/development/ContextDNA.ts'
    Imported via '../../../utils/logger' from file 'C:/Users/17175/Desktop/spek template/src/swarm/memory/development/VectorStore.ts'
    Imported via '../../utils/logger' from file 'C:/Users/17175/Desktop/spek template/src/swarm/orchestration/SwarmInitializer.ts'
    Imported via '../../utils/logger' from file 'C:/Users/17175/Desktop/spek template/src/swarm/orchestration/GodObjectOrchestrator.ts'
    Imported via '../../utils/logger' from file 'C:/Users/17175/Desktop/spek template/src/swarm/queen/ShardingCoordinator.ts'
    Imported via '../../../utils/Logger' from file 'C:/Users/17175/Desktop/spek template/src/swarm/validation/fsm/DomainBoundaryManager.ts'
    Imported via '../../../utils/Logger' from file 'C:/Users/17175/Desktop/spek template/src/swarm/validation/fsm/ExclusivityValidator.ts'
    Imported via '../../../utils/Logger' from file 'C:/Users/17175/Desktop/spek template/src/swarm/validation/fsm/HandoffCoordinator.ts'
    Imported via '../../../utils/Logger' from file 'C:/Users/17175/Desktop/spek template/src/swarm/validation/fsm/ValidationEngine.ts'
    Matched by include pattern 'src/**/*' in 'C:/Users/17175/Desktop/spek template/tsconfig.json'
src/swarm/orchestration/GodObjectOrchestrator.ts(52,14): error TS2415: Class 'GodObjectOrchestrator' incorrectly extends base class 'import("C:/Users/17175/Desktop/spek template/node_modules/@types/node/events.d.ts")<DefaultEventMap>'.
  Property 'logger' is private in type 'GodObjectOrchestrator' but not in type 'import("C:/Users/17175/Desktop/spek template/node_modules/@types/node/events.d.ts")<DefaultEventMap>'.
src/swarm/orchestration/GodObjectOrchestrator.ts(86,7): error TS2322: Type 'string' is not assignable to type 'number'.
src/swarm/orchestration/GodObjectOrchestrator.ts(105,7): error TS2322: Type 'string' is not assignable to type 'number'.
src/swarm/orchestration/GodObjectOrchestrator.ts(117,7): error TS2322: Type 'string' is not assignable to type 'number'.
src/swarm/orchestration/GodObjectOrchestrator.ts(149,7): error TS2322: Type 'string' is not assignable to type 'number'.
src/swarm/orchestration/GodObjectOrchestrator.ts(164,7): error TS2322: Type 'string' is not assignable to type 'number'.
src/swarm/orchestration/GodObjectOrchestrator.ts(172,9): error TS2322: Type 'string' is not assignable to type 'number'.
src/swarm/orchestration/GodObjectOrchestrator.ts(219,7): error TS2322: Type 'string' is not assignable to type 'number'.
src/swarm/orchestration/GodObjectOrchestrator.ts(234,7): error TS2322: Type 'string' is not assignable to type 'number'.
src/swarm/orchestration/GodObjectOrchestrator.ts(242,9): error TS2322: Type 'string' is not assignable to type 'number'.
src/swarm/orchestration/GodObjectOrchestrator.ts(250,7): error TS2353: Object literal may only specify known properties, and 'phase' does not exist in type 'Partial<LogContext>'.
src/swarm/orchestration/GodObjectOrchestrator.ts(259,7): error TS2353: Object literal may only specify known properties, and 'phase' does not exist in type 'Partial<LogContext>'.
src/swarm/orchestration/GodObjectOrchestrator.ts(268,7): error TS2353: Object literal may only specify known properties, and 'phase' does not exist in type 'Partial<LogContext>'.
src/swarm/orchestration/GodObjectOrchestrator.ts(300,7): error TS2322: Type 'string' is not assignable to type 'number'.
src/swarm/orchestration/GodObjectOrchestrator.ts(319,7): error TS2322: Type 'string' is not assignable to type 'number'.
src/swarm/orchestration/GodObjectOrchestrator.ts(339,11): error TS2322: Type 'string' is not assignable to type 'number'.
src/swarm/orchestration/GodObjectOrchestrator.ts(353,7): error TS2322: Type 'string' is not assignable to type 'number'.
src/swarm/orchestration/GodObjectOrchestrator.ts(417,7): error TS2322: Type 'string' is not assignable to type 'number'.
src/swarm/orchestration/GodObjectOrchestrator.ts(425,7): error TS2322: Type 'string' is not assignable to type 'number'.
src/swarm/orchestration/index.ts(11,10): error TS2305: Module '"./WorkflowCore"' has no exported member 'default'.
src/swarm/orchestration/index.ts(12,10): error TS2305: Module '"./WorkflowValidator"' has no exported member 'default'.
src/swarm/orchestration/index.ts(13,10): error TS2305: Module '"./WorkflowExecutor"' has no exported member 'default'.
src/swarm/orchestration/index.ts(15,10): error TS2305: Module '"./WorkflowMonitor"' has no exported member 'default'.
src/swarm/orchestration/index.ts(16,10): error TS2305: Module '"./WorkflowStateMachine"' has no exported member 'default'.
src/swarm/orchestration/ParallelPipelineManager.ts(5,15): error TS2307: Cannot find module './ParallelPipelineManagerFacade' or its corresponding type declarations.
src/swarm/orchestration/RealGodObjectOrchestrator.ts(5,15): error TS2307: Cannot find module './RealGodObjectOrchestratorFacade' or its corresponding type declarations.
src/swarm/orchestration/SwarmInitializer.ts(17,10): error TS2305: Module '"../hierarchy/CoordinationPrincess"' has no exported member 'CoordinationPrincess'.
src/swarm/orchestration/SwarmInitializer.ts(19,31): error TS1149: File name 'C:/Users/17175/Desktop/spek template/src/utils/logger.ts' differs from already included file name 'C:/Users/17175/Desktop/spek template/src/utils/Logger.ts' only in casing.
  The file is in the program because:
    Imported via '../utils/Logger' from file 'C:/Users/17175/Desktop/spek template/src/commands/init-swarm-hierarchy.ts'
    Imported via '../../../utils/logger' from file 'C:/Users/17175/Desktop/spek template/src/swarm/memory/development/LangroidMemory.ts'
    Imported via '../../utils/logger' from file 'C:/Users/17175/Desktop/spek template/src/swarm/queen/KingLogicAdapter.ts'
    Imported via '../../utils/Logger' from file 'C:/Users/17175/Desktop/spek template/src/github/api/GitHubAPIOptimizer.ts'
    Imported via '../../utils/Logger' from file 'C:/Users/17175/Desktop/spek template/src/github/api/GitHubAuthenticationManager.ts'
    Imported via '../../utils/Logger' from file 'C:/Users/17175/Desktop/spek template/src/github/integration/GitHubProjectManager.ts'
    Imported via '../../utils/Logger' from file 'C:/Users/17175/Desktop/spek template/src/github/integration/RealGitHubProjectManager.ts'
    Imported via '../../utils/Logger' from file 'C:/Users/17175/Desktop/spek template/src/github/integration/QueenGitHubOrchestrator.ts'
    Imported via '../../utils/Logger' from file 'C:/Users/17175/Desktop/spek template/src/github/integration/RepositoryCoordinator.ts'
    Imported via '../../utils/Logger' from file 'C:/Users/17175/Desktop/spek template/src/github/pr/PRLifecycleManager.ts'
    Imported via '../../utils/Logger' from file 'C:/Users/17175/Desktop/spek template/src/github/projects/ProjectBoardIntelligence.ts'
    Imported via '../../utils/Logger' from file 'C:/Users/17175/Desktop/spek template/src/github/repos/CrossRepoSynchronization.ts'
    Imported via '../../utils/Logger' from file 'C:/Users/17175/Desktop/spek template/src/github/workflows/ActionWorkflowBuilder.ts'
    Imported via '../utils/Logger' from file 'C:/Users/17175/Desktop/spek template/src/memory/RealLangroidMemory.ts'
    Imported via '../../utils/logger' from file 'C:/Users/17175/Desktop/spek template/src/memory/langroid/RealMemoryCompressor.ts'
    Imported via '../../utils/Logger' from file 'C:/Users/17175/Desktop/spek template/src/migration/core/ActivationEngine.ts'
    Imported via '../../../utils/Logger' from file 'C:/Users/17175/Desktop/spek template/src/migration/core/states/FallbackStateMachine.ts'
    Imported via '../../../utils/Logger' from file 'C:/Users/17175/Desktop/spek template/src/migration/core/core/TransitionHub.ts'
    Imported via '../../utils/Logger' from file 'C:/Users/17175/Desktop/spek template/src/migration/core/FallbackChainFacade.ts'
    Imported via '../../../utils/Logger' from file 'C:/Users/17175/Desktop/spek template/src/migration/core/builders/ChainBuilder.ts'
    Imported via '../../../utils/Logger' from file 'C:/Users/17175/Desktop/spek template/src/migration/core/monitoring/HealthMonitor.ts'
    Imported via '../../utils/Logger' from file 'C:/Users/17175/Desktop/spek template/src/migration/core/ProtocolRegistry.ts'
    Imported via '../../utils/Logger' from file 'C:/Users/17175/Desktop/spek template/src/migration/core/MigrationOrchestrator.ts'
    Imported via '../../../utils/Logger' from file 'C:/Users/17175/Desktop/spek template/src/migration/core/validators/ActivationValidator.ts'
    Imported via '../../utils/Logger' from file 'C:/Users/17175/Desktop/spek template/src/migration/fallback/FallbackProtocolManager.ts'
    Imported via '../../../utils/Logger' from file 'C:/Users/17175/Desktop/spek template/src/migration/fsm/states/CompletedState.ts'
    Imported via '../../../utils/Logger' from file 'C:/Users/17175/Desktop/spek template/src/migration/fsm/states/ExecutingPhaseState.ts'
    Imported via '../../../utils/Logger' from file 'C:/Users/17175/Desktop/spek template/src/migration/fsm/states/ExecutingStepState.ts'
    Imported via '../../../utils/Logger' from file 'C:/Users/17175/Desktop/spek template/src/migration/fsm/states/IdleState.ts'
    Imported via '../../../utils/Logger' from file 'C:/Users/17175/Desktop/spek template/src/migration/fsm/states/RollingBackState.ts'
    Imported via '../../../utils/Logger' from file 'C:/Users/17175/Desktop/spek template/src/migration/fsm/states/ValidatingStepState.ts'
    Imported via '../../../utils/Logger' from file 'C:/Users/17175/Desktop/spek template/src/migration/fsm/transitions/TransitionHub.ts'
    Imported via '../../utils/Logger' from file 'C:/Users/17175/Desktop/spek template/src/migration/orchestration/MigrationExecutor.ts'
    Imported via '../../../utils/Logger' from file 'C:/Users/17175/Desktop/spek template/src/migration/planning/dependencies/DependencyMapper.ts'
    Imported via '../../../utils/Logger' from file 'C:/Users/17175/Desktop/spek template/src/migration/planning/fsm/AnalysisStateMachine.ts'
    Imported via '../../../utils/Logger' from file 'C:/Users/17175/Desktop/spek template/src/migration/planning/fsm/AnalysisStateMachineRefactored.ts'
    Imported via '../../../../utils/Logger' from file 'C:/Users/17175/Desktop/spek template/src/migration/planning/fsm/core/TransitionHub.ts'
    Imported via '../../../../utils/Logger' from file 'C:/Users/17175/Desktop/spek template/src/migration/planning/fsm/core/BaseStateHandler.ts'
    Imported via '../../utils/Logger' from file 'C:/Users/17175/Desktop/spek template/src/migration/strategies/CanaryProtocolMigration.ts'
    Imported via '../../../utils/Logger' from file 'C:/Users/17175/Desktop/spek template/src/migration/strategies/canary/CanaryMigrationFacade.ts'
    Imported via '../../../utils/Logger' from file 'C:/Users/17175/Desktop/spek template/src/migration/strategies/canary/CanaryMigrationStateMachine.ts'
    Imported via '../../../../utils/Logger' from file 'C:/Users/17175/Desktop/spek template/src/migration/strategies/canary/handlers/CanaryDeploymentHandler.ts'
    Imported via '../../../../utils/Logger' from file 'C:/Users/17175/Desktop/spek template/src/migration/strategies/canary/handlers/CanaryTrafficHandler.ts'
    Imported via '../../../../utils/Logger' from file 'C:/Users/17175/Desktop/spek template/src/migration/strategies/canary/handlers/CanaryValidationHandler.ts'
    Imported via '../../../../utils/Logger' from file 'C:/Users/17175/Desktop/spek template/src/migration/strategies/canary/handlers/CanaryRollbackHandler.ts'
    Imported via '../../utils/Logger' from file 'C:/Users/17175/Desktop/spek template/src/migration/translation/ProtocolFacade.ts'
    Imported via '../../utils/Logger' from file 'C:/Users/17175/Desktop/spek template/src/migration/translation/ProtocolParser.ts'
    Imported via '../../utils/Logger' from file 'C:/Users/17175/Desktop/spek template/src/migration/translation/ProtocolSerializer.ts'
    Imported via '../../utils/Logger' from file 'C:/Users/17175/Desktop/spek template/src/migration/translation/ProtocolStateMachine.ts'
    Imported via '../../utils/Logger' from file 'C:/Users/17175/Desktop/spek template/src/migration/translation/ProtocolValidator.ts'
    Imported via '../../../utils/Logger' from file 'C:/Users/17175/Desktop/spek template/src/migration/translation/fsm/FormatRegistry.ts'
    Imported via '../../../utils/Logger' from file 'C:/Users/17175/Desktop/spek template/src/migration/translation/fsm/RuleProcessor.ts'
    Imported via '../../../utils/Logger' from file 'C:/Users/17175/Desktop/spek template/src/migration/translation/fsm/ValidationOrchestrator.ts'
    Imported via '../../../utils/Logger' from file 'C:/Users/17175/Desktop/spek template/src/migration/translation/fsm/PerformanceMonitor.ts'
    Imported via '../../../utils/Logger' from file 'C:/Users/17175/Desktop/spek template/src/migration/translation/fsm/ConversionEngine.ts'
    Imported via '../../../utils/Logger' from file 'C:/Users/17175/Desktop/spek template/src/migration/translation/fsm/BatchProcessor.ts'
    Imported via '../utils/Logger' from file 'C:/Users/17175/Desktop/spek template/src/networking/RealWebSocketServer.ts'
    Imported via '../../utils/Logger' from file 'C:/Users/17175/Desktop/spek template/src/princesses/deployment/BlueGreenDeployment.ts'
    Imported via '../../utils/Logger' from file 'C:/Users/17175/Desktop/spek template/src/princesses/deployment/ContainerOrchestrator.ts'
    Imported via '../../utils/Logger' from file 'C:/Users/17175/Desktop/spek template/src/princesses/deployment/DeploymentPrincess.ts'
    Imported via '../../utils/logger' from file 'C:/Users/17175/Desktop/spek template/src/protocols/a2a/A2AProtocolEngine.ts'
    Imported via '../../utils/logger' from file 'C:/Users/17175/Desktop/spek template/src/protocols/a2a/MessageRouter.ts'
    Imported via '../../utils/logger' from file 'C:/Users/17175/Desktop/spek template/src/protocols/a2a/ProtocolRegistry.ts'
    Imported via '../../utils/logger' from file 'C:/Users/17175/Desktop/spek template/src/protocols/docs/A2ADocumentationGenerator.ts'
    Imported via '../../../utils/logger' from file 'C:/Users/17175/Desktop/spek template/src/protocols/docs/fsm/DocGeneratorTypes.ts'
    Imported via '../../../utils/logger' from file 'C:/Users/17175/Desktop/spek template/src/protocols/docs/metrics/DocGeneratorMetrics.ts'
    Imported via '../../utils/logger' from file 'C:/Users/17175/Desktop/spek template/src/protocols/mcp/MCPBridge.ts'
    Imported via '../../utils/logger' from file 'C:/Users/17175/Desktop/spek template/src/swarm/coordination/TaskDistributor.ts'
    Imported via '../../../utils/logger' from file 'C:/Users/17175/Desktop/spek template/src/swarm/memory/development/ContextDNA.ts'
    Imported via '../../../utils/logger' from file 'C:/Users/17175/Desktop/spek template/src/swarm/memory/development/VectorStore.ts'
    Imported via '../../utils/logger' from file 'C:/Users/17175/Desktop/spek template/src/swarm/orchestration/SwarmInitializer.ts'
    Imported via '../../utils/logger' from file 'C:/Users/17175/Desktop/spek template/src/swarm/orchestration/GodObjectOrchestrator.ts'
    Imported via '../../utils/logger' from file 'C:/Users/17175/Desktop/spek template/src/swarm/queen/ShardingCoordinator.ts'
    Imported via '../../../utils/Logger' from file 'C:/Users/17175/Desktop/spek template/src/swarm/validation/fsm/DomainBoundaryManager.ts'
    Imported via '../../../utils/Logger' from file 'C:/Users/17175/Desktop/spek template/src/swarm/validation/fsm/ExclusivityValidator.ts'
    Imported via '../../../utils/Logger' from file 'C:/Users/17175/Desktop/spek template/src/swarm/validation/fsm/HandoffCoordinator.ts'
    Imported via '../../../utils/Logger' from file 'C:/Users/17175/Desktop/spek template/src/swarm/validation/fsm/ValidationEngine.ts'
    Matched by include pattern 'src/**/*' in 'C:/Users/17175/Desktop/spek template/tsconfig.json'
src/swarm/orchestration/SwarmInitializer.ts(42,14): error TS2415: Class 'SwarmInitializer' incorrectly extends base class 'import("C:/Users/17175/Desktop/spek template/node_modules/@types/node/events.d.ts")<DefaultEventMap>'.
  Property 'logger' is private in type 'SwarmInitializer' but not in type 'import("C:/Users/17175/Desktop/spek template/node_modules/@types/node/events.d.ts")<DefaultEventMap>'.
src/swarm/orchestration/SwarmInitializer.ts(48,31): error TS2737: BigInt literals are not available when targeting lower than ES2020.
src/swarm/orchestration/SwarmInitializer.ts(99,17): error TS2339: Property 'performance' does not exist on type 'Logger'.
src/swarm/orchestration/SwarmInitializer.ts(111,11): error TS2722: Cannot invoke an object which is possibly 'undefined'.
src/swarm/orchestration/SwarmInitializer.ts(221,11): error TS2722: Cannot invoke an object which is possibly 'undefined'.
src/swarm/orchestration/SwarmInitializer.ts(221,48): error TS2554: Expected 0 arguments, but got 1.
src/swarm/orchestration/SwarmInitializer.ts(409,19): error TS2339: Property 'performance' does not exist on type 'Logger'.
src/swarm/orchestration/SwarmMonitor.ts(5,15): error TS2307: Cannot find module './SwarmMonitorFacade' or its corresponding type declarations.
src/swarm/orchestration/WorkflowCore.ts(5,15): error TS2307: Cannot find module './WorkflowCoreFacade' or its corresponding type declarations.
src/swarm/orchestration/WorkflowExecutorFacade.ts(21,41): error TS2355: A function whose declared type is neither 'undefined', 'void', nor 'any' must return a value.
src/swarm/orchestration/WorkflowExecutorFSM.ts(9,10): error TS2305: Module '"../../orchestration/agents/components/AgentFSMFacade"' has no exported member 'AgentFSMFacade'.
src/swarm/orchestration/WorkflowExecutorFSM.ts(221,50): error TS7006: Parameter 'agent' implicitly has an 'any' type.
src/swarm/orchestration/WorkflowExecutorFSM.ts(408,43): error TS7006: Parameter 'data' implicitly has an 'any' type.
src/swarm/orchestration/WorkflowExecutorFSM.ts(412,46): error TS7006: Parameter 'data' implicitly has an 'any' type.
src/swarm/orchestration/WorkflowFacade.ts(10,10): error TS2724: '"../communication/PrincessCommunicationProtocol"' has no exported member named 'PrincessCommunicationProtocol'. Did you mean 'PrincessCommunicationProtocolFacade'?
src/swarm/orchestration/WorkflowFacade.ts(16,8): error TS1192: Module '"C:/Users/17175/Desktop/spek template/src/swarm/orchestration/WorkflowCore"' has no default export.
src/swarm/orchestration/WorkflowFacade.ts(17,8): error TS1192: Module '"C:/Users/17175/Desktop/spek template/src/swarm/orchestration/WorkflowValidator"' has no default export.
src/swarm/orchestration/WorkflowFacade.ts(18,8): error TS1192: Module '"C:/Users/17175/Desktop/spek template/src/swarm/orchestration/WorkflowExecutor"' has no default export.
src/swarm/orchestration/WorkflowFacade.ts(20,8): error TS1192: Module '"C:/Users/17175/Desktop/spek template/src/swarm/orchestration/WorkflowMonitor"' has no default export.
src/swarm/orchestration/WorkflowFacade.ts(21,8): error TS1192: Module '"C:/Users/17175/Desktop/spek template/src/swarm/orchestration/WorkflowStateMachine"' has no default export.
src/swarm/orchestration/WorkflowFacade.ts(42,14): error TS2415: Class 'WorkflowOrchestrator' incorrectly extends base class 'import("C:/Users/17175/Desktop/spek template/node_modules/@types/node/events.d.ts")<DefaultEventMap>'.
  Property 'logger' is private in type 'WorkflowOrchestrator' but not in type 'import("C:/Users/17175/Desktop/spek template/node_modules/@types/node/events.d.ts")<DefaultEventMap>'.
src/swarm/orchestration/WorkflowFacade.ts(46,11): error TS2564: Property 'scheduler' has no initializer and is not definitely assigned in the constructor.
src/swarm/orchestration/WorkflowFacade.ts(49,11): error TS2564: Property 'logger' has no initializer and is not definitely assigned in the constructor.
src/swarm/orchestration/WorkflowFacade.ts(96,25): error TS2565: Property 'logger' is used before being assigned.
src/swarm/orchestration/WorkflowFacade.ts(188,41): error TS7006: Parameter 'data' implicitly has an 'any' type.
src/swarm/orchestration/WorkflowFacade.ts(189,41): error TS7006: Parameter 'data' implicitly has an 'any' type.
src/swarm/orchestration/WorkflowFacade.ts(190,45): error TS7006: Parameter 'data' implicitly has an 'any' type.
src/swarm/orchestration/WorkflowFacade.ts(193,51): error TS7006: Parameter 'data' implicitly has an 'any' type.
src/swarm/orchestration/WorkflowFacade.ts(194,47): error TS7006: Parameter 'data' implicitly has an 'any' type.
src/swarm/orchestration/WorkflowFacade.ts(195,47): error TS7006: Parameter 'data' implicitly has an 'any' type.
src/swarm/orchestration/WorkflowFacade.ts(198,42): error TS7006: Parameter 'data' implicitly has an 'any' type.
src/swarm/orchestration/WorkflowFacade.ts(199,39): error TS7006: Parameter 'data' implicitly has an 'any' type.
src/swarm/orchestration/WorkflowFacade.ts(200,48): error TS7006: Parameter 'data' implicitly has an 'any' type.
src/swarm/orchestration/WorkflowFacade.ts(203,39): error TS7006: Parameter 'data' implicitly has an 'any' type.
src/swarm/orchestration/WorkflowFacade.ts(204,50): error TS7006: Parameter 'data' implicitly has an 'any' type.
src/swarm/orchestration/WorkflowFacade.ts(205,50): error TS7006: Parameter 'data' implicitly has an 'any' type.
src/swarm/orchestration/WorkflowMonitor.ts(5,15): error TS2307: Cannot find module './WorkflowMonitorFacade' or its corresponding type declarations.
src/swarm/orchestration/WorkflowScheduler.ts(37,14): error TS2415: Class 'WorkflowScheduler' incorrectly extends base class 'import("C:/Users/17175/Desktop/spek template/node_modules/@types/node/events.d.ts")<DefaultEventMap>'.
  Property 'logger' is private in type 'WorkflowScheduler' but not in type 'import("C:/Users/17175/Desktop/spek template/node_modules/@types/node/events.d.ts")<DefaultEventMap>'.
src/swarm/orchestration/WorkflowStateMachine.ts(5,15): error TS2307: Cannot find module './WorkflowStateMachineFacade' or its corresponding type declarations.
src/swarm/orchestration/WorkflowTypes.ts(7,25): error TS2614: Module '"../workflow/StageProgressionValidator"' has no exported member 'StageExecution'. Did you mean to use 'import StageExecution from "../workflow/StageProgressionValidator"' instead?
src/swarm/orchestration/WorkflowValidator.ts(5,15): error TS2307: Cannot find module './WorkflowValidatorFacade' or its corresponding type declarations.
src/swarm/pool/test/PoolSystemTest.ts(26,11): error TS2722: Cannot invoke an object which is possibly 'undefined'.
src/swarm/queen/KingLogicAdapter.ts(8,24): error TS1149: File name 'C:/Users/17175/Desktop/spek template/src/utils/logger.ts' differs from already included file name 'C:/Users/17175/Desktop/spek template/src/utils/Logger.ts' only in casing.
  The file is in the program because:
    Imported via '../utils/Logger' from file 'C:/Users/17175/Desktop/spek template/src/commands/init-swarm-hierarchy.ts'
    Imported via '../../../utils/logger' from file 'C:/Users/17175/Desktop/spek template/src/swarm/memory/development/LangroidMemory.ts'
    Imported via '../../utils/logger' from file 'C:/Users/17175/Desktop/spek template/src/swarm/queen/KingLogicAdapter.ts'
    Imported via '../../utils/Logger' from file 'C:/Users/17175/Desktop/spek template/src/github/api/GitHubAPIOptimizer.ts'
    Imported via '../../utils/Logger' from file 'C:/Users/17175/Desktop/spek template/src/github/api/GitHubAuthenticationManager.ts'
    Imported via '../../utils/Logger' from file 'C:/Users/17175/Desktop/spek template/src/github/integration/GitHubProjectManager.ts'
    Imported via '../../utils/Logger' from file 'C:/Users/17175/Desktop/spek template/src/github/integration/RealGitHubProjectManager.ts'
    Imported via '../../utils/Logger' from file 'C:/Users/17175/Desktop/spek template/src/github/integration/QueenGitHubOrchestrator.ts'
    Imported via '../../utils/Logger' from file 'C:/Users/17175/Desktop/spek template/src/github/integration/RepositoryCoordinator.ts'
    Imported via '../../utils/Logger' from file 'C:/Users/17175/Desktop/spek template/src/github/pr/PRLifecycleManager.ts'
    Imported via '../../utils/Logger' from file 'C:/Users/17175/Desktop/spek template/src/github/projects/ProjectBoardIntelligence.ts'
    Imported via '../../utils/Logger' from file 'C:/Users/17175/Desktop/spek template/src/github/repos/CrossRepoSynchronization.ts'
    Imported via '../../utils/Logger' from file 'C:/Users/17175/Desktop/spek template/src/github/workflows/ActionWorkflowBuilder.ts'
    Imported via '../utils/Logger' from file 'C:/Users/17175/Desktop/spek template/src/memory/RealLangroidMemory.ts'
    Imported via '../../utils/logger' from file 'C:/Users/17175/Desktop/spek template/src/memory/langroid/RealMemoryCompressor.ts'
    Imported via '../../utils/Logger' from file 'C:/Users/17175/Desktop/spek template/src/migration/core/ActivationEngine.ts'
    Imported via '../../../utils/Logger' from file 'C:/Users/17175/Desktop/spek template/src/migration/core/states/FallbackStateMachine.ts'
    Imported via '../../../utils/Logger' from file 'C:/Users/17175/Desktop/spek template/src/migration/core/core/TransitionHub.ts'
    Imported via '../../utils/Logger' from file 'C:/Users/17175/Desktop/spek template/src/migration/core/FallbackChainFacade.ts'
    Imported via '../../../utils/Logger' from file 'C:/Users/17175/Desktop/spek template/src/migration/core/builders/ChainBuilder.ts'
    Imported via '../../../utils/Logger' from file 'C:/Users/17175/Desktop/spek template/src/migration/core/monitoring/HealthMonitor.ts'
    Imported via '../../utils/Logger' from file 'C:/Users/17175/Desktop/spek template/src/migration/core/ProtocolRegistry.ts'
    Imported via '../../utils/Logger' from file 'C:/Users/17175/Desktop/spek template/src/migration/core/MigrationOrchestrator.ts'
    Imported via '../../../utils/Logger' from file 'C:/Users/17175/Desktop/spek template/src/migration/core/validators/ActivationValidator.ts'
    Imported via '../../utils/Logger' from file 'C:/Users/17175/Desktop/spek template/src/migration/fallback/FallbackProtocolManager.ts'
    Imported via '../../../utils/Logger' from file 'C:/Users/17175/Desktop/spek template/src/migration/fsm/states/CompletedState.ts'
    Imported via '../../../utils/Logger' from file 'C:/Users/17175/Desktop/spek template/src/migration/fsm/states/ExecutingPhaseState.ts'
    Imported via '../../../utils/Logger' from file 'C:/Users/17175/Desktop/spek template/src/migration/fsm/states/ExecutingStepState.ts'
    Imported via '../../../utils/Logger' from file 'C:/Users/17175/Desktop/spek template/src/migration/fsm/states/IdleState.ts'
    Imported via '../../../utils/Logger' from file 'C:/Users/17175/Desktop/spek template/src/migration/fsm/states/RollingBackState.ts'
    Imported via '../../../utils/Logger' from file 'C:/Users/17175/Desktop/spek template/src/migration/fsm/states/ValidatingStepState.ts'
    Imported via '../../../utils/Logger' from file 'C:/Users/17175/Desktop/spek template/src/migration/fsm/transitions/TransitionHub.ts'
    Imported via '../../utils/Logger' from file 'C:/Users/17175/Desktop/spek template/src/migration/orchestration/MigrationExecutor.ts'
    Imported via '../../../utils/Logger' from file 'C:/Users/17175/Desktop/spek template/src/migration/planning/dependencies/DependencyMapper.ts'
    Imported via '../../../utils/Logger' from file 'C:/Users/17175/Desktop/spek template/src/migration/planning/fsm/AnalysisStateMachine.ts'
    Imported via '../../../utils/Logger' from file 'C:/Users/17175/Desktop/spek template/src/migration/planning/fsm/AnalysisStateMachineRefactored.ts'
    Imported via '../../../../utils/Logger' from file 'C:/Users/17175/Desktop/spek template/src/migration/planning/fsm/core/TransitionHub.ts'
    Imported via '../../../../utils/Logger' from file 'C:/Users/17175/Desktop/spek template/src/migration/planning/fsm/core/BaseStateHandler.ts'
    Imported via '../../utils/Logger' from file 'C:/Users/17175/Desktop/spek template/src/migration/strategies/CanaryProtocolMigration.ts'
    Imported via '../../../utils/Logger' from file 'C:/Users/17175/Desktop/spek template/src/migration/strategies/canary/CanaryMigrationFacade.ts'
    Imported via '../../../utils/Logger' from file 'C:/Users/17175/Desktop/spek template/src/migration/strategies/canary/CanaryMigrationStateMachine.ts'
    Imported via '../../../../utils/Logger' from file 'C:/Users/17175/Desktop/spek template/src/migration/strategies/canary/handlers/CanaryDeploymentHandler.ts'
    Imported via '../../../../utils/Logger' from file 'C:/Users/17175/Desktop/spek template/src/migration/strategies/canary/handlers/CanaryTrafficHandler.ts'
    Imported via '../../../../utils/Logger' from file 'C:/Users/17175/Desktop/spek template/src/migration/strategies/canary/handlers/CanaryValidationHandler.ts'
    Imported via '../../../../utils/Logger' from file 'C:/Users/17175/Desktop/spek template/src/migration/strategies/canary/handlers/CanaryRollbackHandler.ts'
    Imported via '../../utils/Logger' from file 'C:/Users/17175/Desktop/spek template/src/migration/translation/ProtocolFacade.ts'
    Imported via '../../utils/Logger' from file 'C:/Users/17175/Desktop/spek template/src/migration/translation/ProtocolParser.ts'
    Imported via '../../utils/Logger' from file 'C:/Users/17175/Desktop/spek template/src/migration/translation/ProtocolSerializer.ts'
    Imported via '../../utils/Logger' from file 'C:/Users/17175/Desktop/spek template/src/migration/translation/ProtocolStateMachine.ts'
    Imported via '../../utils/Logger' from file 'C:/Users/17175/Desktop/spek template/src/migration/translation/ProtocolValidator.ts'
    Imported via '../../../utils/Logger' from file 'C:/Users/17175/Desktop/spek template/src/migration/translation/fsm/FormatRegistry.ts'
    Imported via '../../../utils/Logger' from file 'C:/Users/17175/Desktop/spek template/src/migration/translation/fsm/RuleProcessor.ts'
    Imported via '../../../utils/Logger' from file 'C:/Users/17175/Desktop/spek template/src/migration/translation/fsm/ValidationOrchestrator.ts'
    Imported via '../../../utils/Logger' from file 'C:/Users/17175/Desktop/spek template/src/migration/translation/fsm/PerformanceMonitor.ts'
    Imported via '../../../utils/Logger' from file 'C:/Users/17175/Desktop/spek template/src/migration/translation/fsm/ConversionEngine.ts'
    Imported via '../../../utils/Logger' from file 'C:/Users/17175/Desktop/spek template/src/migration/translation/fsm/BatchProcessor.ts'
    Imported via '../utils/Logger' from file 'C:/Users/17175/Desktop/spek template/src/networking/RealWebSocketServer.ts'
    Imported via '../../utils/Logger' from file 'C:/Users/17175/Desktop/spek template/src/princesses/deployment/BlueGreenDeployment.ts'
    Imported via '../../utils/Logger' from file 'C:/Users/17175/Desktop/spek template/src/princesses/deployment/ContainerOrchestrator.ts'
    Imported via '../../utils/Logger' from file 'C:/Users/17175/Desktop/spek template/src/princesses/deployment/DeploymentPrincess.ts'
    Imported via '../../utils/logger' from file 'C:/Users/17175/Desktop/spek template/src/protocols/a2a/A2AProtocolEngine.ts'
    Imported via '../../utils/logger' from file 'C:/Users/17175/Desktop/spek template/src/protocols/a2a/MessageRouter.ts'
    Imported via '../../utils/logger' from file 'C:/Users/17175/Desktop/spek template/src/protocols/a2a/ProtocolRegistry.ts'
    Imported via '../../utils/logger' from file 'C:/Users/17175/Desktop/spek template/src/protocols/docs/A2ADocumentationGenerator.ts'
    Imported via '../../../utils/logger' from file 'C:/Users/17175/Desktop/spek template/src/protocols/docs/fsm/DocGeneratorTypes.ts'
    Imported via '../../../utils/logger' from file 'C:/Users/17175/Desktop/spek template/src/protocols/docs/metrics/DocGeneratorMetrics.ts'
    Imported via '../../utils/logger' from file 'C:/Users/17175/Desktop/spek template/src/protocols/mcp/MCPBridge.ts'
    Imported via '../../utils/logger' from file 'C:/Users/17175/Desktop/spek template/src/swarm/coordination/TaskDistributor.ts'
    Imported via '../../../utils/logger' from file 'C:/Users/17175/Desktop/spek template/src/swarm/memory/development/ContextDNA.ts'
    Imported via '../../../utils/logger' from file 'C:/Users/17175/Desktop/spek template/src/swarm/memory/development/VectorStore.ts'
    Imported via '../../utils/logger' from file 'C:/Users/17175/Desktop/spek template/src/swarm/orchestration/SwarmInitializer.ts'
    Imported via '../../utils/logger' from file 'C:/Users/17175/Desktop/spek template/src/swarm/orchestration/GodObjectOrchestrator.ts'
    Imported via '../../utils/logger' from file 'C:/Users/17175/Desktop/spek template/src/swarm/queen/ShardingCoordinator.ts'
    Imported via '../../../utils/Logger' from file 'C:/Users/17175/Desktop/spek template/src/swarm/validation/fsm/DomainBoundaryManager.ts'
    Imported via '../../../utils/Logger' from file 'C:/Users/17175/Desktop/spek template/src/swarm/validation/fsm/ExclusivityValidator.ts'
    Imported via '../../../utils/Logger' from file 'C:/Users/17175/Desktop/spek template/src/swarm/validation/fsm/HandoffCoordinator.ts'
    Imported via '../../../utils/Logger' from file 'C:/Users/17175/Desktop/spek template/src/swarm/validation/fsm/ValidationEngine.ts'
    Matched by include pattern 'src/**/*' in 'C:/Users/17175/Desktop/spek template/tsconfig.json'
src/swarm/queen/KingLogicAdapter.ts(50,14): error TS2415: Class 'KingLogicAdapter' incorrectly extends base class 'import("C:/Users/17175/Desktop/spek template/node_modules/@types/node/events.d.ts")<DefaultEventMap>'.
  Property 'logger' is private in type 'KingLogicAdapter' but not in type 'import("C:/Users/17175/Desktop/spek template/node_modules/@types/node/events.d.ts")<DefaultEventMap>'.
src/swarm/queen/KingLogicAdapter.ts(322,51): error TS2559: Type '{ valid: boolean; overlaps: string[]; gaps: string[]; }' has no properties in common with type 'Partial<LogContext>'.
src/swarm/queen/KingLogicAdapter.ts(338,64): error TS2559: Type 'KingMetaLogic' has no properties in common with type 'Partial<LogContext>'.
src/swarm/queen/MECEDistributor.ts(5,15): error TS2307: Cannot find module './MECEDistributorFacade' or its corresponding type declarations.
src/swarm/queen/QueenCommunicationHub.ts(5,15): error TS2307: Cannot find module './QueenCommunicationHubFacade' or its corresponding type declarations.
src/swarm/queen/QueenDecisionEngine-fsm/QueenDecisionEngineCore.ts(5,15): error TS2307: Cannot find module './QueenDecisionEngineCoreFacade' or its corresponding type declarations.
src/swarm/queen/QueenDecisionEngine-fsm/QueenDecisionEngineFacade.ts(4,10): error TS2305: Module '"./QueenDecisionEngineCore"' has no exported member 'QueenDecisionEngineCore'.
src/swarm/queen/QueenDecisionEngine-fsm/QueenDecisionEngineFacade.ts(18,29): error TS2345: Argument of type '"START"' is not assignable to parameter of type 'QueenDecisionEngineEvents'.
src/swarm/queen/QueenDecisionEngine-fsm/QueenDecisionEngineFacade.ts(20,29): error TS2345: Argument of type '"COMPLETE"' is not assignable to parameter of type 'QueenDecisionEngineEvents'.
src/swarm/queen/QueenDecisionEngine-fsm/QueenDecisionEngineTypes.ts(5,16): error TS2304: Cannot find name 'Task'.
src/swarm/queen/QueenDecisionEngine-fsm/QueenDecisionEngineTypes.ts(8,24): error TS2304: Cannot find name 'MemoryStatus'.
src/swarm/queen/QueenDecisionEngine-fsm/QueenDecisionEngineTypes.ts(9,27): error TS2304: Cannot find name 'HistoricalData'.
src/swarm/queen/QueenDecisionEngine-fsm/QueenDecisionEngineTypes.ts(17,20): error TS2304: Cannot find name 'DecisionMetadata'.
src/swarm/queen/QueenMemoryCoordinator.ts(5,15): error TS2307: Cannot find module './QueenMemoryCoordinatorFacade' or its corresponding type declarations.
src/swarm/queen/QueenOrchestrator.ts(5,15): error TS2307: Cannot find module './QueenOrchestratorFacade' or its corresponding type declarations.
src/swarm/queen/ShardingCoordinator.ts(7,24): error TS1149: File name 'C:/Users/17175/Desktop/spek template/src/utils/logger.ts' differs from already included file name 'C:/Users/17175/Desktop/spek template/src/utils/Logger.ts' only in casing.
  The file is in the program because:
    Imported via '../utils/Logger' from file 'C:/Users/17175/Desktop/spek template/src/commands/init-swarm-hierarchy.ts'
    Imported via '../../../utils/logger' from file 'C:/Users/17175/Desktop/spek template/src/swarm/memory/development/LangroidMemory.ts'
    Imported via '../../utils/logger' from file 'C:/Users/17175/Desktop/spek template/src/swarm/queen/KingLogicAdapter.ts'
    Imported via '../../utils/Logger' from file 'C:/Users/17175/Desktop/spek template/src/github/api/GitHubAPIOptimizer.ts'
    Imported via '../../utils/Logger' from file 'C:/Users/17175/Desktop/spek template/src/github/api/GitHubAuthenticationManager.ts'
    Imported via '../../utils/Logger' from file 'C:/Users/17175/Desktop/spek template/src/github/integration/GitHubProjectManager.ts'
    Imported via '../../utils/Logger' from file 'C:/Users/17175/Desktop/spek template/src/github/integration/RealGitHubProjectManager.ts'
    Imported via '../../utils/Logger' from file 'C:/Users/17175/Desktop/spek template/src/github/integration/QueenGitHubOrchestrator.ts'
    Imported via '../../utils/Logger' from file 'C:/Users/17175/Desktop/spek template/src/github/integration/RepositoryCoordinator.ts'
    Imported via '../../utils/Logger' from file 'C:/Users/17175/Desktop/spek template/src/github/pr/PRLifecycleManager.ts'
    Imported via '../../utils/Logger' from file 'C:/Users/17175/Desktop/spek template/src/github/projects/ProjectBoardIntelligence.ts'
    Imported via '../../utils/Logger' from file 'C:/Users/17175/Desktop/spek template/src/github/repos/CrossRepoSynchronization.ts'
    Imported via '../../utils/Logger' from file 'C:/Users/17175/Desktop/spek template/src/github/workflows/ActionWorkflowBuilder.ts'
    Imported via '../utils/Logger' from file 'C:/Users/17175/Desktop/spek template/src/memory/RealLangroidMemory.ts'
    Imported via '../../utils/logger' from file 'C:/Users/17175/Desktop/spek template/src/memory/langroid/RealMemoryCompressor.ts'
    Imported via '../../utils/Logger' from file 'C:/Users/17175/Desktop/spek template/src/migration/core/ActivationEngine.ts'
    Imported via '../../../utils/Logger' from file 'C:/Users/17175/Desktop/spek template/src/migration/core/states/FallbackStateMachine.ts'
    Imported via '../../../utils/Logger' from file 'C:/Users/17175/Desktop/spek template/src/migration/core/core/TransitionHub.ts'
    Imported via '../../utils/Logger' from file 'C:/Users/17175/Desktop/spek template/src/migration/core/FallbackChainFacade.ts'
    Imported via '../../../utils/Logger' from file 'C:/Users/17175/Desktop/spek template/src/migration/core/builders/ChainBuilder.ts'
    Imported via '../../../utils/Logger' from file 'C:/Users/17175/Desktop/spek template/src/migration/core/monitoring/HealthMonitor.ts'
    Imported via '../../utils/Logger' from file 'C:/Users/17175/Desktop/spek template/src/migration/core/ProtocolRegistry.ts'
    Imported via '../../utils/Logger' from file 'C:/Users/17175/Desktop/spek template/src/migration/core/MigrationOrchestrator.ts'
    Imported via '../../../utils/Logger' from file 'C:/Users/17175/Desktop/spek template/src/migration/core/validators/ActivationValidator.ts'
    Imported via '../../utils/Logger' from file 'C:/Users/17175/Desktop/spek template/src/migration/fallback/FallbackProtocolManager.ts'
    Imported via '../../../utils/Logger' from file 'C:/Users/17175/Desktop/spek template/src/migration/fsm/states/CompletedState.ts'
    Imported via '../../../utils/Logger' from file 'C:/Users/17175/Desktop/spek template/src/migration/fsm/states/ExecutingPhaseState.ts'
    Imported via '../../../utils/Logger' from file 'C:/Users/17175/Desktop/spek template/src/migration/fsm/states/ExecutingStepState.ts'
    Imported via '../../../utils/Logger' from file 'C:/Users/17175/Desktop/spek template/src/migration/fsm/states/IdleState.ts'
    Imported via '../../../utils/Logger' from file 'C:/Users/17175/Desktop/spek template/src/migration/fsm/states/RollingBackState.ts'
    Imported via '../../../utils/Logger' from file 'C:/Users/17175/Desktop/spek template/src/migration/fsm/states/ValidatingStepState.ts'
    Imported via '../../../utils/Logger' from file 'C:/Users/17175/Desktop/spek template/src/migration/fsm/transitions/TransitionHub.ts'
    Imported via '../../utils/Logger' from file 'C:/Users/17175/Desktop/spek template/src/migration/orchestration/MigrationExecutor.ts'
    Imported via '../../../utils/Logger' from file 'C:/Users/17175/Desktop/spek template/src/migration/planning/dependencies/DependencyMapper.ts'
    Imported via '../../../utils/Logger' from file 'C:/Users/17175/Desktop/spek template/src/migration/planning/fsm/AnalysisStateMachine.ts'
    Imported via '../../../utils/Logger' from file 'C:/Users/17175/Desktop/spek template/src/migration/planning/fsm/AnalysisStateMachineRefactored.ts'
    Imported via '../../../../utils/Logger' from file 'C:/Users/17175/Desktop/spek template/src/migration/planning/fsm/core/TransitionHub.ts'
    Imported via '../../../../utils/Logger' from file 'C:/Users/17175/Desktop/spek template/src/migration/planning/fsm/core/BaseStateHandler.ts'
    Imported via '../../utils/Logger' from file 'C:/Users/17175/Desktop/spek template/src/migration/strategies/CanaryProtocolMigration.ts'
    Imported via '../../../utils/Logger' from file 'C:/Users/17175/Desktop/spek template/src/migration/strategies/canary/CanaryMigrationFacade.ts'
    Imported via '../../../utils/Logger' from file 'C:/Users/17175/Desktop/spek template/src/migration/strategies/canary/CanaryMigrationStateMachine.ts'
    Imported via '../../../../utils/Logger' from file 'C:/Users/17175/Desktop/spek template/src/migration/strategies/canary/handlers/CanaryDeploymentHandler.ts'
    Imported via '../../../../utils/Logger' from file 'C:/Users/17175/Desktop/spek template/src/migration/strategies/canary/handlers/CanaryTrafficHandler.ts'
    Imported via '../../../../utils/Logger' from file 'C:/Users/17175/Desktop/spek template/src/migration/strategies/canary/handlers/CanaryValidationHandler.ts'
    Imported via '../../../../utils/Logger' from file 'C:/Users/17175/Desktop/spek template/src/migration/strategies/canary/handlers/CanaryRollbackHandler.ts'
    Imported via '../../utils/Logger' from file 'C:/Users/17175/Desktop/spek template/src/migration/translation/ProtocolFacade.ts'
    Imported via '../../utils/Logger' from file 'C:/Users/17175/Desktop/spek template/src/migration/translation/ProtocolParser.ts'
    Imported via '../../utils/Logger' from file 'C:/Users/17175/Desktop/spek template/src/migration/translation/ProtocolSerializer.ts'
    Imported via '../../utils/Logger' from file 'C:/Users/17175/Desktop/spek template/src/migration/translation/ProtocolStateMachine.ts'
    Imported via '../../utils/Logger' from file 'C:/Users/17175/Desktop/spek template/src/migration/translation/ProtocolValidator.ts'
    Imported via '../../../utils/Logger' from file 'C:/Users/17175/Desktop/spek template/src/migration/translation/fsm/FormatRegistry.ts'
    Imported via '../../../utils/Logger' from file 'C:/Users/17175/Desktop/spek template/src/migration/translation/fsm/RuleProcessor.ts'
    Imported via '../../../utils/Logger' from file 'C:/Users/17175/Desktop/spek template/src/migration/translation/fsm/ValidationOrchestrator.ts'
    Imported via '../../../utils/Logger' from file 'C:/Users/17175/Desktop/spek template/src/migration/translation/fsm/PerformanceMonitor.ts'
    Imported via '../../../utils/Logger' from file 'C:/Users/17175/Desktop/spek template/src/migration/translation/fsm/ConversionEngine.ts'
    Imported via '../../../utils/Logger' from file 'C:/Users/17175/Desktop/spek template/src/migration/translation/fsm/BatchProcessor.ts'
    Imported via '../utils/Logger' from file 'C:/Users/17175/Desktop/spek template/src/networking/RealWebSocketServer.ts'
    Imported via '../../utils/Logger' from file 'C:/Users/17175/Desktop/spek template/src/princesses/deployment/BlueGreenDeployment.ts'
    Imported via '../../utils/Logger' from file 'C:/Users/17175/Desktop/spek template/src/princesses/deployment/ContainerOrchestrator.ts'
    Imported via '../../utils/Logger' from file 'C:/Users/17175/Desktop/spek template/src/princesses/deployment/DeploymentPrincess.ts'
    Imported via '../../utils/logger' from file 'C:/Users/17175/Desktop/spek template/src/protocols/a2a/A2AProtocolEngine.ts'
    Imported via '../../utils/logger' from file 'C:/Users/17175/Desktop/spek template/src/protocols/a2a/MessageRouter.ts'
    Imported via '../../utils/logger' from file 'C:/Users/17175/Desktop/spek template/src/protocols/a2a/ProtocolRegistry.ts'
    Imported via '../../utils/logger' from file 'C:/Users/17175/Desktop/spek template/src/protocols/docs/A2ADocumentationGenerator.ts'
    Imported via '../../../utils/logger' from file 'C:/Users/17175/Desktop/spek template/src/protocols/docs/fsm/DocGeneratorTypes.ts'
    Imported via '../../../utils/logger' from file 'C:/Users/17175/Desktop/spek template/src/protocols/docs/metrics/DocGeneratorMetrics.ts'
    Imported via '../../utils/logger' from file 'C:/Users/17175/Desktop/spek template/src/protocols/mcp/MCPBridge.ts'
    Imported via '../../utils/logger' from file 'C:/Users/17175/Desktop/spek template/src/swarm/coordination/TaskDistributor.ts'
    Imported via '../../../utils/logger' from file 'C:/Users/17175/Desktop/spek template/src/swarm/memory/development/ContextDNA.ts'
    Imported via '../../../utils/logger' from file 'C:/Users/17175/Desktop/spek template/src/swarm/memory/development/VectorStore.ts'
    Imported via '../../utils/logger' from file 'C:/Users/17175/Desktop/spek template/src/swarm/orchestration/SwarmInitializer.ts'
    Imported via '../../utils/logger' from file 'C:/Users/17175/Desktop/spek template/src/swarm/orchestration/GodObjectOrchestrator.ts'
    Imported via '../../utils/logger' from file 'C:/Users/17175/Desktop/spek template/src/swarm/queen/ShardingCoordinator.ts'
    Imported via '../../../utils/Logger' from file 'C:/Users/17175/Desktop/spek template/src/swarm/validation/fsm/DomainBoundaryManager.ts'
    Imported via '../../../utils/Logger' from file 'C:/Users/17175/Desktop/spek template/src/swarm/validation/fsm/ExclusivityValidator.ts'
    Imported via '../../../utils/Logger' from file 'C:/Users/17175/Desktop/spek template/src/swarm/validation/fsm/HandoffCoordinator.ts'
    Imported via '../../../utils/Logger' from file 'C:/Users/17175/Desktop/spek template/src/swarm/validation/fsm/ValidationEngine.ts'
    Matched by include pattern 'src/**/*' in 'C:/Users/17175/Desktop/spek template/tsconfig.json'
src/swarm/queen/ShardingCoordinator.ts(59,14): error TS2415: Class 'ShardingCoordinator' incorrectly extends base class 'import("C:/Users/17175/Desktop/spek template/node_modules/@types/node/events.d.ts")<DefaultEventMap>'.
  Property 'logger' is private in type 'ShardingCoordinator' but not in type 'import("C:/Users/17175/Desktop/spek template/node_modules/@types/node/events.d.ts")<DefaultEventMap>'.
src/swarm/queen/ShardingCoordinator.ts(247,27): error TS2304: Cannot find name 'TaskPriority'.
src/swarm/queen/ShardingCoordinator.ts(248,32): error TS2304: Cannot find name 'TaskPriority'.
src/swarm/queen/ShardingCoordinator.ts(315,27): error TS2304: Cannot find name 'TaskPriority'.
src/swarm/queen/ShardingCoordinator.ts(317,34): error TS2304: Cannot find name 'TaskPriority'.
src/swarm/queen/ShardingCoordinator.ts(359,71): error TS2345: Argument of type 'unknown' is not assignable to parameter of type 'Partial<LogContext> | undefined'.
src/swarm/reasoning/ConsultationClaritySystemFacade.ts(21,41): error TS2355: A function whose declared type is neither 'undefined', 'void', nor 'any' must return a value.
src/swarm/reasoning/fsm/ReasoningTransitionHub.ts(11,11): error TS2564: Property 'stateData' has no initializer and is not definitely assigned in the constructor.
src/swarm/reasoning/fsm/SystemBaseFSM.ts(51,9): error TS2353: Object literal may only specify known properties, and '[SystemState.IDLE]' does not exist in type 'FSMTransition[]'.
src/swarm/reasoning/fsm/SystemBaseFSM.ts(73,5): error TS2820: Type 'SystemState.IDLE' is not assignable to type 'FSMState'. Did you mean 'FSMState.IDLE'?
src/swarm/reasoning/rationalist/DecisionEngine.ts(312,14): error TS2678: Type '"risk"' is not comparable to type '"resource" | "time" | "technical" | "budget" | "regulatory"'.
src/swarm/remediation/execute_remediation.ts(21,26): error TS2339: Property 'getStatus' does not exist on type 'QueenRemediationOrchestrator'.
src/swarm/remediation/execute_remediation.ts(32,21): error TS2554: Expected 1-4 arguments, but got 0.
src/swarm/remediation/execute_remediation.ts(35,35): error TS2339: Property 'getStatus' does not exist on type 'QueenRemediationOrchestrator'.
src/swarm/remediation/execute_remediation_simple.ts(9,10): error TS2305: Module '"../hierarchy/PrincessAuditGate"' has no exported member 'PrincessAuditGate'.
src/swarm/remediation/execute_remediation_simple.ts(9,29): error TS2305: Module '"../hierarchy/PrincessAuditGate"' has no exported member 'SubagentWork'.
src/swarm/resolution/dependency/DependencyGraphEngine.ts(365,12): error TS7053: Element implicitly has an 'any' type because expression of type 'any' can't be used to index type '{ low: number; medium: number; high: number; critical: number; }'.
src/swarm/testing/fsm/IntegrationTestStateGuards.ts(5,15): error TS2307: Cannot find module './IntegrationTestStateGuardsFacade' or its corresponding type declarations.
src/swarm/testing/fsm/IntegrationTestTransitionHub.ts(5,15): error TS2307: Cannot find module './IntegrationTestTransitionHubFacade' or its corresponding type declarations.
src/swarm/testing/fsm/states/RunningBasicTestsState.ts(200,25): error TS18046: 'error' is of type 'unknown'.
src/swarm/validation/desktop-evidence-validator.ts(5,15): error TS2307: Cannot find module './desktop-evidence-validatorFacade' or its corresponding type declarations.
src/swarm/validation/desktop-quality-gates.ts(5,15): error TS2307: Cannot find module './desktop-quality-gatesFacade' or its corresponding type declarations.
src/swarm/validation/fsm/DomainBoundaryManager.ts(33,60): error TS2353: Object literal may only specify known properties, and 'limit' does not exist in type 'Partial<LogContext>'.
src/swarm/validation/fsm/DomainBoundaryManager.ts(39,57): error TS2353: Object literal may only specify known properties, and 'domainName' does not exist in type 'Partial<LogContext>'.
src/swarm/validation/fsm/DomainBoundaryManager.ts(53,9): error TS2353: Object literal may only specify known properties, and 'domainName' does not exist in type 'Partial<LogContext>'.
src/swarm/validation/fsm/DomainBoundaryManager.ts(62,9): error TS2353: Object literal may only specify known properties, and 'domainName' does not exist in type 'Partial<LogContext>'.
src/swarm/validation/fsm/DomainBoundaryManager.ts(117,47): error TS2353: Object literal may only specify known properties, and 'domainName' does not exist in type 'Partial<LogContext>'.
src/swarm/validation/fsm/DomainBoundaryManager.ts(159,69): error TS2353: Object literal may only specify known properties, and 'domainName' does not exist in type 'Partial<LogContext>'.
src/swarm/validation/fsm/DomainBoundaryManager.ts(165,7): error TS2353: Object literal may only specify known properties, and 'domainName' does not exist in type 'Partial<LogContext>'.
src/swarm/validation/fsm/DomainBoundaryManager.ts(183,58): error TS2353: Object literal may only specify known properties, and 'domainName' does not exist in type 'Partial<LogContext>'.
src/swarm/validation/fsm/DomainBoundaryManager.ts(206,65): error TS2353: Object literal may only specify known properties, and 'domainName' does not exist in type 'Partial<LogContext>'.
src/swarm/validation/fsm/DomainBoundaryManager.ts(211,57): error TS2353: Object literal may only specify known properties, and 'domainName' does not exist in type 'Partial<LogContext>'.
src/swarm/validation/fsm/DomainBoundaryManager.ts(217,9): error TS2353: Object literal may only specify known properties, and 'domainName' does not exist in type 'Partial<LogContext>'.
src/swarm/validation/fsm/DomainBoundaryManager.ts(387,47): error TS2353: Object literal may only specify known properties, and 'clearedCount' does not exist in type 'Partial<LogContext>'.
src/swarm/validation/fsm/ExclusivityValidator.ts(34,7): error TS2353: Object literal may only specify known properties, and 'domainCount' does not exist in type 'Partial<LogContext>'.
src/swarm/validation/fsm/ExclusivityValidator.ts(69,7): error TS2353: Object literal may only specify known properties, and 'pairsChecked' does not exist in type 'Partial<LogContext>'.
src/swarm/validation/fsm/ExclusivityValidator.ts(383,50): error TS2353: Object literal may only specify known properties, and 'clearedEntries' does not exist in type 'Partial<LogContext>'.
src/swarm/validation/fsm/ExhaustivenessValidator.ts(5,15): error TS2307: Cannot find module './ExhaustivenessValidatorFacade' or its corresponding type declarations.
src/swarm/validation/fsm/HandoffCoordinator.ts(45,7): error TS2353: Object literal may only specify known properties, and 'handoffId' does not exist in type 'Partial<LogContext>'.
src/swarm/validation/fsm/HandoffCoordinator.ts(95,9): error TS2353: Object literal may only specify known properties, and 'handoffId' does not exist in type 'Partial<LogContext>'.
src/swarm/validation/fsm/HandoffCoordinator.ts(108,9): error TS2353: Object literal may only specify known properties, and 'handoffId' does not exist in type 'Partial<LogContext>'.
src/swarm/validation/fsm/HandoffCoordinator.ts(331,72): error TS2353: Object literal may only specify known properties, and 'handoffId' does not exist in type 'Partial<LogContext>'.
src/swarm/validation/fsm/HandoffCoordinator.ts(345,7): error TS2353: Object literal may only specify known properties, and 'handoffId' does not exist in type 'Partial<LogContext>'.
src/swarm/validation/fsm/HandoffCoordinator.ts(477,7): error TS2353: Object literal may only specify known properties, and 'cleanedCount' does not exist in type 'Partial<LogContext>'.
src/swarm/validation/fsm/HandoffCoordinator.ts(501,7): error TS2353: Object literal may only specify known properties, and 'clearedActive' does not exist in type 'Partial<LogContext>'.
src/swarm/validation/fsm/ValidationEngine.ts(45,7): error TS2353: Object literal may only specify known properties, and 'validationId' does not exist in type 'Partial<LogContext>'.
src/swarm/validation/fsm/ValidationEngine.ts(77,48): error TS2353: Object literal may only specify known properties, and 'error' does not exist in type 'Partial<LogContext>'.
src/swarm/validation/fsm/ValidationEngine.ts(79,53): error TS2345: Argument of type 'unknown' is not assignable to parameter of type 'Error'.
src/swarm/validation/fsm/ValidationGuards.ts(6,10): error TS2305: Module '"./ValidationStates"' has no exported member 'ValidationStateContext'.
src/swarm/validation/fsm/ValidationGuards.ts(325,35): error TS7006: Parameter 'resp' implicitly has an 'any' type.
src/swarm/validation/fsm/ValidationReporter.ts(5,15): error TS2307: Cannot find module './ValidationReporterFacade' or its corresponding type declarations.
src/swarm/validation/fsm/ValidationStates.ts(5,15): error TS2307: Cannot find module './ValidationStatesFacade' or its corresponding type declarations.
src/swarm/validation/fsm/ValidationTransitionHub.ts(6,10): error TS2305: Module '"./ValidationStates"' has no exported member 'ValidationState'.
src/swarm/validation/fsm/ValidationTransitionHub.ts(6,27): error TS2305: Module '"./ValidationStates"' has no exported member 'ValidationEvent'.
src/swarm/validation/fsm/ValidationTransitionHub.ts(6,44): error TS2305: Module '"./ValidationStates"' has no exported member 'ValidationStateContext'.
src/swarm/validation/fsm/ValidationTransitionHub.ts(6,68): error TS2305: Module '"./ValidationStates"' has no exported member 'ValidationStateBase'.
src/swarm/validation/fsm/ValidationTransitionHub.ts(6,89): error TS2305: Module '"./ValidationStates"' has no exported member 'STATE_FACTORY'.
src/swarm/validation/fsm/ValidationTransitionHub.ts(270,35): error TS18046: 'error' is of type 'unknown'.
src/swarm/validation/fsm/ValidationTransitionHub.ts(274,23): error TS18046: 'error' is of type 'unknown'.
src/swarm/validation/quality-gates.ts(5,15): error TS2307: Cannot find module './quality-gatesFacade' or its corresponding type declarations.
src/swarm/workflow/stage-progression/StageProgressionValidator.ts(111,23): error TS2339: Property 'metadata' does not exist on type 'ProgressionEvidence'.
src/swarm/workflow/StageProgressionValidator.ts(12,10): error TS2395: Individual declarations in merged declaration 'StageProgressionValidator' must be all exported or all local.
src/swarm/workflow/StageProgressionValidator.ts(12,10): error TS2440: Import declaration conflicts with local declaration of 'StageProgressionValidator'.
src/swarm/workflow/StageProgressionValidator.ts(29,14): error TS2395: Individual declarations in merged declaration 'StageProgressionValidator' must be all exported or all local.
src/swarm/workflow/StageProgressionValidator.ts(34,5): error TS2740: Type 'StageProgressionValidator' is missing the following properties from type 'StageProgressionValidator': stateMachine, stage, validationResults, validateGate, and 15 more.
src/TalebBarbellEngine.ts(7,21): error TS2459: Module '"../types/base/primitives"' declares 'Milliseconds' locally, but it is not exported.
src/testing/core/SandboxTestExecutor.ts(219,9): error TS7006: Parameter 'sandbox' implicitly has an 'any' type.
src/testing/core/TestExecutor.ts(75,13): error TS2722: Cannot invoke an object which is possibly 'undefined'.
src/testing/core/TestExecutor.ts(75,29): error TS2554: Expected 0 arguments, but got 1.
src/testing/sandbox/ResourceMonitor.ts(106,21): error TS2769: No overload matches this call.
  Overload 1 of 2, '(timeout: string | number | Timeout | undefined): void', gave the following error.
    Argument of type 'Timer' is not assignable to parameter of type 'string | number | Timeout | undefined'.
      Type 'Timer' is missing the following properties from type 'Timeout': close, _onTimeout, [Symbol.dispose]
  Overload 2 of 2, '(id: number | undefined): void', gave the following error.
    Argument of type 'Timer' is not assignable to parameter of type 'number'.
src/testing/sandbox/ResourceMonitor.ts(164,67): error TS2694: Namespace '"os"' has no exported member 'CpuTimes'.
src/testing/sandbox/ResourceMonitor.ts(165,22): error TS7053: Element implicitly has an 'any' type because expression of type 'string | number | symbol' can't be used to index type '{ user: number; nice: number; sys: number; idle: number; irq: number; }'.
  No index signature with a parameter of type 'string' was found on type '{ user: number; nice: number; sys: number; idle: number; irq: number; }'.
src/testing/sandbox/SandboxManager.ts(9,21): error TS2307: Cannot find module 'fs-extra' or its corresponding type declarations.
src/testing/SandboxTestingFrameworkFacade.ts(62,7): error TS2322: Type '{ memory?: number | undefined; cpu?: number | undefined; timeout?: number | undefined; }' is not assignable to type '{ memory: number; cpu: number; timeout: number; }'.
  Types of property 'memory' are incompatible.
    Type 'number | undefined' is not assignable to type 'number'.
      Type 'undefined' is not assignable to type 'number'.
src/testing/SandboxTestingFrameworkFacade.ts(112,7): error TS2322: Type '{ memory?: number | undefined; cpu?: number | undefined; timeout?: number | undefined; }' is not assignable to type '{ memory: number; cpu: number; timeout: number; }'.
  Types of property 'memory' are incompatible.
    Type 'number | undefined' is not assignable to type 'number'.
      Type 'undefined' is not assignable to type 'number'.
src/testing/SandboxTestingFrameworkFacade.ts(158,7): error TS2322: Type '{ memory?: number | undefined; cpu?: number | undefined; timeout?: number | undefined; }' is not assignable to type '{ memory: number; cpu: number; timeout: number; }'.
  Types of property 'memory' are incompatible.
    Type 'number | undefined' is not assignable to type 'number'.
      Type 'undefined' is not assignable to type 'number'.
src/testing/SandboxTestingFrameworkFacade.ts(277,7): error TS2322: Type '{ memory?: number | undefined; cpu?: number | undefined; timeout?: number | undefined; }' is not assignable to type '{ memory: number; cpu: number; timeout: number; }'.
  Types of property 'memory' are incompatible.
    Type 'number | undefined' is not assignable to type 'number'.
      Type 'undefined' is not assignable to type 'number'.
src/tool-management-system.ts(7,21): error TS2459: Module '"../types/base/primitives"' declares 'Milliseconds' locally, but it is not exported.
src/TransitionHub.ts(7,21): error TS2459: Module '"../types/base/primitives"' declares 'Milliseconds' locally, but it is not exported.
src/types/domains/debug-types.ts(15,23): error TS2304: Cannot find name 'DebugArtifact'.
src/types/domains/debug-types.ts(71,29): error TS2304: Cannot find name 'FileSystemSnapshot'.
src/types/domains/debug-types.ts(72,26): error TS2304: Cannot find name 'NetworkSnapshot'.
src/types/domains/debug-types.ts(73,32): error TS2304: Cannot find name 'ConfigurationSnapshot'.
src/types/domains/debug-types.ts(74,23): error TS2304: Cannot find name 'ErrorLog'.
src/types/domains/debug-types.ts(80,17): error TS2304: Cannot find name 'CpuSnapshot'.
src/types/domains/debug-types.ts(106,23): error TS2304: Cannot find name 'CoverageInfo'.
src/types/domains/debug-types.ts(181,24): error TS2304: Cannot find name 'StrategyCondition'.
src/types/domains/debug-types.ts(182,30): error TS2304: Cannot find name 'DebugOutcome'.
src/types/domains/debug-types.ts(189,24): error TS2304: Cannot find name 'StepValidation'.
src/types/domains/debug-types.ts(190,26): error TS2304: Cannot find name 'RetryPolicy'.
src/types/domains/dspy-integration-types.ts(5,10): error TS2305: Module '"../base/common"' has no exported member 'BaseResult'.
src/types/domains/dspy-integration-types.ts(5,22): error TS2305: Module '"../base/common"' has no exported member 'BaseConfig'.
src/types/domains/quality-gate-types.ts(5,10): error TS2305: Module '"../base/common"' has no exported member 'BaseResult'.
src/types/domains/quality-gate-types.ts(5,22): error TS2305: Module '"../base/common"' has no exported member 'BaseConfig'.
src/types/domains/quality-gate-types.ts(5,34): error TS2305: Module '"../base/common"' has no exported member 'BaseOrchestrator'.
src/types/FallbackChainTypes.ts(7,21): error TS2459: Module '"../../types/base/primitives"' declares 'Milliseconds' locally, but it is not exported.
src/types/index.ts(11,1): error TS2308: Module './missing-types' has already exported a member named 'DebugState'. Consider explicitly re-exporting to resolve the ambiguity.
src/types/index.ts(12,1): error TS2308: Module './missing-types' has already exported a member named 'ArtifactQualityMetrics'. Consider explicitly re-exporting to resolve the ambiguity.
src/types/index.ts(12,1): error TS2308: Module './missing-types' has already exported a member named 'ArtifactSystemIntegration'. Consider explicitly re-exporting to resolve the ambiguity.
src/types/index.ts(12,1): error TS2308: Module './missing-types' has already exported a member named 'CICDIntegration'. Consider explicitly re-exporting to resolve the ambiguity.
src/types/index.ts(12,1): error TS2308: Module './missing-types' has already exported a member named 'DashboardMetrics'. Consider explicitly re-exporting to resolve the ambiguity.
src/types/index.ts(12,1): error TS2308: Module './missing-types' has already exported a member named 'EnterpriseConfiguration'. Consider explicitly re-exporting to resolve the ambiguity.
src/types/index.ts(12,1): error TS2308: Module './missing-types' has already exported a member named 'EnterpriseQualityConfig'. Consider explicitly re-exporting to resolve the ambiguity.
src/types/index.ts(12,1): error TS2308: Module './missing-types' has already exported a member named 'OverheadReport'. Consider explicitly re-exporting to resolve the ambiguity.
src/types/index.ts(12,1): error TS2308: Module './missing-types' has already exported a member named 'PerformanceOverheadValidator'. Consider explicitly re-exporting to resolve the ambiguity.
src/types/index.ts(12,1): error TS2308: Module './missing-types' has already exported a member named 'QualityDashboard'. Consider explicitly re-exporting to resolve the ambiguity.
src/types/index.ts(12,1): error TS2308: Module './missing-types' has already exported a member named 'QualityGateConfig'. Consider explicitly re-exporting to resolve the ambiguity.
src/types/index.ts(12,1): error TS2308: Module './missing-types' has already exported a member named 'QualityGateEngine'. Consider explicitly re-exporting to resolve the ambiguity.
src/types/index.ts(12,1): error TS2308: Module './missing-types' has already exported a member named 'QualityGateOrchestrator'. Consider explicitly re-exporting to resolve the ambiguity.
src/types/index.ts(12,1): error TS2308: Module './missing-types' has already exported a member named 'QualityGateResult'. Consider explicitly re-exporting to resolve the ambiguity.
src/types/index.ts(12,1): error TS2308: Module './missing-types' has already exported a member named 'QualityGateRule'. Consider explicitly re-exporting to resolve the ambiguity.
src/types/index.ts(12,1): error TS2308: Module './missing-types' has already exported a member named 'QualityMetrics'. Consider explicitly re-exporting to resolve the ambiguity.
src/types/index.ts(12,1): error TS2308: Module './missing-types' has already exported a member named 'QualityThresholds'. Consider explicitly re-exporting to resolve the ambiguity.
src/types/index.ts(12,1): error TS2308: Module './missing-types' has already exported a member named 'QualityViolation'. Consider explicitly re-exporting to resolve the ambiguity.
src/types/index.ts(12,1): error TS2308: Module './missing-types' has already exported a member named 'isValidQualityGateConfig'. Consider explicitly re-exporting to resolve the ambiguity.
src/types/index.ts(12,1): error TS2308: Module './missing-types' has already exported a member named 'isValidQualityMetrics'. Consider explicitly re-exporting to resolve the ambiguity.
src/types/index.ts(13,1): error TS2308: Module './domains/debug-types' has already exported a member named 'ValidationRule'. Consider explicitly re-exporting to resolve the ambiguity.
src/types/index.ts(13,1): error TS2308: Module './missing-types' has already exported a member named 'AgentSignature'. Consider explicitly re-exporting to resolve the ambiguity.
src/types/index.ts(13,1): error TS2308: Module './missing-types' has already exported a member named 'AgentSignatureRegistry'. Consider explicitly re-exporting to resolve the ambiguity.
src/types/index.ts(13,1): error TS2308: Module './missing-types' has already exported a member named 'ClaudeCodeDSPyInterface'. Consider explicitly re-exporting to resolve the ambiguity.
src/types/index.ts(13,1): error TS2308: Module './missing-types' has already exported a member named 'QualityViolation'. Consider explicitly re-exporting to resolve the ambiguity.
src/types/index.ts(13,1): error TS2308: Module './missing-types' has already exported a member named 'SwarmState'. Consider explicitly re-exporting to resolve the ambiguity.
src/types/index.ts(16,1): error TS2308: Module './domains/debug-types' has already exported a member named 'TestResult'. Consider explicitly re-exporting to resolve the ambiguity.
src/types/index.ts(16,1): error TS2308: Module './domains/quality-gate-types' has already exported a member named 'PerformanceMetrics'. Consider explicitly re-exporting to resolve the ambiguity.
src/types/index.ts(17,1): error TS2308: Module './missing-types' has already exported a member named 'QualityDashboard'. Consider explicitly re-exporting to resolve the ambiguity.
src/types/index.ts(17,1): error TS2308: Module './missing-types' has already exported a member named 'QualityGateEngine'. Consider explicitly re-exporting to resolve the ambiguity.
src/types/index.ts(17,1): error TS2308: Module './missing-types' has already exported a member named 'QualityGateOrchestrator'. Consider explicitly re-exporting to resolve the ambiguity.
src/types/index.ts(17,1): error TS2308: Module './missing-types' has already exported a member named 'QualityGateResult'. Consider explicitly re-exporting to resolve the ambiguity.
src/types/index.ts(17,1): error TS2308: Module './performance-types' has already exported a member named 'DecisionMatrix'. Consider explicitly re-exporting to resolve the ambiguity.
src/types/index.ts(17,1): error TS2308: Module './performance-types' has already exported a member named 'GateMetrics'. Consider explicitly re-exporting to resolve the ambiguity.
src/types/index.ts(17,1): error TS2308: Module './performance-types' has already exported a member named 'NASAMetrics'. Consider explicitly re-exporting to resolve the ambiguity.
src/types/index.ts(17,1): error TS2308: Module './performance-types' has already exported a member named 'RemediationAction'. Consider explicitly re-exporting to resolve the ambiguity.
src/types/index.ts(17,1): error TS2308: Module './performance-types' has already exported a member named 'TrendMetrics'. Consider explicitly re-exporting to resolve the ambiguity.
src/types/index.ts(18,1): error TS2308: Module './missing-types' has already exported a member named 'ExtractedRelationship'. Consider explicitly re-exporting to resolve the ambiguity.
src/types/index.ts(18,1): error TS2308: Module './missing-types' has already exported a member named 'QueryExecutionStep'. Consider explicitly re-exporting to resolve the ambiguity.
src/types/index.ts(18,1): error TS2308: Module './missing-types' has already exported a member named 'QueryFilter'. Consider explicitly re-exporting to resolve the ambiguity.
src/types/index.ts(18,1): error TS2308: Module './missing-types' has already exported a member named 'QueryOptimizer'. Consider explicitly re-exporting to resolve the ambiguity.
src/types/index.ts(18,1): error TS2308: Module './missing-types' has already exported a member named 'QueryScope'. Consider explicitly re-exporting to resolve the ambiguity.
src/types/index.ts(18,1): error TS2308: Module './missing-types' has already exported a member named 'ResearchQuery'. Consider explicitly re-exporting to resolve the ambiguity.
src/types/index.ts(19,1): error TS2308: Module './missing-types' has already exported a member named 'TaskAssignment'. Consider explicitly re-exporting to resolve the ambiguity.
src/types/index.ts(19,1): error TS2308: Module './missing-types' has already exported a member named 'TaskPriority'. Consider explicitly re-exporting to resolve the ambiguity.
src/types/index.ts(20,1): error TS2308: Module './domains/debug-types' has already exported a member named 'TestResult'. Consider explicitly re-exporting to resolve the ambiguity.
src/types/index.ts(21,1): error TS2308: Module './base/common' has already exported a member named 'ValidationMetadata'. Consider explicitly re-exporting to resolve the ambiguity.
src/types/index.ts(21,1): error TS2308: Module './base/common' has already exported a member named 'ValidationResult'. Consider explicitly re-exporting to resolve the ambiguity.
src/types/index.ts(21,1): error TS2308: Module './base/common' has already exported a member named 'ValidationWarning'. Consider explicitly re-exporting to resolve the ambiguity.
src/types/index.ts(21,1): error TS2308: Module './base/primitives' has already exported a member named 'ValidationError'. Consider explicitly re-exporting to resolve the ambiguity.
src/types/index.ts(21,1): error TS2308: Module './domains/debug-types' has already exported a member named 'ValidationRule'. Consider explicitly re-exporting to resolve the ambiguity.
src/types/index.ts(21,1): error TS2308: Module './fsm-types' has already exported a member named 'FSMValidationResult'. Consider explicitly re-exporting to resolve the ambiguity.
src/types/index.ts(23,1): error TS2308: Module './base/common' has already exported a member named 'ResultMetadata'. Consider explicitly re-exporting to resolve the ambiguity.
src/types/index.ts(23,1): error TS2308: Module './base/primitives' has already exported a member named 'isComplianceScore'. Consider explicitly re-exporting to resolve the ambiguity.
src/types/index.ts(23,1): error TS2308: Module './domains/debug-types' has already exported a member named 'ArtifactContent'. Consider explicitly re-exporting to resolve the ambiguity.
src/types/index.ts(23,1): error TS2308: Module './domains/quality-gate-types' has already exported a member named 'ComplianceRequirement'. Consider explicitly re-exporting to resolve the ambiguity.
src/types/index.ts(23,1): error TS2308: Module './domains/quality-gate-types' has already exported a member named 'ComplianceStandard'. Consider explicitly re-exporting to resolve the ambiguity.
src/types/index.ts(23,1): error TS2308: Module './performance-types' has already exported a member named 'RemediationAction'. Consider explicitly re-exporting to resolve the ambiguity.
src/types/missing-types.ts(6,10): error TS2305: Module '"./base/common"' has no exported member 'BaseResult'.
src/types/missing-types.ts(6,22): error TS2305: Module '"./base/common"' has no exported member 'BaseConfig'.
src/types/missing-types.ts(6,34): error TS2305: Module '"./base/common"' has no exported member 'BaseOrchestrator'.
src/types/quality-types.ts(69,5): error TS2304: Cannot find name 'result'.
src/types/quality-types.ts(70,51): error TS2304: Cannot find name 'result'.
src/types/quality-types.ts(71,12): error TS2304: Cannot find name 'result'.
src/types/swarm-types-fsm/swarm-typesFacade.ts(4,10): error TS2724: '"./SwarmTypesCore"' has no exported member named 'SwarmTypesCore'. Did you mean 'SwarmTypesCoreType'?
src/types/swarm-types-fsm/swarm-typesFacade.ts(5,10): error TS2724: '"./SwarmTypesStateMachine"' has no exported member named 'SwarmTypesStateMachine'. Did you mean 'SwarmTypesStateMachineType'?
src/types/swarm-types-fsm/swarm-typesFacade.ts(26,16): error TS2304: Cannot find name 'swarm'.
src/types/swarm-types-fsm/swarm-typesFacade.ts(26,22): error TS2304: Cannot find name 'typesFacade'.
src/types/swarm-types-fsm/swarm-typesTypes.ts(8,32): error TS2304: Cannot find name 'CoordinationStrategy'.
src/types/swarm-types-fsm/swarm-typesTypes.ts(9,31): error TS2304: Cannot find name 'Duration'.
src/types/swarm-types-fsm/swarm-typesTypes.ts(16,24): error TS2304: Cannot find name 'PrincessDomain'.
src/types/swarm-types-fsm/swarm-typesTypes.ts(18,20): error TS2304: Cannot find name 'TaskPriority'.
src/types/swarm-types-fsm/swarm-typesTypes.ts(20,21): error TS2304: Cannot find name 'Deadline'.
src/types/swarm-types-fsm/swarm-typesTypes.ts(23,21): error TS2304: Cannot find name 'Timestamp'.
src/types/swarm-types-fsm/swarm-typesTypes.ts(27,22): error TS2304: Cannot find name 'ComplexityScore'.
src/types/swarm-types-fsm/swarm-typesTypes.ts(28,29): error TS2304: Cannot find name 'Duration'.
src/types/swarm-types-fsm/swarm-typesTypes.ts(29,32): error TS2304: Cannot find name 'ResourceRequirements'.
src/types/swarm-types-fsm/swarm-typesTypes.ts(30,27): error TS2304: Cannot find name 'ComplianceLevel'.
src/utilities/memory/AccessControl.ts(44,27): error TS2322: Type 'Map<PrincessDomain.INFRASTRUCTURE | PrincessDomain.RESEARCH | PrincessDomain.SYSTEM, { domain: PrincessDomain.INFRASTRUCTURE; maxSharedMemory: number; allowedDataTypes: string[]; defaultPermissions: { ...; }; rateLimits: { ...; }; retentionPolicies: { ...; }; } | { ...; } | { ...; }>' is not assignable to type 'Map<PrincessDomain, MemoryAccessPolicy>'.
  Type '{ domain: PrincessDomain.INFRASTRUCTURE; maxSharedMemory: number; allowedDataTypes: string[]; defaultPermissions: { read: true; write: true; admin: false; }; rateLimits: { requestsPerMinute: number; dataTransferPerMinute: number; }; retentionPolicies: { ...; }; } | { ...; } | { ...; }' is not assignable to type 'MemoryAccessPolicy'.
    Type '{ domain: PrincessDomain.INFRASTRUCTURE; maxSharedMemory: number; allowedDataTypes: string[]; defaultPermissions: { read: true; write: true; admin: false; }; rateLimits: { requestsPerMinute: number; dataTransferPerMinute: number; }; retentionPolicies: { ...; }; }' is not assignable to type 'MemoryAccessPolicy'.
      Types of property 'retentionPolicies' are incompatible.
        Type '{ state: number; configuration: number; results: number; coordination: number; notification?: undefined; }' is not assignable to type 'Record<string, number>'.
          Property ''notification'' is incompatible with index signature.
            Type 'undefined' is not assignable to type 'number'.
src/utilities/memory/AccessControl.ts(155,5): error TS2322: Type 'boolean | undefined' is not assignable to type 'boolean'.
  Type 'undefined' is not assignable to type 'boolean'.
src/utilities/messaging/index.ts(6,34): error TS2300: Duplicate identifier 'CrossDomainMessage'.
src/utilities/messaging/index.ts(11,3): error TS2300: Duplicate identifier 'CrossDomainMessage'.
src/validation/context/ContextValidatorFacade.ts(95,11): error TS2416: Property 'initialize' in type 'ContextValidator' is not assignable to the same property in base type 'import("C:/Users/17175/Desktop/spek template/node_modules/@types/node/events.d.ts")<DefaultEventMap>'.
  Type '(config: ContextValidationConfig) => void' is not assignable to type '() => Promise<void>'.
    Target signature provides too few arguments. Expected 1 or more, but got 0.
src/validation/context/DataValidator.ts(101,43): error TS2345: Argument of type '(data: any) => number' is not assignable to parameter of type '(data: any) => string'.
  Type 'number' is not assignable to type 'string'.
src/validation/context/DataValidator.ts(117,7): error TS2322: Type '"completeness"' is not assignable to type '"format" | "integrity" | "business" | "consistency"'.
src/validation/context/RuleEngine.ts(224,15): error TS18046: 'e' is of type 'unknown'.
src/validation/context/SchemaValidator.ts(256,34): error TS2488: Type 'true | string[]' must have a '[Symbol.iterator]()' method that returns an iterator.
src/validation/context/SchemaValidator.ts(306,32): error TS2345: Argument of type 'Schema | SchemaProperty | undefined' is not assignable to parameter of type 'Schema | SchemaProperty'.
  Type 'undefined' is not assignable to type 'Schema | SchemaProperty'.
src/validation/fsm/components/RuleEngine.ts(120,46): error TS18046: 'error' is of type 'unknown'.
src/validation/fsm/components/ValidationReporter.ts(240,17): error TS2339: Property 'summary' does not exist on type 'ValidationContext'.
src/validation/fsm/states/CheckingState.ts(59,33): error TS2540: Cannot assign to 'summary' because it is a read-only property.
src/validation/gates/ProductionGate.ts(143,28): error TS2339: Property 'validateProductionReadiness' does not exist on type 'ProductionReadinessValidator'.
src/validation/gates/ProductionGate.ts(149,25): error TS2339: Property 'validateCompliance' does not exist on type 'POT10RuleEngine'.
src/validation/gates/ProductionGate.ts(155,26): error TS2339: Property 'scanForTheater' does not exist on type 'TheaterScanner'.
src/validation/gates/ProductionGate.ts(160,65): error TS2554: Expected 0-1 arguments, but got 2.
src/validation/gates/ProductionGate.ts(161,27): error TS2339: Property 'analyzeCoverage' does not exist on type 'TestCoverageAnalyzer'.
src/validation/gates/ProductionGate.ts(188,27): error TS2339: Property 'overallScore' does not exist on type 'ProductionReadinessResult'.
src/validation/gates/ProductionGate.ts(189,45): error TS2339: Property 'overallScore' does not exist on type 'ProductionReadinessResult'.
src/validation/gates/ProductionGate.ts(194,21): error TS2339: Property 'overallScore' does not exist on type 'ProductionReadinessResult'.
src/validation/gates/ProductionGate.ts(198,34): error TS2339: Property 'overallScore' does not exist on type 'ProductionReadinessResult'.
src/validation/gates/ProductionGate.ts(198,57): error TS2339: Property 'maxScore' does not exist on type 'ProductionReadinessResult'.
src/validation/gates/ProductionGate.ts(199,33): error TS2339: Property 'details' does not exist on type 'ProductionReadinessResult'.
src/validation/gates/ProductionGate.ts(199,69): error TS2339: Property 'details' does not exist on type 'ProductionReadinessResult'.
src/validation/gates/ProductionGate.ts(200,34): error TS2339: Property 'details' does not exist on type 'ProductionReadinessResult'.
src/validation/gates/ProductionGate.ts(200,71): error TS2339: Property 'details' does not exist on type 'ProductionReadinessResult'.
src/validation/gates/ProductionGate.ts(201,29): error TS2339: Property 'details' does not exist on type 'ProductionReadinessResult'.
src/validation/gates/ProductionGate.ts(201,62): error TS2339: Property 'details' does not exist on type 'ProductionReadinessResult'.
src/validation/gates/ProductionGate.ts(202,31): error TS2339: Property 'details' does not exist on type 'ProductionReadinessResult'.
src/validation/gates/ProductionGate.ts(202,66): error TS2339: Property 'details' does not exist on type 'ProductionReadinessResult'.
src/validation/gates/ProductionGate.ts(221,27): error TS2339: Property 'overallCompliance' does not exist on type 'POT10ComplianceResult'.
src/validation/gates/ProductionGate.ts(222,45): error TS2339: Property 'overallCompliance' does not exist on type 'POT10ComplianceResult'.
src/validation/gates/ProductionGate.ts(227,21): error TS2339: Property 'overallCompliance' does not exist on type 'POT10ComplianceResult'.
src/validation/gates/ProductionGate.ts(231,39): error TS2339: Property 'overallCompliance' does not exist on type 'POT10ComplianceResult'.
src/validation/gates/ProductionGate.ts(232,33): error TS2339: Property 'summary' does not exist on type 'POT10ComplianceResult'.
src/validation/gates/ProductionGate.ts(233,33): error TS2339: Property 'summary' does not exist on type 'POT10ComplianceResult'.
src/validation/gates/ProductionGate.ts(234,40): error TS2339: Property 'criticalViolations' does not exist on type 'POT10ComplianceResult'.
src/validation/gates/ProductionGate.ts(235,37): error TS2339: Property 'ruleResults' does not exist on type 'POT10ComplianceResult'.
src/validation/gates/ProductionGate.ts(235,57): error TS7006: Parameter 'sum' implicitly has an 'any' type.
src/validation/gates/ProductionGate.ts(235,62): error TS7006: Parameter 'r' implicitly has an 'any' type.
src/validation/gates/ProductionGate.ts(287,27): error TS2339: Property 'overallCoverage' does not exist on type 'CoverageAnalysisResult'.
src/validation/gates/ProductionGate.ts(288,45): error TS2339: Property 'overallCoverage' does not exist on type 'CoverageAnalysisResult'.
src/validation/gates/ProductionGate.ts(293,21): error TS2339: Property 'overallCoverage' does not exist on type 'CoverageAnalysisResult'.
src/validation/gates/ProductionGate.ts(297,37): error TS2339: Property 'overallCoverage' does not exist on type 'CoverageAnalysisResult'.
src/validation/gates/ProductionGate.ts(298,39): error TS2339: Property 'coverageByType' does not exist on type 'CoverageAnalysisResult'.
src/validation/gates/ProductionGate.ts(299,36): error TS2339: Property 'coverageByType' does not exist on type 'CoverageAnalysisResult'.
src/validation/gates/ProductionGate.ts(300,38): error TS2339: Property 'coverageByType' does not exist on type 'CoverageAnalysisResult'.
src/validation/gates/ProductionGate.ts(301,36): error TS2339: Property 'uncoveredFiles' does not exist on type 'CoverageAnalysisResult'.
src/validation/production/DeploymentValidator.ts(5,15): error TS2307: Cannot find module './facade' or its corresponding type declarations.
src/validation/production/ProductionReadinessValidatorFacade.ts(24,10): error TS2551: Property '_config' does not exist on type 'ProductionReadinessValidatorFacade'. Did you mean 'config'?
src/validation/production/ProductionReadinessValidatorFacade.ts(108,5): error TS2304: Cannot find name 'result'.
src/validation/production/ProductionReadinessValidatorFacade.ts(110,10): error TS2304: Cannot find name 'result'.
src/validation/production/ProductionReadinessValidatorFacade.ts(111,10): error TS2304: Cannot find name 'result'.
src/validation/production/ProductionReadinessValidatorFacade.ts(112,13): error TS2304: Cannot find name 'result'.
src/validation/production/ProductionReadinessValidatorFacade.ts(113,13): error TS2304: Cannot find name 'result'.
src/validation/stages/ValidationEngine.ts(215,11): error TS2345: Argument of type 'boolean | Promise<boolean>' is not assignable to parameter of type 'Promise<boolean>'.
  Type 'boolean' is not assignable to type 'Promise<boolean>'.
src/validation/testing/TestCoverageAnalyzerFacade.ts(34,10): error TS2551: Property '_config' does not exist on type 'TestCoverageAnalyzerFacade'. Did you mean 'config'?
src/validation/testing/TestCoverageAnalyzerFacade.ts(41,24): error TS2304: Cannot find name 'files'.
src/validation/testing/TestCoverageAnalyzerFacade.ts(44,9): error TS1117: An object literal cannot have multiple properties with the same name.
src/validation/testing/TestCoverageAnalyzerFacade.ts(61,21): error TS2304: Cannot find name 'files'.
src/validation/testing/TestCoverageAnalyzerFacade.ts(62,23): error TS2304: Cannot find name 'files'.
src/validation/theater/TheaterScanner.ts(12,3): error TS2459: Module '"./TheaterScannerFSM"' declares 'TheaterScanResult' locally, but it is not exported.
src/validation/theater/TheaterScanner.ts(13,3): error TS2459: Module '"./TheaterScannerFSM"' declares 'TheaterPattern' locally, but it is not exported.
src/validation/theater/TheaterScanner.ts(14,3): error TS2459: Module '"./TheaterScannerFSM"' declares 'TheaterType' locally, but it is not exported.
src/validation/theater/TheaterScannerFSM.ts(58,14): error TS2415: Class 'TheaterScannerFSM' incorrectly extends base class 'MonitoringHub<TheaterScanData, TheaterScanResult>'.
  Property 'checkThresholds' is private in type 'MonitoringHub<TheaterScanData, TheaterScanResult>' but not in type 'TheaterScannerFSM'.
src/validation/theater/TheaterScannerFSM.ts(59,11): error TS2564: Property 'patternDetectors' has no initializer and is not definitely assigned in the constructor.
src/validation/ValidationRunner.ts(286,35): error TS2339: Property 'ruleResults' does not exist on type 'POT10ComplianceResult'.
src/validation/ValidationRunner.ts(286,51): error TS7006: Parameter 'rule' implicitly has an 'any' type.
src/validation/ValidationRunner.ts(295,23): error TS7006: Parameter 'v' implicitly has an 'any' type.
src/validation/ValidationRunner.ts(301,35): error TS2339: Property 'criticalViolations' does not exist on type 'POT10ComplianceResult'.
src/validation/ValidationRunner.ts(303,35): error TS2339: Property 'criticalViolations' does not exist on type 'POT10ComplianceResult'.
src/validation/ValidationRunner.ts(303,58): error TS7006: Parameter 'v' implicitly has an 'any' type.
src/validation/ValidationRunnerFixed.ts(123,74): error TS2554: Expected 1-2 arguments, but got 3.
src/validation/ValidationRunnerFixed.ts(137,67): error TS2554: Expected 1-2 arguments, but got 3.
src/validation/ValidationRunnerFixed.ts(328,35): error TS2339: Property 'ruleResults' does not exist on type 'POT10ComplianceResult'.
src/validation/ValidationRunnerFixed.ts(328,51): error TS7006: Parameter 'rule' implicitly has an 'any' type.
src/validation/ValidationRunnerFixed.ts(337,23): error TS7006: Parameter 'v' implicitly has an 'any' type.
src/validation/ValidationRunnerFixed.ts(343,35): error TS2339: Property 'criticalViolations' does not exist on type 'POT10ComplianceResult'.
src/validation/ValidationRunnerFixed.ts(345,35): error TS2339: Property 'criticalViolations' does not exist on type 'POT10ComplianceResult'.
src/validation/ValidationRunnerFixed.ts(345,58): error TS7006: Parameter 'v' implicitly has an 'any' type.
src/ValidationStates.ts(7,21): error TS2459: Module '"../types/base/primitives"' declares 'Milliseconds' locally, but it is not exported.
src/workflow/core/StepExecutor.ts(189,9): error TS2322: Type 'unknown' is not assignable to type 'Error | null'.
src/workflow/core/StepExecutor.ts(301,20): error TS2367: This comparison appears to be unintentional because the types 'StepState.IDLE | StepState.QUEUED | StepState.COMPLETED | StepState.FAILED | StepState.SKIPPED' and 'StepState.EXECUTING' have no overlap.
src/WorkflowStateMachine.ts(7,21): error TS2459: Module '"../types/base/primitives"' declares 'Milliseconds' locally, but it is not exported.
types/base/primitives.ts(7,41): error TS2307: Cannot find module '../../../types/base/primitives' or its corresponding type declarations.
